id,domainID,Domain,RclID,RCL,RCL_startPosition,RCL_endPosition,DomainType,linkerID,Linker,LinkerType,Linker_startPosition,Linker_endPosition
1,IRD-1,QICINCCAGKKGCNYFSADGTFICEGESEYVSEVNDNLEKHCPRNCDPRIAYVICPRS,RL-1,CPRNC,41,45,1,,,,,
2,IRD-2,QICTNCCAGKKGCMYFSDDGTFICEGESEYVSEVPVDNKPCPRNCDGRIAYGICPLS,RL-1,CPRNC,40,44,1,,,,,
3,IRD-3,QICTNCCAGKKGCMYFSNDGTFICEGESEYVSEVPVDNKPCPRNCDGRIAYGICPLS,RL-1,CPRNC,40,44,1,,,,,
4,IRD-4,VGCTNCCSGTEGCNYYSANGTFICEGQTKKTIDETNKACPRNCNPRIAYSICPGN,RL-1,CPRNC,38,42,1,,,,,
5,IRD-5,LGCTNCCAGSLGCNYYSANGTFICEGESEIKVETIETEVETMVEPNKICPRNCDPKIRYG,RL-1,CPRNC,48,52,1,,,,,
6,IRD-6,VGCTNCCAAKKGCNYFSANGTFVCEGETETKVETIETEVETMVELNKVCPFNCDGRISYS,RL-5,CPFNC,48,52,1,,,,,
7,IRD-7,GICTNCCAGKKGCYYFSVDGTFICEGESDYVSKIKNDVGKACPFNCDPRITYGICPHS,RL-5,CPFNC,41,45,1,,,,,
8,IRD-8,VGCTNCCSGTEGCNYFSANGTFICEGQTKKTIDETNKVCPFNCNPRIAYSICPGN,RL-5,CPFNC,38,42,1,,,,,
9,IRD-9,TGCTTCCTGYTDCYYFGKDGKFVCEGESIEPKACTLECDSRLH,RL-9,CTLEC,33,37,1,,,,,
10,IRD-10,TGCTTCCTGYKGCYYFGKDGKFVCEGESTEPKACTLECDPRVAYMTCPST,RL-9,CTLEC,33,37,1,,,,,
11,IRD-11,TGCTTCCTGYKGCYYFGKDGKFVCEGESTEPKACTLECDPRVAYMTCPSA,RL-9,CTLEC,33,37,1,,,,,
12,IRD-12,TGCTTCCTGYKGCYYFGKDGKFLCEGESTEPKACTLECDPRVAYMTCPST,RL-9,CTLEC,33,37,1,,,,,
13,IRD-13,TGCTTCCTGYKGCYYFGKDGKFVCEGESIEPKACTLECDSRVAYMTCPSS,RL-9,CTLEC,33,37,1,,,,,
14,IRD-14,TGCTTCCTGYKGCYYFGHDGKFVCEGQSSEPRACTLECDPKVAYMTCPSS,RL-9,CTLEC,33,37,1,,,,,
15,IRD-15,TECTTCCTGYKGCYYFGHDGKFVCEGQSSEPRACTLECDPKVAYMTCPSS,RL-9,CTLEC,33,37,1,,,,,
16,IRD-16,KICTKECGNLGFGICPRSEGSPKNPICINCCSGYKGCNYYSVFGRFICEG,RL-10,CTKEC,2,6,1,L-46,EGSPK,2,18,22
17,IRD-17,KICTKECLNVGYMICPSSGPQKLHPSCTNCCRAQKGCKLYRSDGTLICT,RL-10,CTKEC,2,6,1,,,,,
18,IRD-18,GLCTNCCAGKKGCKYFSKDGTYICDGESEWVSEKNNNLKKACTKECDTRIDFGICPLL,RL-10,CTKEC,41,45,1,,,,,
19,IRD-19,GLCTNCCAGKKGCKYFSKDGTYICDGESEWVSEKDNNLEKDCTKECDTRIDFGICPLL,RL-10,CTKEC,41,45,1,L-58,EKDNN,2,32,36
20,IRD-20,TGCTTCCTGYKGCYYFGQDGEFVCEGESIEPKGCTKECDPRVAYMTCPSS,RL-10,CTKEC,33,37,1,,,,,
21,IRD-21,GICINCCSGFKECKYFSKDYTFICDGESKDWESRKACSKECDRRIEFGICVTD,RL-13,CSKEC,36,40,1,,,,,
22,IRD-22,GICINCCSGYKECKYFSKDYTFICDGESKDWQSRKACSKECDRRIEFGICVTD,RL-13,CSKEC,36,40,1,,,,,
23,IRD-23,GICINCCSGYKECKYFSKDYTFICDGESTDWQSGKACSKECDRRIEFGICVTD,RL-13,CSKEC,36,40,1,,,,,
24,IRD-24,GICINCCSGFKECKYFSKDYTFICDGESKDWESRKACSKECDRRIEIGICVTD,RL-13,CSKEC,36,40,1,,,,,
25,IRD-25,GICINCCSGFKECKYFSKDYTLICDGESKDWESRKACSKECDRRIEFGICVTD,RL-13,CSKEC,36,40,1,,,,,
26,IRD-26,PLCVNCCSGKIGCKYFNKNGTFICDGGSEWDGRKACSKECDPRIDIGFCAYV,RL-13,CSKEC,35,39,1,,,,,
27,IRD-27,TGCTTCCTGYKGCYYFGQEGEFVCEGESIEPKGCTQECDPRVAYMTCPSS,RL-18,CTQEC,33,37,1,,,,,
28,IRD-28,TGCTTCCTGYKGCYYYGKDDKFVCEGESIEPRVCTQECDPRVAYMTCPST,RL-18,CTQEC,33,37,1,,,,,
29,IRD-29,TGCTTCCTGYKGCYYYGKDGKFVCEGESIEPRVCTQECDPRVAYMTCPST,RL-18,CTQEC,33,37,1,,,,,
30,IRD-30,TGCTTCCTGYKGCYYYGKDDKFVCEGESIEPRVCTQECDPRVAYMTCPSD,RL-18,CTQEC,33,37,1,,,,,
31,IRD-31,IECTSCCTGYKGCYYFDLDGKFVCEGKRSEPKICTQQCDPKVAYMICPSS,RL-20,CTQQC,33,37,1,,,,,
32,IRD-32,TKCTTCCTGYKGCYYYGKDNKFVCEGQSNEPKVCTQQCDPKVAYMTCPPE,RL-20,CTQQC,33,37,1,,,,,
33,IRD-33,TGCTTCCTGYKGCYYYGKDNKFVCEGQSDEPKVCTQQCDPKVAYMTCPPE,RL-20,CTQQC,33,37,1,,,,,
34,IRD-34,IECTSCCTGYKGCYYFGLDGKFVCEGKRSEPKICTQQCDPKVAYMICPSS,RL-20,CTQQC,33,37,1,,,,,
35,IRD-35,TGCTNCCTGYKGCYYFGEDGKFVCKGESPEPKICPAICDLTAAYMTCPSS,RL-21,CPAIC,33,37,1,,,,,
36,IRD-36,TGCTNCCTGYKGCYYFGKDGKFVCEGESTEPKKCPAICIIDAYMTCPSS,RL-21,CPAIC,33,37,1,,,,,
37,IRD-37,TGCTNCCTGYKGCYYFGKDGKFVCEGESTEPKKCPAICIIAAYMTCPSS,RL-21,CPAIC,33,37,1,,,,,
38,IRD-38,RICTNCCAARKGCNYFSADGTFVCKGESVVESMIEAVKPCRRNCDGRISYSVCGNK,RL-32,CRRNC,39,43,1,,,,,
39,IRD-39,VGCTNCCAAKKGCNYFSANGTFVCKGESVVESMIEAVKPCRRNCDGRISYSVCGNK,RL-32,CRRNC,39,43,1,,,,,
40,IRD-40,TGCTTCCTGYKGCYYFGKDGKFVCEGESDEPKACTMECDPRVAYMICPSS,RL-19,CTMEC,33,37,1,L-24,ESDEP,1,26,30
41,IRD-41,TGCTTCCTGYKGCYYFGQDGEFVCEGESDEPKSCTTECDPRVATISCPFS,RL-24,CTTEC,33,37,1,L-24,ESDEP,1,26,30
42,IRD-42,TGCTTCCTGYKGCYYFGQDGEFVCEGESDEPKSCTTECDPRVATISCPIS,RL-24,CTTEC,33,37,1,L-24,ESDEP,1,26,30
43,IRD-43,PICTNCCSGYKGCNYYSANGTFICEGRSDPRKTNICTQHCDPRVAYSKCPRS,RL-25,CTQHC,35,39,1,L-23,DPRKT,1,28,32
44,IRD-44,PICTNCCSGYKGCNYYSADGTFVCEGEFDPKEGPKACPANCDPRIAYSKCPRS,RL-29,CPANC,36,40,1,L-22,DPKEGP,1,28,33
45,IRD-45,PICTNCCSGYKGCNYYSADGTFICEGEFDPKEGPKACPANCDPRIAYSKCPRS,RL-29,CPANC,36,40,1,L-22,DPKEGP,1,28,33
46,IRD-46,PICTNCCAGYKGCNYYSANGTFICEGQSHPKNPKACPRNCDPHIAYS,RL-1,CPRNC,35,39,1,L-14,HPKNP,1,28,32
47,IRD-47,GICTNCCAGKKGCNYFSANGTFICEGESKFVSEADNNHGKPCPRNCDPRIAYAICPHS,RL-1,CPRNC,41,45,1,L-11,DNNHG,1,34,38
48,IRD-48,RICTNCCAGRKGCNYYSADGTFICEGESDPNSPKACPRNCDPNIAYSLCLYE,RL-1,CPRNC,35,39,1,L-12,DPNSP,1,28,32
49,IRD-49,RICTNCCAGRKGCNYFSDIGTFICEGESHPNNPKACPRNCDTRIAYSKMST,RL-1,CPRNC,35,39,1,L-15,HPNNP,1,28,32
50,IRD-50,PICTTCCAGYKGCYYYDANGKLICEGQSDPRKPNKHCPRNCDPKIAYSKCPGR,RL-1,CPRNC,36,40,1,L-16,DPRKP,1,28,32
51,IRD-51,QICTNCCAGRKGCSYFSEDGTFICKGESNPENPKACPRNCDGRIAYGICPLS,RL-1,CPRNC,35,39,1,L-17,NPENP,1,28,32
52,IRD-52,RICTNCCAGYKGCNYYSANGAFICEGESDPKKPKACPRNCDPHIAYSKCPRS,RL-1,CPRNC,35,39,1,L-13,DPKKP,1,28,32
53,IRD-53,PICTNCCAGYKGCNYYSANGTFICEGESDPKKPKVCPLNCDPHIAYS,RL-2,CPLNC,35,39,1,L-13,DPKKP,1,28,32
54,IRD-54,DICTNCCAGTKGCNTTSANGAFICEGQSDPKKPKACPLNCDPHIAYA,RL-2,CPLNC,35,39,1,L-13,DPKKP,1,28,32
55,IRD-55,PICTNCCSGFKGCNYYSVNGTFICEGQSDPRKPKPCPLNCDPHIAYSKCPRS,RL-2,CPLNC,35,39,1,L-16,DPRKP,1,28,32
56,IRD-56,PICTNCCAGYKGCNYYSANGAFICEGQSDPKKPKACPLNCDPHIAYSKCPRS,RL-2,CPLNC,35,39,1,L-13,DPKKP,1,28,32
57,IRD-57,HICTNCCAGYKGCNYYSANGAFICEGQSDPKKPKACPLNCDPHIAYSKCPRS,RL-2,CPLNC,35,39,1,L-13,DPKKP,1,28,32
58,IRD-58,RICTNCCAGYKGCNYYSANGAFICEGQSDPKKPKACPLNCDPHIAYSKCPRS,RL-2,CPLNC,35,39,1,L-13,DPKKP,1,28,32
59,IRD-59,PICINCCSGYKGCNYYSVFGRFICEGESDLKNPKACPLNCDTNIAYSRCPHS,RL-2,CPLNC,35,39,1,L-18,DLKNP,1,28,32
60,IRD-60,RICTNCCAGRKGCNYYSADGTFICEGESDPNNSKPCTLNCDPRIFYSKCPRS,RL-3,CTLNC,35,39,1,L-19,DPNNS,1,28,32
61,IRD-61,RICTNCCAGMKGCNYFSADGTFVCEGESDPINPKACPFNCDPRIAYGVCPRS,RL-5,CPFNC,35,39,1,L-20,DPINP,1,28,32
62,IRD-62,PICINCCSGYKGCNYYNSFGKFICEGESDPKRPNACTFNCDPNIAYSRCPRS,RL-7,CTFNC,35,39,1,L-21,DPKRP,1,28,32
63,IRD-63,PIFINCCSGYKGCNYYNSFGKFICEGESDPKRPNACTFNCDPNIAYSRCPRS,RL-7,CTFNC,35,39,1,L-21,DPKRP,1,28,32
64,IRD-64,PICINCCAGYKGCNYYSANGTFICEGKSDPRKPNTCPKNCDSKIVYSKCPLS,RL-11,CPKNC,35,39,1,L-16,DPRKP,1,28,32
65,IRD-65,PICTTCCAGYKGCHYYSANGTFICEGQSDPRKPNERCSKECDRKIAYSKCPRS,RL-13,CSKEC,36,40,1,L-16,DPRKP,1,28,32
66,IRD-66,RICTNCCAGYKGCNYYSANGVFICEGQSDPKKPKACPPNCDPHIAYSKCPPS,RL-14,CPPNC,35,39,1,L-13,DPKKP,1,28,32
67,IRD-67,PICTTCCAGYKGCYYYDANGKLICEGQSDPRKPNKHCSRNCDPKIAYSKCPGR,RL-22,CSRNC,36,40,1,L-16,DPRKP,1,28,32
68,IRD-68,PICTTCCAGYKGCYYYDANGKLICEGQSDPRKPNKHCSRNCDSKIAYSKCPGR,RL-22,CSRNC,36,40,1,L-16,DPRKP,1,28,32
69,IRD-69,PICTTCCAGYKGCKYYNANGTFICEGQSDPRKPNEHCPKECDRKIAYSKCPHS,RL-23,CPKEC,36,40,1,L-16,DPRKP,1,28,32
70,IRD-70,PICTTCCAGYKGCKYYNANGTFICEGQSDPRKPNEHCPKECNRKIAYSKCPHS,RL-23,CPKEC,36,40,1,L-16,DPRKP,1,28,32
71,IRD-72,PICTTCCAGYKGCYYYDANGKLICEGQSDPRKPNKHCLGNCDPKIAYSKCPGR,RL-47,CLGNC,36,40,1,L-16,DPRKP,1,28,32
72,IRD-73,PICTNCCSGFKGCNYYSADGTFICEGQSDPKKPRACHLNCDPHIAYSKCPRS,RL-49,CHLNC,35,39,1,L-13,DPKKP,1,28,32
73,IRD-74,QICTNCCAGTKGCNYFSADGTFVCEGESDPRNSKACPRNCDGRIAYGVCRSS,RL-1,CPRNC,35,39,1,L-4,DPRNS,1,28,32
74,IRD-75,QICTNCCAGIKGCNYFSVDGTFVCEGESDPRNSKACPRNCDPRITYGVCPRS,RL-1,CPRNC,35,39,1,L-4,DPRNS,1,28,32
75,IRD-76,QICTNCCAGIKGCNYFSVDGTFVCEGESDPRNSKACPRNCDPRYALIVAQ,RL-1,CPRNC,35,39,1,L-4,DPRNS,1,28,32
76,IRD-77,QLCTNCCAGKKGCNYFSDDGTFICEGESDPNNPKDCPRNCDGRIAYGICPLS,RL-1,CPRNC,35,39,1,L-5,DPNNP,1,28,32
77,IRD-78,RICTNCCAGRKGCNYYSADGTFICEGESDPNNPKPCPRNCDTRIAYSKCPRS,RL-1,CPRNC,35,39,1,L-5,DPNNP,1,28,32
78,IRD-79,QICTNCCAGTMGCNYFSADGSFVCKGESDLRNPKDCPRNCDPRIDYRVCRRS,RL-1,CPRNC,35,39,1,L-6,DLRNP,1,28,32
79,IRD-80,QICTNCCVGTMGCNYFSADGSFVCKGESDLRNPKDCPRNCDPRIDYRVCRRS,RL-1,CPRNC,35,39,1,L-6,DLRNP,1,28,32
80,IRD-81,RICTNCCAGTKGCKYFSYDGNFVCEGESDPTNPKACPRNCDGRIAYEICPRT,RL-1,CPRNC,35,39,1,L-7,DPTNP,1,28,32
81,IRD-82,RICANWCAGRKGCYYYSDDGTFICEGESDPNNPKPCPRNCDTRIAYSICPRS,RL-1,CPRNC,35,39,1,L-5,DPNNP,1,28,32
82,IRD-83,RICTNCCAGRKGCNYYSADGTFICEGESDPNNPKACPRNCDTRIAYSKCPRS,RL-1,CPRNC,35,39,1,L-5,DPNNP,1,28,32
83,IRD-84,RLCTNCCAGRKGCNYYSADGTFICEGESDPNNPKACPRNCDPNIAYSLCLYE,RL-1,CPRNC,35,39,1,L-5,DPNNP,1,28,32
84,IRD-85,RLCTNCCAGRKGCNYYSADGTFICEGESDPNNPKACPRNCDPNIAYSKCPRS,RL-1,CPRNC,35,39,1,L-5,DPNNP,1,28,32
85,IRD-86,RLCTNCCAGRKGCNYYSADGTFICEGESDPNNPKACPRNCDPNIAYSLCAYE,RL-1,CPRNC,35,39,1,L-5,DPNNP,1,28,32
86,IRD-87,RLCTNCCAGRKGCNYYSADGTFICEGESDPNNPKPCPRNCDPRIFYSKCPRS,RL-1,CPRNC,35,39,1,L-5,DPNNP,1,28,32
87,IRD-88,FLCTNCCAGRKGCNYYSADGTFICEGESDPNNPKPCPRNCDPNIAYSLCLYE,RL-1,CPRNC,35,39,1,L-5,DPNNP,1,28,32
88,IRD-89,RLCTNCCAGRKGCNYYSADGTFICEGKSDPNNPKACPRNCDPNIAYSLCLYE,RL-1,CPRNC,35,39,1,L-5,DPNNP,1,28,32
89,IRD-90,RLCTNCCAGRKGCNYYSADGTFICEGESDPNNPKACPRNCDTRIAYSKCPRS,RL-1,CPRNC,35,39,1,L-5,DPNNP,1,28,32
90,IRD-91,RICTNCCAGRKGCNYYSADGTFICEGESDPNNPKPCPRNCDTRIAYSKCPCS,RL-1,CPRNC,35,39,1,L-5,DPNNP,1,28,32
91,IRD-92,RLCTNCCAGRKGCNYYSADGTFICEGESDPNNPKPCPRNCDTRIAYSICPRS,RL-1,CPRNC,35,39,1,L-5,DPNNP,1,28,32
92,IRD-93,RICTNCCAGRKGCNYYSADGTFICEGESDPNNPKACPRNCDPNIAYSLCLYE,RL-1,CPRNC,35,39,1,L-5,DPNNP,1,28,32
93,IRD-94,RICTNCCAGRKGCNYFSADGTFICEGESDPNNPKACPRNCDTRIAYSKCPRS,RL-1,CPRNC,35,39,1,L-5,DPNNP,1,28,32
94,IRD-95,RICTNCCAGRKGCNYYSADGTFICEGESDPNNPKPCPRNCDTRIAYSICPRS,RL-1,CPRNC,35,39,1,L-5,DPNNP,1,28,32
95,IRD-96,RLCTNCCAGRKGCNYYSADGTFICEGESDPNNPKACPRNCDPNIAYSLCLYQ,RL-1,CPRNC,35,39,1,L-5,DPNNP,1,28,32
96,IRD-97,RICTNCCAGRKGCNYYSADGTFICEGESGPNNPKACPRNCDTRIAYSKCPRS,RL-1,CPRNC,35,39,1,L-9,GPNNP,1,28,32
97,IRD-98,RLCTNCCAGRKGCNYYSADGTFICEGESDPNNPKACPRNCDPNIAYSLCLH,RL-1,CPRNC,35,39,1,L-5,DPNNP,1,28,32
98,IRD-99,RLCTNCCAGRRGCNYYSADGTFICEGESDPNNPKACPRNCDPNIAYSLCLYE,RL-1,CPRNC,35,39,1,L-5,DPNNP,1,28,32
99,IRD-100,RLCTNCCAGRKGCNYYSADGTFICEGESDPNNPKACPRNCDPNIAYSPCLYE,RL-1,CPRNC,35,39,1,L-5,DPNNP,1,28,32
100,IRD-101,RLCTNCCAGRKGCNYYSADGTFICEGESDPNHPKACPRNCDPNIAYSLCLYE,RL-1,CPRNC,35,39,1,L-8,DPNHP,1,28,32
101,IRD-102,RICTNCCAGRKGCYYYSDDGTFICEGESDPNNPKPCPRNCDTRIAYSICPHS,RL-1,CPRNC,35,39,1,L-5,DPNNP,1,28,32
102,IRD-103,RICTNCCAGRKGCYYYSDDGTFICEGESDPNNPKPCPRNCDTRIAYSICPRS,RL-1,CPRNC,35,39,1,L-5,DPNNP,1,28,32
103,IRD-104,RICTNCCAGRKGCYYYSDDGTFICEGESGPNNPKPCPRNCDTRIAYSICPRS,RL-1,CPRNC,35,39,1,L-9,GPNNP,1,28,32
104,IRD-105,RICTNCCAGRKGCNYYSVIGTFICEGESDPNNPKACPRNCDTRIAYSKCPRS,RL-1,CPRNC,35,39,1,L-5,DPNNP,1,28,32
105,IRD-106,RLCTNCCAGRKVCNYYSADGTFICEGESDPNNPKACPRNCDPNIAYSLCLYE,RL-1,CPRNC,35,39,1,L-5,DPNNP,1,28,32
106,IRD-107,RLCTNCCAGRKGCNYHSADGTFICEGESDPNTPKACPRNCDPNIAHSLCLYE,RL-1,CPRNC,35,39,1,L-10,DPNTP,1,28,32
107,IRD-108,RICTNCCAGRKGCYYYSDDGTFICEGESDPNNPKACPRNCDTRIAYSKCPRS,RL-1,CPRNC,35,39,1,L-5,DPNNP,1,28,32
108,IRD-109,RICTNCCAGRKGCNYYSADRTFICEGESDPNNPKACPRNCDTRIAYSKCPRS,RL-1,CPRNC,35,39,1,L-5,DPNNP,1,28,32
109,IRD-110,RICTNCCAGRKGCNYYSADGTFICEGESDPNNPNACPRNCDPNIAYSLCLYE,RL-1,CPRNC,35,39,1,L-5,DPNNP,1,28,32
110,IRD-111,RICTSCCAGRKGCYYYSDDGTFICEGESDPNNPKPCPRNCDTRIAYSICPRS,RL-1,CPRNC,35,39,1,L-5,DPNNP,1,28,32
111,IRD-112,RICTNCCAGRKGCYYYCDDGTFICEGESDPNNPKPCPRNCDTRIAYSICPRS,RL-1,CPRNC,35,39,1,L-5,DPNNP,1,28,32
112,IRD-113,RICTNCCAGRKGCNYYSADGTFICEGESDPNNPKACPRNCDPNIAHSLCLYE,RL-1,CPRNC,35,39,1,L-5,DPNNP,1,28,32
113,IRD-114,RICTNCCAGRKGCYCYSDDGTFICEGESDPNNPKPCPRNCDTRIAYSICPRS,RL-1,CPRNC,35,39,1,L-5,DPNNP,1,28,32
114,IRD-115,RICTNCCAGRKGCNYYSADGTFICEGESDPNHPKACPRNCDPRIFYSKCPRS,RL-1,CPRNC,35,39,1,L-8,DPNHP,1,28,32
115,IRD-116,RLCPNCCAGRKGCNYYSADGTFICEGESDPNNPKACPRNCDPNYCYLLPIH,RL-1,CPRNC,35,39,1,L-5,DPNNP,1,28,32
116,IRD-117,RICTNCCAGRNFCNYYSADGTFICEGESDPNNPKACPRNCDPNIAYSLCLYE,RL-1,CPRNC,35,39,1,L-5,DPNNP,1,28,32
117,IRD-118,RLCTNCCAGRKGCNYYSADGTFICEGESDPNNPKACPRNCDTRIAYSLCLYE,RL-1,CPRNC,35,39,1,L-5,DPNNP,1,28,32
118,IRD-119,PICTNCCAGYKGCKYYSADGTFICEGESDPNNPKACPRNCDPRIAYSKCPRS,RL-1,CPRNC,35,39,1,L-5,DPNNP,1,28,32
119,IRD-120,AVQAVRVATNYSADGTFICEGESDPNNPKACPRNCDQILPIHCVS,RL-1,CPRNC,30,34,1,L-5,DPNNP,1,23,27
120,IRD-121,PICTNCCAGRKGCNYYSADGTFICEGESDPNNPKPCTLNCDPRIFYSKCPRS,RL-3,CTLNC,35,39,1,L-5,DPNNP,1,28,32
121,IRD-122,RICTNCCAGRKGCNYYSADGTFICEGESDPNNPKPCTLNCDPRIFYSKCPRS,RL-3,CTLNC,35,39,1,L-5,DPNNP,1,28,32
122,IRD-123,RICINCCAGRKGCNYYSADGTFICEGESDPNNPKPCTLNCDPRIFYSKCPRS,RL-3,CTLNC,35,39,1,L-5,DPNNP,1,28,32
123,IRD-124,RICTNCCAGRKGCNYYSADGTFICEGESDPNNPKACTLNCDPRIFYSKCPRS,RL-3,CTLNC,35,39,1,L-5,DPNNP,1,28,32
124,IRD-125,RICTNCCAGRKGCNYYSAGGTFICEGESDPNNPKPCTLNCDPRIFYSKCPRS,RL-3,CTLNC,35,39,1,L-5,DPNNP,1,28,32
125,IRD-126,RICTNCCAGRRGCNYYSADGTFICEGESDPNNPKPCTLNCDPRIFYSKCPRS,RL-3,CTLNC,35,39,1,L-5,DPNNP,1,28,32
126,IRD-127,RICTNCCAGRKGCNYYSADGTFICEGESDPNNPKPCTLNCDPRIFYSKYPRS,RL-3,CTLNC,35,39,1,L-5,DPNNP,1,28,32
127,IRD-128,RICTNCCAGRKGCNYYSADGTFICEGESDPNNPKPCTLNCDTRIAYSICPRS,RL-3,CTLNC,35,39,1,L-5,DPNNP,1,28,32
128,IRD-129,RICTNCCAGRKGCNYYSADGTFICEGESDPNNPKPCTLNCDPRIAYSKCPRS,RL-3,CTLNC,35,39,1,L-5,DPNNP,1,28,32
129,IRD-130,PICTNCCTGRKGCNYYSADGTFICEGESDPNNPKPCTLNCDPRIFYSKCPRS,RL-3,CTLNC,35,39,1,L-5,DPNNP,1,28,32
130,IRD-131,RICTNCCAGRKGCRYYSADGTFICNGESDPNNPKPCTLNCDPRIFYSKCLYE,RL-3,CTLNC,35,39,1,L-5,DPNNP,1,28,32
131,IRD-132,PICTNCCAGRKGCNYYSADGTFICEGESDPNNPKPCTLNCDPNIAYSLCLYE,RL-3,CTLNC,35,39,1,L-5,DPNNP,1,28,32
132,IRD-133,RICTNCCAGRKGCNYYSADGTFICEGESDPNNPKACPRYCDTRIAYSKCPRS,RL-6,CPRYC,35,39,1,L-5,DPNNP,1,28,32
133,IRD-134,RICTNCCAGRKGCNYFSADGTFICEGESDPNNPKACPRYCDTRIAYSKCPRS,RL-6,CPRYC,35,39,1,L-5,DPNNP,1,28,32
134,IRD-135,PICTNCCAGRKGCNYYSADGTFICEGESDPNNPKACPRYCDTRIAYSKCPRS,RL-6,CPRYC,35,39,1,L-5,DPNNP,1,28,32
135,IRD-136,GICTNCCAGRKGCNYYSADGTFICEGESDPNNPKACPRYCDTRIAYSKCPRS,RL-6,CPRYC,35,39,1,L-5,DPNNP,1,28,32
136,IRD-137,HICTNCCAGRKGCNYYSADGTFICEGESDPNNPKACPRYCDTRIAYSKCPRS,RL-6,CPRYC,35,39,1,L-5,DPNNP,1,28,32
137,IRD-138,RICTNCCAGRKGCNYYSADGTFICEGESGPNNPKACPRYCDTRIAYSKCPRS,RL-6,CPRYC,35,39,1,L-9,GPNNP,1,28,32
138,IRD-139,RICTNCCAGRKGCNYYSADGTFICEGESDPNNPKTCPRYCDTRIAYSKCPRS,RL-6,CPRYC,35,39,1,L-5,DPNNP,1,28,32
139,IRD-140,RICTNCCAGRRKGCNYYSADGTFICEGESDPNNPKACPRYCDTRIAYSKCPRS,RL-6,CPRYC,36,40,1,L-5,DPNNP,1,29,33
140,IRD-141,RICTNCCAGRKGCNYYSADGTFICEGESDPNNPKACPRYCDTRIAYSKXKAC,RL-6,CPRYC,35,39,1,L-5,DPNNP,1,28,32
141,IRD-142,PICTNCCAGRKGCNYYSADGTFICEGESDPNNPKPCTLECDPRIFYSKCPRS,RL-9,CTLEC,35,39,1,L-5,DPNNP,1,28,32
142,IRD-143,PICTNCCAGLKGCNYYNADGTFICEGESDPNHPKACPKNCDPNIAYSLCLYE,RL-11,CPKNC,35,39,1,L-8,DPNHP,1,28,32
143,IRD-144,PICTNCCAGRKGCNYYSADGTFVCEGESDPNHPKACPKNCDPNIAYSLCLYE,RL-11,CPKNC,35,39,1,L-8,DPNHP,1,28,32
144,IRD-145,PICTNSSAGLKGCNYYNADGTFICEGESDPNHPKACPKNCDPNIAYSLCLYE,RL-11,CPKNC,35,39,1,L-8,DPNHP,1,28,32
145,IRD-146,RICTNCCAGRKGCNYYSADGTFICEGESDPNNPKACPKNCDPNIAYSLCLYE,RL-11,CPKNC,35,39,1,L-5,DPNNP,1,28,32
146,IRD-147,RICTNCCAGRKGCNYYSADGTLICEGESDPNNPKPCTPNCDPRIFYSKCPRS,RL-28,CTPNC,35,39,1,L-5,DPNNP,1,28,32
147,IRD-149,RICTNCCAGRKGCNYYSADGTFICEGESDPNNPKACPRDCDPNIAYSLCLYE,RL-43,CPRDC,35,39,1,L-5,DPNNP,1,28,32
148,IRD-150,EVLTNNMYGAFPLPYFSDDGTFVCEGESDPRNPKACPRNCDPRIAYG,RL-1,CPRNC,35,39,1,L-1,DPRNP,1,28,32
149,IRD-151,PICTNCCAGYKGCNYYSANGTFICEGQSDPKNPKACPRNCDPHIAYS,RL-1,CPRNC,35,39,1,L-3,DPKNP,1,28,32
150,IRD-152,RICTNCCAGTKGCKYFSDDGTFVCEGESDPRNPKACPRNCDPRIAYGICPLS,RL-1,CPRNC,35,39,1,L-1,DPRNP,1,28,32
151,IRD-153,RICTNCCAGKKGCKYFSDDGTFVCEGESDPRNPKACPRNCDGRIAYGICPLS,RL-1,CPRNC,35,39,1,L-1,DPRNP,1,28,32
152,IRD-154,QICTNCCAGRKGCYYFSADGAFVCEGESDPKNPKACPRNCDGRIAFKVCPRS,RL-1,CPRNC,35,39,1,L-3,DPKNP,1,28,32
153,IRD-155,RICTNCCAGRKGCSYFSADGTFVCKGESDPRNPKACPRNCDPRIDFGICPLS,RL-1,CPRNC,35,39,1,L-1,DPRNP,1,28,32
154,IRD-156,QICTNCYAGMKGCYYFSADGTFVCEGESDPRNPKPCPRNCDGRIAYGICPRS,RL-1,CPRNC,35,39,1,L-1,DPRNP,1,28,32
155,IRD-157,RICTNCCAGTKGCSYFSADGTFVCKGESDPRNPKACPRNCDPRIDFGICPLS,RL-1,CPRNC,35,39,1,L-1,DPRNP,1,28,32
156,IRD-158,QICTNCCAGMKGCNYFSADGTFVCEGESDPRNPKPCPRNCDGRIAYGICPRS,RL-1,CPRNC,35,39,1,L-1,DPRNP,1,28,32
157,IRD-159,RICTNCCAGTKGCSYFSADGTFVCKGESDPRNPKACPRNCDPRIDFGICPLL,RL-1,CPRNC,35,39,1,L-1,DPRNP,1,28,32
158,IRD-160,RICTNCCAGMKGCNYFSADGTFVCEGESGPKNPKACPRNCDGRIAYGVCPRK,RL-1,CPRNC,35,39,1,L-2,GPKNP,1,28,32
159,IRD-161,WICTNCCAGMKGCNYFSADGTFVCEGESGPKNPKACPRNCDGRIAYGVCPRK,RL-1,CPRNC,35,39,1,L-2,GPKNP,1,28,32
160,IRD-162,WICTNCCAGTKGCNYFSADGTFVCEGESDPRNPKACPRNCDPRISDEICPRS,RL-1,CPRNC,35,39,1,L-1,DPRNP,1,28,32
161,IRD-163,QICTNCCAGTKGCNYFSADGTFVCEGEYDPKNPKACPRNCDPRISYGVCPRS,RL-1,CPRNC,35,39,1,L-3,DPKNP,1,28,32
162,IRD-164,QICTNCCAGTKGCNYFSADGTFVCEGEYDPKNPKACPRNCDGRIDYGVCPRS,RL-1,CPRNC,35,39,1,L-3,DPKNP,1,28,32
163,IRD-165,RICTNCCAGTKGCKYFSDDGTFICEGESDPRNPKACPRNCDGRIAYGICPRS,RL-1,CPRNC,35,39,1,L-1,DPRNP,1,28,32
164,IRD-166,RICTNCCAGTKGCKYFSDDGTFICEGESDPRNPKACPRNCDGRIAYEICPRS,RL-1,CPRNC,35,39,1,L-1,DPRNP,1,28,32
165,IRD-167,RICTNCCTGTKGCKYFSDDGTFVCEGESDPRNPKACPRNCDGRIAYEICPRS,RL-1,CPRNC,35,39,1,L-1,DPRNP,1,28,32
166,IRD-168,RICTNCCAGTKGCKYFSDDGTFICEGESDPRNPKACPRNCDGRIAYEICPRT,RL-1,CPRNC,35,39,1,L-1,DPRNP,1,28,32
167,IRD-169,RICTNCCAGTKGCKYFSDDGTFVCEGESDPRNPKACPRNCDERIAYGICPRT,RL-1,CPRNC,35,39,1,L-1,DPRNP,1,28,32
168,IRD-170,QICTNCCAGTKGCNYFSADGTFVCEGESDPRNPKACPRNCDPRIAYGVCPRT,RL-1,CPRNC,35,39,1,L-1,DPRNP,1,28,32
169,IRD-171,QICTNCCAGTKGCNYFSADGTFVCKGESDPRNPKACPRNCDPRIAYGVCPRT,RL-1,CPRNC,35,39,1,L-1,DPRNP,1,28,32
170,IRD-172,QICTNCCAGTKGCNYFSADGTFVCEGESDPRNPKACPRNCDGRIAYGVCPRS,RL-1,CPRNC,35,39,1,L-1,DPRNP,1,28,32
171,IRD-173,RICTNCCAGTKGCNYFSADGTFVCEGESDPRNPKACPRNCDGRIAYGVCPRS,RL-1,CPRNC,35,39,1,L-1,DPRNP,1,28,32
172,IRD-174,QICTNCCAGTKGCNYFSADGTFVCEGQFDPRNPKACPRNCDPRIAYGVCPRS,RL-1,CPRNC,35,39,1,L-1,DPRNP,1,28,32
173,IRD-175,QICTNCCAGTKGCNYFSADGTFVCEGEFDPRNPKACPRNCDPRIAYGVCPRS,RL-1,CPRNC,35,39,1,L-1,DPRNP,1,28,32
174,IRD-176,QICTNCCAGTKGCNYFSADGTFVCKGESDPRNPKACPRNCDPRIDYRVCPRS,RL-1,CPRNC,35,39,1,L-1,DPRNP,1,28,32
175,IRD-177,QICTNCCAGMKGCNYFSADGTFVCKGESDPRNPKACPRNCDPRIAYGVCPRS,RL-1,CPRNC,35,39,1,L-1,DPRNP,1,28,32
176,IRD-178,QICTNCCAGTKGCNYFSADGTFVCEGESDPRNPKACPRNCDPRIDYRVCPYS,RL-1,CPRNC,35,39,1,L-1,DPRNP,1,28,32
177,IRD-179,QMCTNCCAGTKGCNYFSADGTFVCKGESDPRNPKACPRNCDPRIDYRVCPRS,RL-1,CPRNC,35,39,1,L-1,DPRNP,1,28,32
178,IRD-180,QICTNCCAGTKGCNYFSVDGTFVCKGESDPRNPKACPRNCDPRIDYRVCPRS,RL-1,CPRNC,35,39,1,L-1,DPRNP,1,28,32
179,IRD-181,QICTNCCAGTKGCNYFSANGTFVCKGESDPRNPKACPRNCDPRIDYRVCPRS,RL-1,CPRNC,35,39,1,L-1,DPRNP,1,28,32
180,IRD-182,QICTNCCAGTKGCNYFSADGTFVCKGESDPRNPKGCPRNCDPRIDYRVCPRS,RL-1,CPRNC,35,39,1,L-1,DPRNP,1,28,32
181,IRD-183,QICTNCCAGTKGCNYFSADGTFVCKGESDPRNPKACPRNCDPRIDYRVCWHS,RL-1,CPRNC,35,39,1,L-1,DPRNP,1,28,32
182,IRD-184,QICTNCCAGTKGCNYFSADGTFVCKGKFDPRNPRPCPRNCDPRITYGVCPRS,RL-1,CPRNC,35,39,1,L-1,DPRNP,1,28,32
183,IRD-185,RICTNCCAGMKGCNYFSADGTFVCEGESDPRNPKACPRNCDGRIAYGICPRS,RL-1,CPRNC,35,39,1,L-1,DPRNP,1,28,32
184,IRD-186,RICTNCCAGTKGCSYFSADGTFVCKGESDPRNPKACPRNCDPRIAYGACPLS,RL-1,CPRNC,35,39,1,L-1,DPRNP,1,28,32
185,IRD-187,QICTNCCAGTKGCSYFSADGTFVCKGEFDPRNPKACPRNCDPRIAYGACPLS,RL-1,CPRNC,35,39,1,L-1,DPRNP,1,28,32
186,IRD-188,QICTNCCAGTKGCSYFSADGTFVCKGESDPRNPKACPRNCDPRIAFGICPLS,RL-1,CPRNC,35,39,1,L-1,DPRNP,1,28,32
187,IRD-189,QICTNCCAGTKGCSYFSADGTFVCKGESDPRNPKACPRNCDPRIAYGACPLS,RL-1,CPRNC,35,39,1,L-1,DPRNP,1,28,32
188,IRD-190,QICTNCCAGTKGCSYFSADGTFVCKGESDPRNPKACPRNCDPRIDFGICPLS,RL-1,CPRNC,35,39,1,L-1,DPRNP,1,28,32
189,IRD-191,RICTNCCAGTKGCKYFSDDGTFVCEGESDPRNPKACPRNCDPRIAYGICPLA,RL-1,CPRNC,35,39,1,L-1,DPRNP,1,28,32
190,IRD-192,RICTNCCAGKKGCKYFSDDGTFVCEGESDPKNPKACPRNCDGRIAYGICPLS,RL-1,CPRNC,35,39,1,L-3,DPKNP,1,28,32
191,IRD-193,RICTNCCAGTKGCKYFSDDGTFICEGESDPRNPKACPRNCDGRIAYGICPLS,RL-1,CPRNC,35,39,1,L-1,DPRNP,1,28,32
192,IRD-194,RICTNCCVGTKGCKYFSDDGTFICEGESDPRNPKACPRNCDGRIAYGICPRT,RL-1,CPRNC,35,39,1,L-1,DPRNP,1,28,32
193,IRD-195,RICTNCCAGTKGCKYFSDDGTFICEGESDPRNPKACPRNCDGRIAYGICPRT,RL-1,CPRNC,35,39,1,L-1,DPRNP,1,28,32
194,IRD-196,RICTNCCAGTKGCKYFSDDGTFVCEGESDPRNPKACPRNCDGRIAYGICPRT,RL-1,CPRNC,35,39,1,L-1,DPRNP,1,28,32
195,IRD-197,RICTNCCAGRKGCKYFSDDGTFVCEGESDPKNPKGCPRNCDGRIAYGICPLS,RL-1,CPRNC,35,39,1,L-3,DPKNP,1,28,32
196,IRD-198,RICTNCCAGMKGCNYFSADGTFVCEGEYDPRNPKACPRNCDTRIAYGICPRT,RL-1,CPRNC,35,39,1,L-1,DPRNP,1,28,32
197,IRD-199,RICTNCCAGTKGCKYFSDDGTFVCEGESDPRNPKACPRNCDGRIAYGICPLS,RL-1,CPRNC,35,39,1,L-1,DPRNP,1,28,32
198,IRD-200,QICTNCCAGTKGCNYFSANGTFICEGESDPRNPKACPRNCDGRIAYGICPRT,RL-1,CPRNC,35,39,1,L-1,DPRNP,1,28,32
199,IRD-201,RICTNCCAGTKGCKYFSDDETFVCEGESDPRNPEACPRNCDPRIAYGICPLS,RL-1,CPRNC,35,39,1,L-1,DPRNP,1,28,32
200,IRD-202,RICTNCCAGTKGCKYFSDDETFVCEGESDPRNPKACPRNCDPRIAYGICPLS,RL-1,CPRNC,35,39,1,L-1,DPRNP,1,28,32
201,IRD-203,QICTNCCAGTKGCNYFSTDGTFICKGESDPRNPKACPRNCDPRIAYGLCPLS,RL-1,CPRNC,35,39,1,L-1,DPRNP,1,28,32
202,IRD-204,QICTNCCAGTKGCNYFSANGTFVCKGESDPRNPKACPRNCDPRIAYGLCPLS,RL-1,CPRNC,35,39,1,L-1,DPRNP,1,28,32
203,IRD-205,QICTNCCAGTKGCNYFSADGTFVCKGESDPRNPKACPRNCDPRIAYGVCPRS,RL-1,CPRNC,35,39,1,L-1,DPRNP,1,28,32
204,IRD-206,QICTNCCAGTKGCNYFSADGTFICKGQSDPRNPKACPRNCDPRIAYGVCPRL,RL-1,CPRNC,35,39,1,L-1,DPRNP,1,28,32
205,IRD-207,QICTNCCAGTKGCNYFSADGTFVCKGQSDPRNPKACPRNCDPRIAYGVCPRS,RL-1,CPRNC,35,39,1,L-1,DPRNP,1,28,32
206,IRD-208,QICTNCCAGTKGCNYFSADGTFVCKGQSDPRNPKACPRNCDPRIDYGVCPRS,RL-1,CPRNC,35,39,1,L-1,DPRNP,1,28,32
207,IRD-209,QICTNCCAGTKGCNYFSADGTFVCKGQSDPRNPKACPRNCDPRIAYRVCPRS,RL-1,CPRNC,35,39,1,L-1,DPRNP,1,28,32
208,IRD-210,QICTNCCAGTKGCNYFSANGTFVCKGQSDPRNPKACPRNCDPRIAYGVCPRS,RL-1,CPRNC,35,39,1,L-1,DPRNP,1,28,32
209,IRD-211,RICTNCCAGKKGCKYFSDDGTFVCEGESDPRNPKPCPRNCDGRIAYGICPLS,RL-1,CPRNC,35,39,1,L-1,DPRNP,1,28,32
210,IRD-212,RLCTNCCAGMKGCNYFSADGTFVCEGESDPRNPKPCPRNCDGRIAYGICPLS,RL-1,CPRNC,35,39,1,L-1,DPRNP,1,28,32
211,IRD-213,RLCTNCCAGTKGCNYFSADGTFVCEGESDPRNPKPCPRNCDGRIAYGICPLS,RL-1,CPRNC,35,39,1,L-1,DPRNP,1,28,32
212,IRD-214,RICTNCCTGTKGCKYFSDDGTFVCEGESDPRNPKACPRNCDGRIAYEICPRT,RL-1,CPRNC,35,39,1,L-1,DPRNP,1,28,32
213,IRD-215,RICTNCCAGKKGCKYFSADGTFVCEGESDPRNPKPCPRNCDGRIAYGICPLS,RL-1,CPRNC,35,39,1,L-1,DPRNP,1,28,32
214,IRD-216,QLCTNCCAGTKGCNYFSADGTFVCEGESDPRNPKPCPRNCDGRIAYGICPLS,RL-1,CPRNC,35,39,1,L-1,DPRNP,1,28,32
215,IRD-217,RLCTNCCAGTKGCSYFSADGTFVCEGESDPRNPKPCPRNCDGRIAYGICPRS,RL-1,CPRNC,35,39,1,L-1,DPRNP,1,28,32
216,IRD-218,QLCTNCCAGTKGCKYFSADGTFVCEGESDPRNPKPCPRNCDGRIAYGICPLS,RL-1,CPRNC,35,39,1,L-1,DPRNP,1,28,32
217,IRD-219,QICTNCCAGTKGYNYFSADGTFVCKGESDPRNPKACPRNCDPRIDYRFCPRS,RL-1,CPRNC,35,39,1,L-1,DPRNP,1,28,32
218,IRD-220,QKCTNCCAGTKGCNYFSANGTFICEGEYDPRNPKACPRNCDPRIDYRVCPRS,RL-1,CPRNC,35,39,1,L-1,DPRNP,1,28,32
219,IRD-221,QICTNCCAGRKGCNYFSADGTFVCEGESDPKNPKACPRNCDPRIAYRICRRS,RL-1,CPRNC,35,39,1,L-3,DPKNP,1,28,32
220,IRD-222,RICTNCCAGTKGCNYFSDDGTFVCEGESDPRNPKACPRNCDTRIAYGICRRS,RL-1,CPRNC,35,39,1,L-1,DPRNP,1,28,32
221,IRD-223,RICTNCCAGTKGCKYFSYDGNFVCEGESDPRNPKACPRNCDGRIAYEICPRT,RL-1,CPRNC,35,39,1,L-1,DPRNP,1,28,32
222,IRD-224,RICTNCCAGTKGCKYFSYDGTFVCEGESDPRNPKACPRNCDGRIAYGICPRT,RL-1,CPRNC,35,39,1,L-1,DPRNP,1,28,32
223,IRD-225,PICTNCCVGKKGCKYFSYDGTFVCEGESDPRNPKPCPRNCDGRIAYGICPLS,RL-1,CPRNC,35,39,1,L-1,DPRNP,1,28,32
224,IRD-226,PICTNCCAGKKGCKYFSYDGTFVCEGESDPRNPKPCPRNCDGRIAYGICPLS,RL-1,CPRNC,35,39,1,L-1,DPRNP,1,28,32
225,IRD-227,RICTNCCAGTKGCNYFSDDGTFVCEGESDPRNPKACPRNCDPRIAYGICRRS,RL-1,CPRNC,35,39,1,L-1,DPRNP,1,28,32
226,IRD-228,RICTNCCAGTKGCKYFSYDGTFVCEGESDPRNPKACPRNCDGRIAYGICPRA,RL-1,CPRNC,35,39,1,L-1,DPRNP,1,28,32
227,IRD-229,RICTNCCAGTKGCKYFSDDGTFVCEGESDPKNPKACPRNCDPRIAYGICPLS,RL-1,CPRNC,35,39,1,L-3,DPKNP,1,28,32
228,IRD-230,RLCTNCCAGTKGCNYFSADGTFVCEGESDPRNPKACPRNCDPRIDYRVCPRS,RL-1,CPRNC,35,39,1,L-1,DPRNP,1,28,32
229,IRD-231,RICTNCCAGRKGCNYYSADGTFICEGESDPKNPKACPRNCDPRIFYSKCPRS,RL-1,CPRNC,35,39,1,L-3,DPKNP,1,28,32
230,IRD-232,PICTNCCAGYKGCKYYSADGTFICEGESDPKNPKGCPRNCDPRIAYSKCPRS,RL-1,CPRNC,35,39,1,L-3,DPKNP,1,28,32
231,IRD-233,PICTNCCAGYKGCKYYSADGTFICEGESDPKNPKGCPRNCDPRIAYSRCPRS,RL-1,CPRNC,35,39,1,L-3,DPKNP,1,28,32
232,IRD-234,AVAFSINSKYYRADGTFICEGESDPKNPKGCPRNCDPRIAYSKCPRS,RL-1,CPRNC,30,34,1,L-3,DPKNP,1,23,27
233,IRD-235,PICTNCCAGFKGCNYYSAHGTFICEGQSDPRNPKACPRNCDPHIAYSKCPRS,RL-1,CPRNC,35,39,1,L-1,DPRNP,1,28,32
234,IRD-236,RICTNCCAGYKGCNYYSANGAFICEGESDPKNPNVCPRNCDTNIAYSKCPRS,RL-1,CPRNC,35,39,1,L-3,DPKNP,1,28,32
235,IRD-237,RICTNCCAGYKGCNYYSANGAFICEGESDPKNPNVCPRNCDTNIAYSKCLRS,RL-1,CPRNC,35,39,1,L-3,DPKNP,1,28,32
236,IRD-238,RICTNCCAGYKGCNYYSANGAFICEGESDPKNPNVCPRNCDTNIAYLKCLRS,RL-1,CPRNC,35,39,1,L-3,DPKNP,1,28,32
237,IRD-239,PICINCCSGYKGCNYYSAFGRFICEGESDPKNPNVCPRNCDTNIAYSKCLRS,RL-1,CPRNC,35,39,1,L-3,DPKNP,1,28,32
238,IRD-240,RICTNCCAGYKGCNYYSANGAFICEGESDPKNPNVCPRNCDTNIAYSKCLR,RL-1,CPRNC,35,39,1,L-3,DPKNP,1,28,32
239,IRD-241,QICTNCCAGTKGCNYFSADGTFVCEGESDPRNPKACPLNCDGRIAYEICPRT,RL-2,CPLNC,35,39,1,L-1,DPRNP,1,28,32
240,IRD-242,RICINCCAGTKGCNYFSADGTFVCKGESDPRNPKVCPLNCDPRIAYGLCPLS,RL-2,CPLNC,35,39,1,L-1,DPRNP,1,28,32
241,IRD-243,RICTNCCAGKKGCNYFSADGTFVCKGESDPRNPKVCPLNCDPRIAYGLCPLS,RL-2,CPLNC,35,39,1,L-1,DPRNP,1,28,32
242,IRD-244,QICTNCCSGTKGCRFFSANGTFVCEGESDPRNPKACPLNCDPRIAIGICPLS,RL-2,CPLNC,35,39,1,L-1,DPRNP,1,28,32
243,IRD-245,RLCTNCCAGAKGCRFFSADGTFVCEGESDPRNPKFCPLNCDPRIASGICTLS,RL-2,CPLNC,35,39,1,L-1,DPRNP,1,28,32
244,IRD-246,RLCTNCCAGTKGCRFFSADGTFVCEGESDPRNPKACPLNCDPRIATGICPYS,RL-2,CPLNC,35,39,1,L-1,DPRNP,1,28,32
245,IRD-247,PICINCCSGYKGCNYYSAFGRFICEGESDPKNPKACPLNCDTNIAYSRCSRS,RL-2,CPLNC,35,39,1,L-3,DPKNP,1,28,32
246,IRD-248,PICINCCSGYKGCNYYSAFGRFICEGESDPKNPKACPLNCDTNIAYSRCPRS,RL-2,CPLNC,35,39,1,L-3,DPKNP,1,28,32
247,IRD-249,PICINCCSGYKGCNYYSAFGRFICQGESDPKNPNACPLNCDPNIAYSRCPRS,RL-2,CPLNC,35,39,1,L-3,DPKNP,1,28,32
248,IRD-250,PICINCCSGYKGCNYYSAFGDLICQGESDPKNPKACPLNCDTNIAYSRCPRS,RL-2,CPLNC,35,39,1,L-3,DPKNP,1,28,32
249,IRD-251,RICTNCCAGTKGCKYFSNDGTFVCEGESDPRNPKACTLNCDPRIAYGICPLS,RL-3,CTLNC,35,39,1,L-1,DPRNP,1,28,32
250,IRD-252,QICTNCCAGTKGCNYFSANGTFICEGESDPRNPKACTLNCDPRIAYGVCPRS,RL-3,CTLNC,35,39,1,L-1,DPRNP,1,28,32
251,IRD-253,RICTNCCAGTKGCKYFSDDGTFVCEGESDPRNPKACTLNCDPRIAYGVCPRS,RL-3,CTLNC,35,39,1,L-1,DPRNP,1,28,32
252,IRD-254,RICTNCCAGKKGCKYFSNDGTFVCEGESDPRNPKACTLNCDPRIAYGICPLS,RL-3,CTLNC,35,39,1,L-1,DPRNP,1,28,32
253,IRD-255,RICTNCCAGKKGCKYFSDDGTFVCEGESDPRNPKACTLNCDPRIAYGICPLS,RL-3,CTLNC,35,39,1,L-1,DPRNP,1,28,32
254,IRD-256,PICTNCCAGRKGCNYYSADGTFICEGESDPKNPKPCTLNCDPRIFYSKCPRS,RL-3,CTLNC,35,39,1,L-3,DPKNP,1,28,32
255,IRD-257,RLCTNCCAGTKGCNYFGADGTFVCEGESDPRNPKRCTRECDPRINYRICPRS,RL-4,CTREC,35,39,1,L-1,DPRNP,1,28,32
256,IRD-258,RICTNCCSGKKGCKYFSDDGTFVCEGEFDPRNPKGCTFECDPRIAYGICPLS,RL-8,CTFEC,35,39,1,L-1,DPRNP,1,28,32
257,IRD-259,RICTNCCSGKKGCKYFSDDGTFVCEGESDPRNPKGCTFECDPGIAYGICPLS,RL-8,CTFEC,35,39,1,L-1,DPRNP,1,28,32
258,IRD-260,RLCTNCCAGKKGCKYFSDDGTFVCEGESDPRNPKGCTFECDPRIAYGICPLS,RL-8,CTFEC,35,39,1,L-1,DPRNP,1,28,32
259,IRD-261,RICTNCCSGKKGCKYFSDDGTFVCEGESDPRNPKGCTFECDPRIAYGICPLS,RL-8,CTFEC,35,39,1,L-1,DPRNP,1,28,32
260,IRD-262,RLCTNCCSGTKGCNYFSADGTFVCEGESDPRNPKGCTFECDPRIAYGICPRS,RL-8,CTFEC,35,39,1,L-1,DPRNP,1,28,32
261,IRD-263,PICTNCCSGYKGCNYYSAKGDLICEGESDPRNPKDCTFECDTQIAYSKCPRS,RL-8,CTFEC,35,39,1,L-1,DPRNP,1,28,32
262,IRD-264,PICTNCCSGYKGCNYYSAKGDLICEGESDPRNPNDCTFECDTQIAYSKCPRS,RL-8,CTFEC,35,39,1,L-1,DPRNP,1,28,32
263,IRD-265,PICTTCCAGYKGCNYYSANGTFICEGSSDPKNPNVCPQFCDPDIAYSKCPRS,RL-12,CPQFC,35,39,1,L-3,DPKNP,1,28,32
264,IRD-266,PICTTCCAGYKGCNYYSANGTFICEGSSDPKNPNFCPQFCDPDIAYSKCPRS,RL-12,CPQFC,35,39,1,L-3,DPKNP,1,28,32
265,IRD-267,PICTTCCAGYKGCNYYNANGTFICEGLSDPKNPNFCPQFCDPDIAYSKCPRS,RL-12,CPQFC,35,39,1,L-3,DPKNP,1,28,32
266,IRD-268,QICTNCCAGTKGCNYFSADGTFFCKGQSDPRNPKACPPNCDSRIDYGVCPRS,RL-14,CPPNC,35,39,1,L-1,DPRNP,1,28,32
267,IRD-269,RICTNCCSGKKGCKYFSDDGTFVCEGESDPRNPKGCTIECDPRIAYGICPLS,RL-15,CTIEC,35,39,1,L-1,DPRNP,1,28,32
268,IRD-270,RTCTNCCAGTKGCNYFSYDGTFVCEGESDPRNPKFCPQNCDGRIAYGICPVS,RL-16,CPQNC,35,39,1,L-1,DPRNP,1,28,32
269,IRD-271,QICTNCCAGRKGCNYFSADGTFVCEGESDPKNPKGCPRICDPRIAYRICRRS,RL-17,CPRIC,35,39,1,L-3,DPKNP,1,28,32
270,IRD-272,PICTNCCSGYKGCNYYSANGTFICEGSSDPKNPNTCPLYCDGDIAYSKCPRS,RL-27,CPLYC,35,39,1,L-3,DPKNP,1,28,32
271,IRD-273,RICTNCCAGRKGCNYYSADGTFVCEGESDPKNPKACTLDCDPRIFYSKCPRS,RL-31,CTLDC,35,39,1,L-3,DPKNP,1,28,32
272,IRD-274,PICTNCCSGYKGCNYYNANGTFICEGTSDPKNPNTCPFYCDPQIAYS,RL-34,CPFYC,35,39,1,L-3,DPKNP,1,28,32
273,IRD-275,PICTNCCSGYKGCNYYNANGTFICEGTSDPKNPNICPSYCDPQIAYS,RL-46,CPSYC,35,39,1,L-3,DPKNP,1,28,32
274,IRD-276,PICTNCCSGYKGCNYYYANGTFICEGTSDPKNPNICPSYCDPQIAYS,RL-46,CPSYC,35,39,1,L-3,DPKNP,1,28,32
275,IRD-277,PICTNCCSGYKGCNYYSANGTFICEGSSDPKNPNTCPLFCDGDIAYSKCPRS,RL-35,CPLFC,35,39,1,L-3,DPKNP,1,28,32
276,IRD-278,PICTNCCSGYKGCKYYSANGDLVCEGESDPRNPNDCSYECDTQIAYSKCPRS,RL-50,CSYEC,35,39,1,L-1,DPRNP,1,28,32
277,IRD-279,KACPPNCDPHIAYSKCPPSKGKSLIYPTGCTTCCTGYKGCYYFGKNGKFECE,RL-14,CPPNC,2,6,2,,,,,
278,IRD-280,RVCTQECDPRVAYMTCPSTGSTKHTRICVNCCTAKSGCKLYDRNGSQLCTG,RL-18,CTQEC,2,6,2,,,,,
279,IRD-281,RVCTQECDPRVAYMTCPSTGSTKHTRICVNCCTAKPGCKLYDRNGSLLCTG,RL-18,CTQEC,2,6,2,,,,,
280,IRD-282,RVCTQECDPRVAYMTCPSTGSTKHTRICVNCCTAKPGCKLYDRNGSQLCTG,RL-18,CTQEC,2,6,2,,,,,
281,IRD-283,RVCTQECDPRVAYMTCPSDGSTKHTRICENCCTAKPGCKLYDRNGSQLCTG,RL-18,CTQEC,2,6,2,,,,,
282,IRD-284,QICTQECNPNAAYMICQPNNKKTKNVCTNCCKIQNTRCHIYTSKDGLIC,RL-18,CTQEC,2,6,2,,,,,
283,IRD-285,KVCTQQCDPKVAYMTCPPESTKLTRVCVNCCTAKPGCKLYGHDGSLICIG,RL-20,CTQQC,2,6,2,,,,,
284,IRD-286,KVCTQQCDPKVAYMTCPPESAKRTRICVNCCTAKPGCKLYGHDESLICVG,RL-20,CTQQC,2,6,2,,,,,
285,IRD-287,KKCPAICIIDAYMTCPSSGSVKIKVHCGNCCTLREGCKLYRKDGSLICTG,RL-21,CPAIC,2,6,2,,,,,
286,IRD-288,KKCPAICIIAAYMTCPSSGSVKIKVHCGNCCSLSEGCKLYRKDGSLICTG,RL-21,CPAIC,2,6,2,,,,,
287,IRD-289,KGCSRNCDTEVDYMVCPSGGETITRNVCTNCCSAQKSCKLFRSDGSVKCSG,RL-22,CSRNC,2,6,2,,,,,
288,IRD-290,EHCPKECDRKIAYSKCPHSEGPTKIIPTKCTTCCTGYKGCYYYGKDNKFVCEG,RL-23,CPKEC,2,6,2,,,,,
289,IRD-291,EHCPKECNRKIAYSKCPHSEGPTKIIPTKCTTCCTGYKGCYYYGKDNKFVCEG,RL-23,CPKEC,2,6,2,,,,,
290,IRD-292,KSCTTECDPRVATISCPFSGLVKINQECINCCNADKGCELYDNDGSLICTG,RL-24,CTTEC,2,6,2,L-55,GLVKI,2,19,23
291,IRD-293,KSCTTECDPRVATISCPISGLVKINQECINCCNADKGCELYDNDGSLICTG,RL-24,CTTEC,2,6,2,L-55,GLVKI,2,19,23
292,IRD-294,NICTQHCDPRVAYSKCPRSGGNTIIKHTGCTTCCTGYKGCYYFGHDGKFVCEG,RL-25,CTQHC,2,6,2,L-72,GGNTI,2,19,23
293,IRD-295,NICTQHCDPRVAYSKCPRSGRNTIIKHTGCTTCCTGYKGCYYFGHDGKFVCEG,RL-25,CTQHC,2,6,2,L-76,GRNTI,2,19,23
294,IRD-296,NICTQHCDPRVAYSKCPRSGGNTIIKHTECTTCCTGYKGCYYFGHDGKFVCEG,RL-25,CTQHC,2,6,2,L-72,GGNTI,2,19,23
295,IRD-297,KSCLQYCDDEVAYMTCPSSGDEQISQVCVNCCTADEGCKLFKTDGSLICTG,RL-26,CLQYC,2,6,2,L-56,GDEQI,2,19,23
296,IRD-298,KSCLQYCDDKVAYMTCPSSGDEQISQVCVNCCTADEGCKLFKTNGSLICTG,RL-26,CLQYC,2,6,2,L-56,GDEQI,2,19,23
297,IRD-299,NTCPLYCDGDIAYSKCPRSEGQTIIYPTGCTTCCTGYKGCYYFSKEGEFVCEG,RL-27,CPLYC,2,6,2,,,,,
298,IRD-300,KVCPLYCIINQGIYMTCPSSGSQKLEPVCNCCLAKTGCKLYRDNGTLICTA,RL-27,CPLYC,2,6,2,,,,,
299,IRD-301,KACPLYCLDVDYMTCESSGDKKLNSACNCCLAPKNCTLHLADGRMVQC,RL-27,CPLYC,2,6,2,,,,,
300,IRD-302,IACPLYCLDVDYMTCPSSGEEKLSPSCNCCLAPKNCTLHLSDGSSLYCK,RL-27,CPLYC,2,6,2,,,,,
301,IRD-303,IVCPLYCLDVDYMTCPSSGEEKLSPSCNCCLAPKNCTLHLSDGSSIYCK,RL-27,CPLYC,2,6,2,,,,,
302,IRD-304,KACPLYCLDVEYMTCQSSGDEKLNPSCNCCLAPKNCTLHLSDGTSLFCK,RL-27,CPLYC,2,6,2,,,,,
303,IRD-305,KACPLYCLDVEYMTCQSSGEKKLNPSCNCCLAPKNCTVHLVDGTSIYCKG,RL-27,CPLYC,2,6,2,,,,,
304,IRD-306,EACPLYCLDVEYMTCESSGEEKLSPRCNCCLAPKNCTLHLSDGTSIFCK,RL-27,CPLYC,2,6,2,,,,,
305,IRD-307,IACPLYCLQVEYMTCPSSGADKLPPRCNCCLAPKNCTLHLSDSTTIHCS,RL-27,CPLYC,2,6,2,,,,,
306,IRD-308,KACPLYCLDVDYMTCVSSGEEKLTAPCNCCLAPKQCTLHLVDGSEVQCD,RL-27,CPLYC,2,6,2,,,,,
307,IRD-309,LACPLYCLDVKYMTCTSSGGERLPGRCNCCLAPKGCTLHLTDGTTRFCV,RL-27,CPLYC,2,6,2,,,,,
308,IRD-310,IACPLYCLEVEYMTCPSSGDEKLPPRCNCCLAPKDCTLHLSGSTSIHCT,RL-27,CPLYC,2,6,2,,,,,
309,IRD-311,IACPLYCLEVEYMTCPSSGDEKLPPRCNCCLAPKNCTLHLSGSTSIHCT,RL-27,CPLYC,2,6,2,,,,,
310,IRD-312,KACPLYCLQVEYMTCLSSGDAKLPPRCNCCLAPKNCTLHLSDSTSIHCK,RL-27,CPLYC,2,6,2,,,,,
311,IRD-313,KACPLYCLDVEYMTCQSSGEKKLNPKCNCCLAPKNCTLHLVDGNSL,RL-27,CPLYC,2,6,2,,,,,
312,IRD-314,IACPLYCLQVEYMTCRSSGEEKLPPKCNCCLAPKNCTLHLSDSTSIHCN,RL-27,CPLYC,2,6,2,,,,,
313,IRD-315,IACPLYCLQVEYMTCLSSGDDKLPPRCNCCLAPKNCTLHLSDSTSIHCN,RL-27,CPLYC,2,6,2,,,,,
314,IRD-316,KPCTPNCDPRIFYSKCPRSEGNVENRICTNCCAGRKGCNYYSADGTFICEG,RL-28,CTPNC,2,6,2,L-57,EGNVE,2,19,23
315,IRD-317,KACPANCDPRIAYSKCPRSQGRRIHYPTGCTNCCTGYKGCYYFGKDGKFVCEG,RL-29,CPANC,2,6,2,,,,,
316,IRD-318,KACPANCDPRIAYSKCPRSQGRRIDYPTGCTNCCTGYKGCYYFGKDGKFVCEG,RL-29,CPANC,2,6,2,,,,,
317,IRD-319,KACPANCDRRIAYSKCPRSQGRRIHYPTGCTNCCTGYKGCYYFGEDGKFVCKG,RL-29,CPANC,2,6,2,,,,,
318,IRD-320,KACTRNCDPDVAYMVCPSSGHRIIKQVCVNCCSARKGCKLFRKNGSVKCIG,RL-30,CTRNC,2,6,2,,,,,
319,IRD-321,KACTRNCDPDVAYMVCPSTRQKITKPCVNCCSAKKGCKLFRSNGSVKCTG,RL-30,CTRNC,2,6,2,,,,,
320,IRD-322,KACTRNCDPDVAYMVCPSTGQRITKPCVNCCSARKGCKLFRSNGSVKCTG,RL-30,CTRNC,2,6,2,,,,,
321,IRD-323,KACTRNCDPDVAYMVCPSTRQKITKPCVNCCSARKGCKLFRSNGSVKCTG,RL-30,CTRNC,2,6,2,,,,,
322,IRD-324,KACTRNCDPDVAYMVCPSTGQRITKPCVNCCSARKGCKLFHSNGSVKCTG,RL-30,CTRNC,2,6,2,,,,,
323,IRD-325,KICPQYCTDQAGYMTCPSSGNTQLSPSCNCCLAPAGCTLYRADGTSICTG,RL-33,CPQYC,2,6,2,,,,,
324,IRD-326,KVCPQYCTQDAGYMTCPSSGNKQLNPPCNCCLAPKGCTVYHADGTAICTG,RL-33,CPQYC,2,6,2,,,,,
325,IRD-327,KACPQYCLDVEYMTCPSTGEQQLSPKCNCCLAPKGCILHLSDGTSVTCS,RL-33,CPQYC,2,6,2,,,,,
326,IRD-328,NACPQYCLDYAYMTCPSSGSQKLDPACNCCLAQGCTLYLADGTSTYCD,RL-33,CPQYC,2,6,2,,,,,
327,IRD-329,VACPQYCLEVDYITCPSSGSQKLPARCNCCMAPKGCTLHLSDGINQTCS,RL-33,CPQYC,2,6,2,,,,,
328,IRD-330,VACPQYCLDVDYMTCASSGDEKLAARCNCCLAPKGCTLHLVDGQNVYCA,RL-33,CPQYC,2,6,2,,,,,
329,IRD-331,MACPQYCLEVDYITCPSSGSQKLPARCNCCMAPKGCTLHLPDGINQTCS,RL-33,CPQYC,2,6,2,,,,,
330,IRD-332,VACPQYCLEVDYVTCPSSGAEKLPARCNCCMTPKGCTLHLSDGTQQTC,RL-33,CPQYC,2,6,2,,,,,
331,IRD-333,VACPQYCLEVDYVTCPSSEQQKLPARCNCCMAPKGCTLHLSDGISQTCS,RL-33,CPQYC,2,6,2,,,,,
332,IRD-334,VACPQYCLEVDYVTCPSSGAEKLPARCNCCMTPKGCTLHLSDGTRQTC,RL-33,CPQYC,2,6,2,,,,,
333,IRD-335,EACPQYCLDVEYMTCGNSGTKQYPSCINCCLAPKGCTLHLADGTTQYCG,RL-33,CPQYC,2,6,2,,,,,
334,IRD-336,VACPQYCLDVSYVTCTSSGEERLPARCNCCLAGKGCTLHLSDGSQMTCS,RL-33,CPQYC,2,6,2,,,,,
335,IRD-337,VACPQYCLDVSYVTCTSSGKERLPARCNCCLAGKGCTLHLSDGSQMTCS,RL-33,CPQYC,2,6,2,,,,,
336,IRD-338,FACPQYCLEVDYVTCPSSGAEKLPARCNCCMTPKGCTLHISDGTQQTC,RL-33,CPQYC,2,6,2,,,,,
337,IRD-339,RFCPLFCFRSEYMTCPSTGYERLPPQCNCCLAGPGCKIYGFDGRLLCAE,RL-35,CPLFC,2,6,2,,,,,
338,IRD-340,KMCLQVCDDEVAYMTCPSSGDEQISPVCVNCCTAGEGCKLFRADGSLICTG,RL-36,CLQVC,2,6,2,L-56,GDEQI,2,19,23
339,IRD-341,MCLQVCDDEVAYMTCPSSGDEQISPVCVNCCTAGEGCKLFRADGSLICTG,RL-36,CLQVC,1,5,2,L-56,GDEQI,2,18,22
340,IRD-342,KMCLQVCDNEVAYMTCPSSGDEKITEVCVNCCTADEGCKLYRADGSLICTG,RL-36,CLQVC,2,6,2,,,,,
341,IRD-343,KMCLQVCDPEVAYMTCPSSGDEKISDVCVNCCTAAVGCKLFRSDGSLICTG,RL-36,CLQVC,2,6,2,,,,,
342,IRD-344,KMCLQVCDPEVAYMTCPSSGDEKMSDVCVNCCTAAVGCKLFRSDGSFICTG,RL-36,CLQVC,2,6,2,,,,,
343,IRD-345,KMCLQVCDNEVAYMTCPSSGDEKISGVCVNCCTADEGCKLYRMAQNP,RL-36,CLQVC,2,6,2,,,,,
344,IRD-346,KSCLQFCDNEVAYMTCPSSGDEQISPVCVNCCTADEGCKLFRTDGSLICTG,RL-37,CLQFC,2,6,2,L-56,GDEQI,2,19,23
345,IRD-347,KSCLQFCDNEVAYMTCPSSRDEQISPVCVNCCTANEGCKLFRKNGSLICTG,RL-37,CLQFC,2,6,2,,,,,
346,IRD-348,KMCIQVCDPEVASMTCPSSGDEKINDVCVNCCTAAVGCKLFRSDGSLICTG,RL-38,CIQVC,2,6,2,,,,,
347,IRD-349,KMCIQVCDPEVASMTCPSSGDEKINDVCVNCCTAAVGCKLFRSDGSLICIG,RL-38,CIQVC,2,6,2,,,,,
348,IRD-350,KVCPLICYDVAAYMTCPSSGNEHLSPLCNCCLASEPGCAIYLSDGTRLCTS,RL-39,CPLIC,2,6,2,,,,,
349,IRD-351,RLCPLICEPPKIKVCPSRGTNQIPISVLPPDKEPSNGCHLYNLKTGA,RL-39,CPLIC,2,6,2,,,,,
350,IRD-352,RPCPLICQPPKIKVCPSPGTNQIPISVLPPDKEPSNGCHLYNLKTGA,RL-39,CPLIC,2,6,2,,,,,
351,IRD-353,KVCPLICYDAAAYMTCPSSGNEHLSPLCNCCLASEPGCALDLSDGTRL,RL-39,CPLIC,2,6,2,,,,,
352,IRD-354,KICPQICFDAAAYMMCPSSGTQKLAPTCNCCLAPQGCSLYYADRTLICTS,RL-40,CPQIC,2,6,2,,,,,
353,IRD-355,KVCPQICYEAAYMTCPSSGSTHLSPSCNCCLAPEVGCKIYNSDGTRICTS,RL-40,CPQIC,2,6,2,,,,,
354,IRD-356,VACPLVCLDVDYMTCPSTGDEHLSPQCNCCLAPKGCTLHLTDGTSVSCS,RL-41,CPLVC,2,6,2,,,,,
355,IRD-357,KVCNKICYGAAAYMTCPSSGSTQLDPVCNCCLAPALGCTLYESDGTPICTS,RL-42,CNKIC,2,6,2,,,,,
356,IRD-358,KVCNKICYGAAAYMTCPSSGNTQLDPVCNCCLAPALGCTLYESDGTPICTS,RL-42,CNKIC,2,6,2,,,,,
357,IRD-359,KSCPRDCISDAAYMVCPTRHRQHKLIESYCDNCCTLPENCKLFKENGDLICTG,RL-43,CPRDC,2,6,2,,,,,
358,IRD-360,KSCPRDCISDAAYMVCPTRHGRHKLIESYCDNCCTLPENCKLFKENGDLICTG,RL-43,CPRDC,2,6,2,,,,,
359,IRD-361,KSCPRDCISDAAYMVCPTHHGRHKLIESYCDNCCTLPGNCKLFKENGDLICTG,RL-43,CPRDC,2,6,2,,,,,
360,IRD-362,RVCAMYCLNGTYMTCPPKDPEKLPPACNCCLAKKRGCTIYLSDGGALYCMG,RL-44,CAMYC,2,6,2,,,,,
361,IRD-363,RVCAMYCLNGTYMTCPPKDPEKLPPACNCCLAKKRGCTIYLSDGGAVSG,RL-44,CAMYC,2,6,2,,,,,
362,IRD-364,RMCAMYCLDAKYMTCPPKDTEQLPPACNCCVAEKRGCTIYLSNGGVEKC,RL-44,CAMYC,2,6,2,,,,,
363,IRD-365,KACLQKCNNEVEYMTCPSSGDEKIMPTCTNCCLAEVGCKLFRADGSLICVG,RL-51,CLQKC,2,6,2,,,,,
364,IRD-366,KVCPRFCYAAVAYMTCPPAPYKKLGPVCNCCMAKPGCKLFRADGTVICTA,RL-52,CPRFC,2,6,2,,,,,
365,IRD-367,KVCPFFCYAEVAYMTCPPAPYKKLGPVCNCCLAKPGCKLFRADGTVICTA,RL-53,CPFFC,2,6,2,,,,,
366,IRD-368,KYCTQDCLPNVWYMTCPSSGNKKLYPLCINCCRTPKGCKLFGPNDYLIL,RL-54,CTQDC,2,6,2,,,,,
367,IRD-369,KVCIQICYEAAYMTCPSSGSTHLSPSCNCCLAPEVGCKIYNSDGTQICTS,RL-55,CIQIC,2,6,2,,,,,
368,IRD-370,KACYLICFDAAYMTCPSTGLQKLAPACNCCLAGSGCKIYAADGSLICS,RL-56,CYLIC,2,6,2,,,,,
369,IRD-371,KACYLYCLQVDYMTCPSSGEEKLEPKCNCCLAPKGCTLHLSGGSSMLCS,RL-57,CYLYC,2,6,2,,,,,
370,IRD-372,RFCPMYCLDFEYMTCNSTGTKQLPGVCNCCLAAQKGCTIHLRNGGVQKCP,RL-58,CPMYC,2,6,2,,,,,
371,IRD-373,KVCIETCQEAYYMTCPSTGNAKLNPACNCCLASLKEDGCTIYLKDGTVEKCP,RL-62,CIETC,2,6,2,,,,,
372,IRD-374,KPCPDICLDYAYMTCPSSGNQKLDPACNCCFAPGCTLYLPDGTSTYCN,RL-63,CPDIC,2,6,2,,,,,
373,IRD-375,KACTKECDTRIDFGICPLLETKRVEGLCTNCCAGKKGCKYFSKDGTYICDG,RL-10,CTKEC,2,6,2,L-66,ETKRV,2,19,23
374,IRD-376,KDCTKECDTRIDFGICPLLETKRVKGLCTNCCAGKKGCKYFSADGTYICDG,RL-10,CTKEC,2,6,2,L-66,ETKRV,2,19,23
375,IRD-377,KICPQFCEPNIGYMTCPSTGHKKLYPKCINCCKAGKGCKLYRKNGSLRCTG,RL-12,CPQFC,2,6,2,,,,,
376,IRD-378,QICPQFCEPNVDYMTCSSSGSTILRPTCINCCQARGRGCQLFRRDGSAICN,RL-12,CPQFC,2,6,2,,,,,
377,IRD-379,QICPQFCEPNVDYMTCSSSGSTILRPTCINCCQATGRGCQLFRRDGSTICN,RL-12,CPQFC,2,6,2,,,,,
378,IRD-380,QICPQFCEPNVDYMTCSSSGSTILRPTCINCSQARGRGCQLFRRDGSAICN,RL-12,CPQFC,2,6,2,,,,,
379,IRD-381,KICPQFCYDSVAYMTCPSSGDQHLTPKCNCCLASTGCILYEADGTPICTA,RL-12,CPQFC,2,6,2,,,,,
380,IRD-382,KICPQFCYDGLEYMTCPSTGSQHLKPACNCCIAGEKGCALYLNNGQVVNCT,RL-12,CPQFC,2,6,2,,,,,
381,IRD-383,KICPQFCYDTVAYMTCPSTGGQHLYPKCNCCLASIGCILYEADGTPICTA,RL-12,CPQFC,2,6,2,,,,,
382,IRD-384,KICPQFCYDGLEYMTCPSTGSQHLKPACNCCIAGEKGCVLYLNNGQVINCT,RL-12,CPQFC,2,6,2,,,,,
383,IRD-385,KICPQFCFDGIEYMTCPSTGDKHLKPACNCCIADEKGCAIYLNNGQVVNCT,RL-12,CPQFC,2,6,2,,,,,
384,IRD-386,KICPQFCYDGIEYMTCPSTGSQRLKPVCNCCLADENGCAIYLNNGQVVNC,RL-12,CPQFC,2,6,2,,,,,
385,IRD-387,KFCPQFCYDGLEYMTCPSTGSQHLKPACNCCIAGEKGCVLYLNNGQVINCT,RL-12,CPQFC,2,6,2,,,,,
386,IRD-388,KFCPQFCYEGIEYMTCPSTGSKHLRPVCNCCLASEKGCAIYLSSGQVVNCA,RL-12,CPQFC,2,6,2,,,,,
387,IRD-389,EACPQFCYEAAYMTCPSSGSTHISPSCNCCLAPQVGCKIYYSDGTLICT,RL-12,CPQFC,2,6,2,,,,,
388,IRD-390,VACPQFCLDVDYVTCPSSGSEKLPASCNCCMTPKGCTLHLSDGTQQTCS,RL-12,CPQFC,2,6,2,,,,,
389,IRD-391,VACPQFCLDVDYVTCPSSGSEKLPARCNCCMTPKGCTLHLSDGTQQTCS,RL-12,CPQFC,2,6,2,,,,,
390,IRD-392,AACPQFCLDVAYVTCPSSGSEQLPARCNCCMTPAGCTLHLSDGTQQTC,RL-12,CPQFC,2,6,2,,,,,
391,IRD-393,KICPQFCYDNLDYMTCRSTGDQKRTPSCNCCLAPTNDGCILYFANGDAPIVC,RL-12,CPQFC,2,6,2,,,,,
392,IRD-394,VVCPLYCLQVDYMTCPSSGSEKLPAKCNCCLARAPKGCTLHLSDGTQQTCS,RL-27,CPLYC,2,6,2,,,,,
393,IRD-395,VVCPLYCLQVDYVTCPSSGSEKLPARCNCCLAPKGCTLHLSDGRQQNCS,RL-27,CPLYC,2,6,2,,,,,
394,IRD-396,VACPQYCLEVDYVTCPSSGSEKLPARCNCCLAPKGCTLHLSDGTQQTCS,RL-33,CPQYC,2,6,2,,,,,
395,IRD-397,VACPQYCLEVEYTTCPSSGSEKLPARCNCCMAPKGCTLHLSDGTKQTCR,RL-33,CPQYC,2,6,2,,,,,
396,IRD-398,KVCPLICYDSAGYMTCPSSGDQHLSPPCNCCLASTGCKIYKADGTLICTA,RL-39,CPLIC,2,6,2,,,,,
397,IRD-399,VACPQICYEAAYMTCPSSGDQHLTPACNCCIASTGCTLYNEDGTSICTA,RL-40,CPQIC,2,6,2,,,,,
398,IRD-400,VACHQYCLEVDYITCPSSGSEKLPARCNCCMAGKGCTLHLSGGINQTCN,RL-59,CHQYC,2,6,2,,,,,
399,IRD-401,KACPFNCDPRIAYGVCPRLEEDKNNQICTNCCAGTKGCNYFSADGTFICKG,RL-5,CPFNC,2,6,2,L-50,EEDKN,2,19,23
400,IRD-402,KVCPFNCDGRISYSVCGNKKSSGRICTNCCAARKGCNYFSADGTFVCKG,RL-5,CPFNC,2,6,2,,,,,
401,IRD-403,KVCPFNCNPRIAYSICPGNKRSKGRICTNCCAGKKGCNYFSTDGTFVCEG,RL-5,CPFNC,2,6,2,,,,,
402,IRD-404,KACPRYCDTRIAYSKCPRSEGGAENRLCTNCCAGRKGCNYYSADGTFICEG,RL-6,CPRYC,2,6,2,L-51,EGGAE,2,19,23
403,IRD-405,NACTFNCDPNIAYSRCPRSQGKSLIYPTGCTTCCTGYKGCYYFGKDGKFVCEG,RL-7,CTFNC,2,6,2,,,,,
404,IRD-406,NACTFNCDPNIAYSRCPRSQGKSLIYPTGCTTCCTGYKGCYYFGKDGKIVCEG,RL-7,CTFNC,2,6,2,,,,,
405,IRD-407,NACTFNCDPNIAYSRCPRSQGKSLIYPTGCTTCCTGYKGCYYFGKSGKIVCEG,RL-7,CTFNC,2,6,2,,,,,
406,IRD-408,KDCTFECDTQIAYSKCPRSEGKMIIKPTGCTTCCTGYQGCYYFDQDGDFVCEG,RL-8,CTFEC,2,6,2,,,,,
407,IRD-409,NDCTFECDTQIAYSKCPRSEGKMIIKPTGCTTCCTGYQGCYYFDQDGDFVCEG,RL-8,CTFEC,2,6,2,,,,,
408,IRD-410,KACTLECDPRVAYMTCPSAGLAKIKDVCVNCCTAGEGCKLYGHNGSLLCTG,RL-9,CTLEC,2,6,2,L-68,GLAKI,2,19,23
409,IRD-411,KACTLECDSRVAYMTCPSSGLAKIYQVCVNCCTAGEGCKLYGHDGSLICTG,RL-9,CTLEC,2,6,2,L-68,GLAKI,2,19,23
410,IRD-412,KACTLECDPRVAYMTCPSTGLAKIKDVCVNCCTAGEGCKLYGHNGSLLCTG,RL-9,CTLEC,2,6,2,L-68,GLAKI,2,19,23
411,IRD-413,KACTLECDSRVAYMTCPSSGLAKLNQVCVNCCTAGEGCKLYGYDGSLICTG,RL-9,CTLEC,2,6,2,L-71,GLAKL,2,19,23
412,IRD-414,RACTLECDPKVAYMTCPSSGSTKLTRICFNCCTARVQGCKLYGHDESLLCTG,RL-9,CTLEC,2,6,2,L-73,GSTKL,2,19,23
413,IRD-415,RACTLECDPKVAYMTCPSSGSTKLTRICVNCCTARVQGCKLYGHDEFLLCTG,RL-9,CTLEC,2,6,2,L-73,GSTKL,2,19,23
414,IRD-416,RACTLECDPKVAYMTCPSSGSTKLTRICVNCCTARVQGCKLYGPDEFLLCTG,RL-9,CTLEC,2,6,2,L-73,GSTKL,2,19,23
415,IRD-417,KACTLECGNLGFGICPRLEGSPTNPICINCCSGYKGCNYYSAFGRFICEG,RL-9,CTLEC,2,6,2,L-52,EGSPT,2,18,22
416,IRD-418,KGCTKECDPRVAYMTCPSSGLAKLNQVCVNCCSAGEGCKLYDNDGSLLCTG,RL-10,CTKEC,2,6,2,L-71,GLAKL,2,19,23
417,IRD-419,KACTKECGNFAYGICPRSQGTPDDPICTTCCAGYKGCNYYSANGTFICEG,RL-10,CTKEC,2,6,2,,,,,
418,IRD-420,KACTKECGNFAYGICPRSQGTPDHPICTTCCAGYKGCNYYNANGTFICEG,RL-10,CTKEC,2,6,2,,,,,
419,IRD-421,KACTKECGNFAYGICPRSEGSAKEPICTNCCSGYKGCNYYSADGTFVCEG,RL-10,CTKEC,2,6,2,L-53,EGSAK,2,18,22
420,IRD-422,KACTKECGNFAYGICPRSEGSAKEPICTNCCSGYKGCNYYSADGTFICEG,RL-10,CTKEC,2,6,2,L-53,EGSAK,2,18,22
421,IRD-423,KPCTKECGHLGFGICPRSQGSPQNPICTNCCAGFKGCNYYSAHGTFICEG,RL-10,CTKEC,2,6,2,L-54,QGSPQ,2,18,22
422,IRD-424,KPCTKECGHLGFGICPRSQGSPQNPICTNCCSGFKGCNYYSADGTFICEG,RL-10,CTKEC,2,6,2,L-54,QGSPQ,2,18,22
423,IRD-425,NTCPKNCDSKIVYSKCPLSEGNRVIENIECTSCCTGYKGCYYFDLDGKFVCEG,RL-11,CPKNC,2,6,2,L-77,EGNRV,2,19,23
424,IRD-426,NTCPKNCDSKIAYSKCLLSEGNRVIENIECTSCCTGYKGCYYFGLDGKFVCEG,RL-11,CPKNC,2,6,2,L-77,EGNRV,2,19,23
425,IRD-427,NVCPQFCDPDIAYSKCPRSEGETIINPTGCTTCCTGYKGCYYFGQDGEFVCEG,RL-12,CPQFC,2,6,2,L-78,EGETI,2,19,23
426,IRD-428,NFCPQFCDPDIAYSKCPRSEGETIINPTGCTTCCTGYKGCYYFGQDGEFVCEG,RL-12,CPQFC,2,6,2,L-78,EGETI,2,19,23
427,IRD-429,ERCSKECDRKIAYSKCPRSEGPTIIKPTGCTTCCTGYKGCYYYGKDNKFVCEG,RL-13,CSKEC,2,6,2,,,,,
428,IRD-430,KGCTQECDPRVAYMTCPSSGLAKLNEVCVNCCTAGEGCKLYEHDGSLLCTG,RL-18,CTQEC,2,6,2,L-71,GLAKL,2,19,23
429,IRD-431,KPCTMECGHLGFGICPRSQGSPQNPICTNCCSGFKGCNYYSVNGTFICEG,RL-19,CTMEC,2,6,2,L-54,QGSPQ,2,18,22
430,IRD-432,KACTMECDPRVAYMICPSSGLAKLSQVCVNCCTAGDGCKLYGYDGSLICTG,RL-19,CTMEC,2,6,2,L-71,GLAKL,2,19,23
431,IRD-433,KICTQQCDPKVAYMICPSSGSTKLLTQICVNCCTAKASCKLYGHDGSLLCTG,RL-20,CTQQC,2,6,2,L-73,GSTKL,2,19,23
432,IRD-434,KICTQQCDPKVAYMICPSSGSTKLLTQICVNCCTAKADCKLYGHDGSLLCTG,RL-20,CTQQC,2,6,2,L-73,GSTKL,2,19,23
433,IRD-435,KPCRRNCDGRISYSVCGNKKSSGRICTNCCAGKKGCNYFSADGTFVCEG,RL-32,CRRNC,2,6,2,,,,,
434,IRD-436,NTCPLFCDGDIAYSKCPRSEGETIIYPTGCTTCCTGYKGCYYFSKEGEFVCEG,RL-35,CPLFC,2,6,2,L-78,EGETI,2,19,23
435,IRD-437,NDCSYECDTQIAYSKCPRSEGKMIIKPTGCTTCCTGYQGCYYFDQEGDFVCEG,RL-50,CSYEC,2,6,2,,,,,
436,IRD-438,KACPRNCDTDIAYMVCPSSGERTIRKVCTNCCAAQKGCKLFRSNGSIKCTG,RL-1,CPRNC,2,6,2,,,,,
437,IRD-439,AGCPRNCDPDAAYIKCPPNPKKTEAGCTNCCVSTSRGCRLYYSNNTRLC,RL-1,CPRNC,2,6,2,,,,,
438,IRD-440,KACPLNCDGRIAYEICPRTEEKKTNQICTNCCAGTKGCNYFNANGTFICEG,RL-2,CPLNC,2,6,2,L-40,EEKKT,2,19,23
439,IRD-441,KACPLNCDPRIAIGICPLSQEKKNDQLCTNCCAGKKGCNYFSDDGTFICEG,RL-2,CPLNC,2,6,2,L-41,QEKKN,2,19,23
440,IRD-442,KVCPLNCDPHIAYSKCPRSGGNTLIYPTGCTTCCTGYKGCYYFGKDGKFVCEG,RL-2,CPLNC,2,6,2,L-69,GGNTL,2,19,23
441,IRD-443,KACPLNCDTNIAYSRCSRSKGKTLIYPTGCTTCCTGYKGCYYFGKNGKFVCEG,RL-2,CPLNC,2,6,2,,,,,
442,IRD-444,KPCTLNCDPRIFYSKCPRSEASAEQPICTNCCAGLKGCNYYNADGTFICEG,RL-3,CTLNC,2,6,2,L-42,EASAE,2,19,23
443,IRD-445,KACTLNCDPRIFYSKCPRSEASAEQPICTNCCAGLKGCNYYNADGTFICEG,RL-3,CTLNC,2,6,2,L-42,EASAE,2,19,23
444,IRD-446,KPCTLNCDPRIFYSKCPRSEASAERPICTNCCAGLKGCNYYNADGTFICEG,RL-3,CTLNC,2,6,2,L-42,EASAE,2,19,23
445,IRD-447,KPCTLNCDPRIAYSKCPRSEGNAGNRICTNCCAGRKGCNYYSADGTFICEG,RL-3,CTLNC,2,6,2,,,,,
446,IRD-448,KPCTLNCDPRIFYSKCPRSEASAEQPICTNSSAGLKGCNYYNADGTFICEG,RL-3,CTLNC,2,6,2,L-42,EASAE,2,19,23
447,IRD-449,KACTRECDTRIAYGVCPRLEEKTNNRICTNCCAGKKGCKYFSDDGTFVCEG,RL-4,CTREC,2,6,2,L-43,EEKTN,2,19,23
448,IRD-450,KACTRECDTRIAYGVCPRLEEKTNNRICTNCCAGKKGCKYFSADGTFVCEG,RL-4,CTREC,2,6,2,L-43,EEKTN,2,19,23
449,IRD-451,KACTRECGNLGYGICPRSEGSAEEPICTNCCAGYKGCKYYSADGTFICEG,RL-4,CTREC,2,6,2,L-44,EGSAE,2,18,22
450,IRD-452,KPCTRECGNFSYAICPRSEGSPRTPICTTCCAGYKGCKYYNANGTFICEG,RL-4,CTREC,2,6,2,L-45,EGSPR,2,18,22
451,IRD-453,KPCTRECGNFSYAICPRSEGSPKSPICTTCCAGYKGCKYYNANGTFICEG,RL-4,CTREC,2,6,2,L-46,EGSPK,2,18,22
452,IRD-454,RLCTRECGNFSYAICPRSEGDPRNPICTTCCAGYKGCHYYSANGTFICEG,RL-4,CTREC,2,6,2,L-1,DPRNP,1,20,24
453,IRD-455,KPCTRECGNLGYGICPRSEGSPENPICTNCCSGYKGCNYYSANGTFICEG,RL-4,CTREC,2,6,2,L-47,EGSPE,2,18,22
454,IRD-456,KACTRECGNLGFGICPRSEGSPLNPICINCCSGYKGCNYYNSFGKFICEG,RL-4,CTREC,2,6,2,L-48,EGSPL,2,18,22
455,IRD-457,KACTRECGHFSYGICPRSEGSPQKPICTNCCSGYKGCNYYSAKGDLICEG,RL-4,CTREC,2,6,2,L-49,EGSPQ,2,18,22
456,IRD-458,KACTRECGHFSYGICPRSEGSPEKPICTNCCSGYKGCNYYSAKGDLICEG,RL-4,CTREC,2,6,2,L-47,EGSPE,2,18,22
457,IRD-459,KACTRECGNLGFGICPRSEGSPLNPIFINCCSGYKGCNYYNSFGKFICEG,RL-4,CTREC,2,6,2,L-48,EGSPL,2,18,22
458,IRD-460,KACTRECGHFSYGICPRSEGSPQKPICTNCCSGYKGCNYYSAKGDLICE,RL-4,CTREC,2,6,2,L-49,EGSPQ,2,18,22
459,IRD-461,KACPRYCDTRIAYSKCPRSEASAENRLCTNCCAGRKGCNYYSADGTFICEG,RL-6,CPRYC,2,6,2,L-42,EASAE,2,19,23
460,IRD-462,DACTFNCDPKIAYEVCPRSEEKTNNQICTNCCSGTKGCRFFSANGTFVCEG,RL-7,CTFNC,2,6,2,L-43,EEKTN,2,19,23
461,IRD-463,KPCTLECDPRIFYSKCPRSEASAENRICTNCCAGRKGCNYYSADGTFICEG,RL-9,CTLEC,2,6,2,L-42,EASAE,2,19,23
462,IRD-464,KACTLECGNLGYGICPRSEGSPENPICTNCCAGYKGCNYYSANGTFICEG,RL-9,CTLEC,2,6,2,L-47,EGSPE,2,18,22
463,IRD-465,KACTLECGNLGFGICPRSEGSPENPICTNCCAGYKGCNYYSANGAFICEG,RL-9,CTLEC,2,6,2,L-47,EGSPE,2,18,22
464,IRD-466,KACTLECGNLGFGICPRSEGSPENHICTNCCAGYKGCNYYSANGAFICEG,RL-9,CTLEC,2,6,2,L-47,EGSPE,2,18,22
465,IRD-467,KACTLECGNLGFGICPRSEGSPENRICTNCCAGYKGCNYYSANGAFICEG,RL-9,CTLEC,2,6,2,L-47,EGSPE,2,18,22
466,IRD-468,KACTLECGNLGFGICPRSEGSPENRICTNCCAGYKGCNYYSANGVFICEG,RL-9,CTLEC,2,6,2,L-47,EGSPE,2,18,22
467,IRD-469,KACTKECGNLGYGICPRSEGSPENPICTNCCAGYKGCNYYSANGTFICEG,RL-10,CTKEC,2,6,2,L-47,EGSPE,2,18,22
468,IRD-470,NACTKECGNLGYGICPGSEGSPENPICTNCCSGYKGCNYYNANGTFICEG,RL-10,CTKEC,2,6,2,L-47,EGSPE,2,18,22
469,IRD-471,NACTKECGNLGYGICPGSEGSPENPICTNCCSGYKGCNYYYANGTFICEG,RL-10,CTKEC,2,6,2,L-47,EGSPE,2,18,22
470,IRD-472,KPCTKECGNFAYGICPRSEGSPKNPICTTCCAGYKGCYYYDANGKLICEG,RL-10,CTKEC,2,6,2,L-46,EGSPK,2,18,22
471,IRD-473,KPCTKECGNFDYGICPRSEGSPKNPICTTCCAGYKGCYYYDANGKLICEG,RL-10,CTKEC,2,6,2,L-46,EGSPK,2,18,22
472,IRD-474,KSCTKECGNFAYGICPRSEGSPKNPICTTCCAGYKGCYYYDANGKLICEG,RL-10,CTKEC,2,6,2,L-46,EGSPK,2,18,22
473,IRD-475,KVCPRICGNFGYGLCPRSEGSPEKPICTNCCSGYKGCKYYSANGDLVCEG,RL-17,CPRIC,2,6,2,L-47,EGSPE,2,18,22
474,IRD-476,MFCTMECGKFSYTICPRSEGSPRNPICINCCAGYKGCNYYSANGTFICEG,RL-19,CTMEC,2,6,2,L-45,EGSPR,2,18,22
475,IRD-477,KACTLDCDPRIFYSKCPRSEASAEEPICTNCCAGRKGCNYYSADGTFVCEG,RL-31,CTLDC,2,6,2,L-42,EASAE,2,19,23
476,IRD-478,KACIRECGNLGFGICPRSEGSPENPICTNCCAGYKGCNYYSANGAFICEG,RL-48,CIREC,2,6,2,L-47,EGSPE,2,18,22
477,IRD-479,KACPRNCDTRIAYSKCPRSGGNAENRLCTNCCAGRKGCNYYSADGTFICEG,RL-1,CPRNC,2,6,2,L-38,GGNAE,2,19,23
478,IRD-480,KACPRNCDGRIAYGICPLSKEKKNDRICTNCCAGKKGCKYFSDDGTFICEG,RL-1,CPRNC,2,6,2,L-39,KEKKN,2,19,23
479,IRD-481,KACPRNCDPHIAYSKCSRSRGKTLIYPTGCTTCCTGYKGCYYFGKDGKFVCEG,RL-1,CPRNC,2,6,2,L-70,RGKTL,2,19,23
480,IRD-482,KHCPRNCDPKIAYSKCPGRSEGKTIIKPTGCTTCCTGYKGCYYYGKDDKFVCEG,RL-1,CPRNC,2,6,2,L-75,EGKTI,2,20,24
481,IRD-483,KACPRNCNPRIAYSICPGNKRSEGRICTNCCAGSKGCNYYTVDGTFVCEG,RL-1,CPRNC,2,6,2,,,,,
482,IRD-484,KACPRNCDPHIAYSKCPRSGGKTLIYPTGCTTCCTGYTDCYYFGKDGKFVCEG,RL-1,CPRNC,2,6,2,,,,,
483,IRD-485,KACPRNCDPHIAYSKCPRSEGKSLIYPTGCTTCCTGYKGCYYFGKNGKFVCEG,RL-1,CPRNC,2,6,2,,,,,
484,IRD-486,KACPRNCDPHIAYSKCPRSGGKTFIYPTGCTTCCTGYKGCYYFGKNGKFVCEG,RL-1,CPRNC,2,6,2,L-74,GGKTF,2,19,23
485,IRD-487,NVCPRNCDTNIAYSKCPRSEGKSLIYPTGCTTCCTGYKGCYYFGKNGKFVCEG,RL-1,CPRNC,2,6,2,,,,,
486,IRD-488,NVCPRNCDTNIAYSKCLRSEGKSLIYPTECTTCCTGYKGCYYFGKNGKFVCEG,RL-1,CPRNC,2,6,2,,,,,
487,IRD-489,NVCPRNCDTNIAYSKCLRSEGKSLIYPTGCTTCCTGYKGCYYFGKNGKFVCEG,RL-1,CPRNC,2,6,2,,,,,
488,IRD-490,NVCPRNCDTNIAYLKCLRSEGKSLVYPAGCTTCCTGYKGGYYFGKNGKFVCEG,RL-1,CPRNC,2,6,2,,,,,
489,IRD-491,KACPRNCDTDIAYMVCPSSGERIIRKVCTNCCAAQKGCKLFRSNGSIKCTG,RL-1,CPRNC,2,6,2,,,,,
490,IRD-492,KACPLNCDPRIATGICPYSKEKKNDRICTNCCSGKKGCKYFSDDGTFVCEG,RL-2,CPLNC,2,6,2,L-39,KEKKN,2,19,23
491,IRD-493,KPCPLNCDPHIAYSKCPRSGGKTFIYPTGCTTCCTGYKGCYYFGKDGKFVCEG,RL-2,CPLNC,2,6,2,L-74,GGKTF,2,19,23
492,IRD-494,KACPLNCDPHIAYSKCPRSEGKSLIYPTGCTTCCTGYKGCYYFSKNGKFVCEG,RL-2,CPLNC,2,6,2,,,,,
493,IRD-495,KACPLNCDPHIAYSKCPRSEGKSLIYPTGCTTCCTGYKGCYYFDKNGKFVCEG,RL-2,CPLNC,2,6,2,,,,,
494,IRD-496,KACPLNCDPHIAYSKCPRSEGKSLIYPTGCTTCCTGYKGCYYFGKNGKFVCEG,RL-2,CPLNC,2,6,2,,,,,
495,IRD-497,KACPLNCDTNIAYSRCPHSEGKSLIYPTGCTTCCTGYKGCYYFGKNGKFVCEG,RL-2,CPLNC,2,6,2,,,,,
496,IRD-498,NACPLNCDPNIAYSRCPRSEGKSLIYPTGCTTCCTGYKGCYYFGKNGKFVCEG,RL-2,CPLNC,2,6,2,,,,,
497,IRD-499,KACPLNCDTNIAYSRCPRSEGKSLIYPTGCTTCCTGYKGCYYFGTNGKFVCEG,RL-2,CPLNC,2,6,2,,,,,
498,IRD-500,KACPLNCDTNIAYSRCPRSEGKSLIYPTGCTTCCTGYKDCYYFDKNGKFVCEG,RL-2,CPLNC,2,6,2,,,,,
499,IRD-501,KACPFNCDPRIAYGVCPRLKEKKNNQICTNCCAGTKGCNYFSTDGTFICKG,RL-5,CPFNC,2,6,2,L-39,KEKKN,2,19,23
500,IRD-502,KHCSRNCDPKIAYSKCPGRSEGKTIIKPTGCTTCCTGYKGCYYYGKDDKFVCEG,RL-22,CSRNC,2,6,2,L-75,EGKTI,2,20,24
501,IRD-503,KHCSRNCDSKIAYSKCPGRSEGKTIIKPTGCTTCCTGYKGCYYYGKDDKFVCEG,RL-22,CSRNC,2,6,2,L-75,EGKTI,2,20,24
502,IRD-504,NTCPFYCDPQIAYSKCPRSEGKTIIYPTGCTTCCTGYKGCYYFGQEGEFVCEG,RL-34,CPFYC,2,6,2,L-75,EGKTI,2,19,23
503,IRD-505,NICPSYCDPQIAYSKCPRSEGKTIIYPTGCTTCCTGYKGCYYFGQDGEFVCEG,RL-46,CPSYC,2,6,2,L-75,EGKTI,2,19,23
504,IRD-506,KHCLGNCDPKIAYSKCPGRSEGKTIIKPTGCTTCCTGYKGCYYYGKDGKFVCEG,RL-47,CLGNC,2,6,2,L-75,EGKTI,2,20,24
505,IRD-507,RACHLNCDPHIAYSKCPRSGGKTFIYPTGCTTCCTGYKGCYYFGKNGKFVCEG,RL-49,CHLNC,2,6,2,L-74,GGKTF,2,19,23
506,IRD-508,KACPRNCDPRIDYRVCPRSEENNNQKCTNCCAGTKGCNYFSANGTFICEG,RL-1,CPRNC,2,6,2,,,,,
507,IRD-509,KPCPRNCDGRIAYGICPRSEEKKSDRICTNCCSGKKGCKYFSDDGTFVCEG,RL-1,CPRNC,2,6,2,L-61,EEKKS,2,19,23
508,IRD-510,KACPRNCDTRIAYGICRRSEETKNDRICTNCCAGTKGCKYFSYDGNFVCEG,RL-1,CPRNC,2,6,2,L-34,EETKN,2,19,23
509,IRD-511,KHCPRNCDPRIAYVICPRSEISNKIDLNGICTNCCAGKKRCNYFSADGTFICEG,RL-1,CPRNC,2,6,2,L-62,EISNK,2,19,23
510,IRD-512,KPCPRNCDPRIAYAICPHSKISNKIDLSGICTNCCAGKKGCYYFSVDGTFICEG,RL-1,CPRNC,2,6,2,L-64,KISNK,2,19,23
511,IRD-513,KACPRNCDPRIFYSKCPRSEGNTENRICTNCCAGRKGCNYYSADGTFICEG,RL-1,CPRNC,2,6,2,L-35,EGNTE,2,19,23
512,IRD-514,KVCPRNCDPKIRYGRCPKSGNKKFNVGCTNCCAAKKGCNYFSANGTFVCEG,RL-1,CPRNC,2,6,2,L-65,GNKKF,2,19,23
513,IRD-515,KPCPRNCDGRIAYGICPLSETKRINQICTNCCAGKKGCMYFSNDGTFICEG,RL-1,CPRNC,2,6,2,L-36,ETKRI,2,19,23
514,IRD-516,KPCPRNCDGRIAYGICPLSENKRINQICTNCCAGKKGCLYFSNDGTFICEG,RL-1,CPRNC,2,6,2,,,,,
515,IRD-517,KACPRNCDPRIAYSKCPRSQGETLIYPTGCTTCCTGYKGCYYFGKDGKFVCEG,RL-1,CPRNC,2,6,2,L-67,QGETL,2,19,23
516,IRD-518,KGCPRNCDPRIAYSKCPRSQGETLIYPTGCTTCCTGYKGCYYFGKDGKFVCEG,RL-1,CPRNC,2,6,2,L-67,QGETL,2,19,23
517,IRD-519,KGCPRNCDPRIAYSKCPRSQGETLIYPTGCTTCCTGYKGCYYFGKDGKFLCEG,RL-1,CPRNC,2,6,2,L-67,QGETL,2,19,23
518,IRD-520,KGCPRNCDPRIAYSRCPRSQGETLIYPTGCTTCCTGYKGCYYFGKDGKFLCEG,RL-1,CPRNC,2,6,2,L-67,QGETL,2,19,23
519,IRD-521,KACPRNCDTRIAYSKCPRSEENAENRLCTNCCAGRKGCNYYSADGTFICEG,RL-1,CPRNC,2,6,2,L-37,EENAE,2,19,23
520,IRD-522,KVCPRNCDPKIRYGRCPKSGNKKFNVGCTNCCAAKKGCNYFSANGTFVCKG,RL-1,CPRNC,2,6,2,L-65,GNKKF,2,19,23
521,IRD-523,KICPRNCDPKIRYGRCPKSGNKKFNVGCTNCCAARKGCNYFSANGTFVCEG,RL-1,CPRNC,2,6,2,L-65,GNKKF,2,19,23
522,IRD-524,NACPRNCNPSIQYGRCPKSGNKKFKVGCTNCCSGTEGCNYYSANGTFICEG,RL-1,CPRNC,2,6,2,L-65,GNKKF,2,19,23
523,IRD-525,PACPRNCNPIIQYGRCPKSGNKKFKVGCTNCCSGTEGCNYFSANGTFICEG,RL-1,CPRNC,2,6,2,L-65,GNKKF,2,19,23
524,IRD-526,KPCTRECDTRIAYGICPLSETKRINQICTNCCAGKKGCMYFSNDGTFICEG,RL-4,CTREC,2,6,2,L-36,ETKRI,2,19,23
525,IRD-527,KACPFNCDPRITYGICPHSKISNKIDLNGICTNCCTGKKGCNYFSADGTSNCEG,RL-5,CPFNC,2,6,2,L-64,KISNK,2,19,23
526,IRD-528,KACPRYCDTRIAYSKXKACSEENAENRICTNCCAGRKGCNYYSADRTFICEG,RL-6,CPRYC,2,6,2,L-37,EENAE,2,20,24
527,IRD-529,KACTRNCNPRIRYGRCPKSGNKKFNVGCTNCCAGSLGCNYYSANGTFVCEG,RL-30,CTRNC,2,6,2,L-65,GNKKF,2,19,23
528,IRD-530,KACTRNCNPRIRYGRCPKSGNKKFSLGCTNCCAGSLGCNYYSANGTFICEG,RL-30,CTRNC,2,6,2,L-65,GNKKF,2,19,23
529,IRD-531,KACPRNCDPRIAYRVCPRSEEKEDNQICTNCCAGTKGCNYFSANGTFVCKG,RL-1,CPRNC,2,6,2,L-30,EKEDN,2,20,24
530,IRD-532,KACPRNCDPRIAYGLCPLSKEKDNRICINCCAGTKGCNYFSADGTFVCKG,RL-1,CPRNC,2,6,2,L-31,KEKDN,2,19,23
531,IRD-533,KACPRNCDTRIAYGICPRTEAKKNDRICTNCCAGTKGCKYFSDDGTFVCEG,RL-1,CPRNC,2,6,2,L-32,EAKKN,2,19,23
532,IRD-534,KPCPRNCDTRIAYSKCPRSEGNAENRICINCCAGRKGCNYYSADGTFICEG,RL-1,CPRNC,2,6,2,L-33,EGNAE,2,19,23
533,IRD-535,KACPRNCDPRIAYGVCPRSEEKEDNQICTNCCAGRKGCNYFSADGTFVCEG,RL-1,CPRNC,2,6,2,L-30,EKEDN,2,20,24
534,IRD-536,KACPRNCDTRIAYSKCPRSEGNAENRLCTNCCAGRKGCNYYSADGTFICEG,RL-1,CPRNC,2,6,2,L-33,EGNAE,2,19,23
535,IRD-537,KACPRNCDPNIAYSKCPRSEGNAENRLCTNCCAGRKGCNYYSADGTFICEG,RL-1,CPRNC,2,6,2,L-33,EGNAE,2,19,23
536,IRD-538,KACPRNCDTRIAYSKCPRSEGNAENRICTNCCAGRKGCNYYSADGTFVCEG,RL-1,CPRNC,2,6,2,L-33,EGNAE,2,19,23
537,IRD-539,KACPRNCDTRIAYSKCPRSEGNAENRICTNCCAGRKGCNYYSADGTFICEG,RL-1,CPRNC,2,6,2,L-33,EGNAE,2,19,23
538,IRD-540,KPCPRNCDTRIAYSKCPRSEGNAENRICTNCCAGRKGCNYYSADGTFICEG,RL-1,CPRNC,2,6,2,L-33,EGNAE,2,19,23
539,IRD-541,KPCPRNCDTRIAYSICPRSEGNAENRICTNCCAGRKGCNYYSADGTFICEG,RL-1,CPRNC,2,6,2,L-33,EGNAE,2,19,23
540,IRD-542,KPCPRNCDPRIFYSKCPRSEGNAENRLCTNCCAGRKGCNYYSADGTFICEG,RL-1,CPRNC,2,6,2,L-33,EGNAE,2,19,23
541,IRD-543,KPCPRNCDPRIFYSKCPRSEGNAENFLCTNCCAGRKGCNYYSADGTFICEG,RL-1,CPRNC,2,6,2,L-33,EGNAE,2,19,23
542,IRD-544,KPCPRNCDTRIAYSKCPCSEGNAENRICTNCCAGRKGCNYYSAGGTFICEG,RL-1,CPRNC,2,6,2,L-33,EGNAE,2,19,23
543,IRD-545,KACPRNCDTRIAYSKCPRSEGNAENRLCTNCCAGRRGCNYYSADGTFICEG,RL-1,CPRNC,2,6,2,L-33,EGNAE,2,19,23
544,IRD-546,KACPRNCDPRIFYSKCPRSEGNAENRICTNCCAGRKGCNYYSADGTFICEG,RL-1,CPRNC,2,6,2,L-33,EGNAE,2,19,23
545,IRD-547,KPCPRNCDTRIAYSICPHSEGNAENRICTNCCAGRKGCNYYSADGTFICEG,RL-1,CPRNC,2,6,2,L-33,EGNAE,2,19,23
546,IRD-548,KACPRNCDTRIAYSKCPRSEGNAENRLCTNCCAGRKGCNYHSADGTFICEG,RL-1,CPRNC,2,6,2,L-33,EGNAE,2,19,23
547,IRD-549,KPCPRNCDTRIAYSICPRSEGNAENRICTNCCAGRNFCNYYSADGTFICEG,RL-1,CPRNC,2,6,2,L-33,EGNAE,2,19,23
548,IRD-550,KACPRNCDTRIAYSKCPRSEGNAENRLCTNCCAGRKVCNYYSADGTFICEG,RL-1,CPRNC,2,6,2,L-33,EGNAE,2,19,23
549,IRD-551,KPCTLNCDPRIFYSKCPRSEGNAENRICTNCCAGRKGCNYYSADGTFICEG,RL-3,CTLNC,2,6,2,L-33,EGNAE,2,19,23
550,IRD-552,KPCTLNCDPRIFYSKCPRSEGNAENRICTNCCAGRKGCYYYSDDGTFICEG,RL-3,CTLNC,2,6,2,L-33,EGNAE,2,19,23
551,IRD-553,KPCTLNCDPRIFYSKCPRSEGNAENRICTSCCAGRKGCYYYSDDGTFICEG,RL-3,CTLNC,2,6,2,L-33,EGNAE,2,19,23
552,IRD-554,KPCTLNCDPRIFYSKCPRSEGNAENRICTNCCAGRKGCYCYSDDGTFICEG,RL-3,CTLNC,2,6,2,L-33,EGNAE,2,19,23
553,IRD-555,KPCTLNCDPRIFYSKYPRSEGNAENRICTNCCAGRKGCYYYSDDGTFICEG,RL-3,CTLNC,2,6,2,L-33,EGNAE,2,19,23
554,IRD-556,KPCTLNCDPRIFYSKCPRSEGNAENRICTNCCAGRKGCYYYCDDGTFICEG,RL-3,CTLNC,2,6,2,L-33,EGNAE,2,19,23
555,IRD-557,KPCTLNCDTRIAYSICPRSEGNAENRICTNCCAGRKGCNYYSADGTFICEG,RL-3,CTLNC,2,6,2,L-33,EGNAE,2,19,23
556,IRD-558,KPCTLNCDPRIFYSKCPRSEGNAENRLCTNCCAGRKGCNYYSADGTFICEG,RL-3,CTLNC,2,6,2,L-33,EGNAE,2,19,23
557,IRD-559,KACPRYCDTRIAYSKCPRSEGNAENRICTNCCAGRKGCNYYSADGTFICEG,RL-6,CPRYC,2,6,2,L-33,EGNAE,2,19,23
558,IRD-560,KACPRYCDTRIAYSKCPRSEGNAENRLCTNCCAGRKGCNYYSADGTFICEG,RL-6,CPRYC,2,6,2,L-33,EGNAE,2,19,23
559,IRD-561,KACPRYCDTRIAYSKCPRSEGNAENRICTNCCAGRKGCNYFSADGTFICEG,RL-6,CPRYC,2,6,2,L-33,EGNAE,2,19,23
560,IRD-562,KTCPRYCDTRIAYSKCPRSEGNAENRICTNCCAGRKGCNYYSADGTFICEG,RL-6,CPRYC,2,6,2,L-33,EGNAE,2,19,23
561,IRD-563,KACPRYCDTRIAYSKCPRSEGNAENRICTNCCAGRKGCNYYSVIGTFICEG,RL-6,CPRYC,2,6,2,L-33,EGNAE,2,19,23
562,IRD-564,KACPRYCDTRIAYSKCPRSEGNAENRLCPNCCAGRKGCNYYSADGTFICEG,RL-6,CPRYC,2,6,2,L-33,EGNAE,2,19,23
563,IRD-565,KACPRNCDPRIAYGVCPRSKEKKDNQICTNCCAGTKGCNYFSADGTFVCEG,RL-1,CPRNC,2,6,2,L-28,EKKDN,2,20,24
564,IRD-566,KACPRNCDPRIAYGVCPRSKEKKDNQICTNCCAGTKGCNYFSADGTFVCKG,RL-1,CPRNC,2,6,2,L-28,EKKDN,2,20,24
565,IRD-567,KACPRNCDPRIDYRVCPRSEEKDNQICTNCCAGMKGCNYFSADGTFVCKG,RL-1,CPRNC,2,6,2,L-29,EEKDN,2,19,23
566,IRD-568,KACPRNCDPRIAYGVCPRSEEKDNQICTNCCAGTKGCNYFSADGTFVCKG,RL-1,CPRNC,2,6,2,L-29,EEKDN,2,19,23
567,IRD-569,KACPRNCDPRIDYRVCPRSEEKDNQMCTNCCAGTKGCNYFSADGTFVCKG,RL-1,CPRNC,2,6,2,L-29,EEKDN,2,19,23
568,IRD-570,KACPRNCDPRIDYRVCPRSEEKDNQICTNCCAGTKGCNYFSVDGTFVCKG,RL-1,CPRNC,2,6,2,L-29,EEKDN,2,19,23
569,IRD-571,KACPRNCDPRIDYRVCPRSEEKDNQICTNCCAGTKGCNYFSANGTFVCKG,RL-1,CPRNC,2,6,2,L-29,EEKDN,2,19,23
570,IRD-572,KACPRNCDPRIDYRVCPRSEEKDNQICTNCCAGTKGCNYFSADGTFVCKG,RL-1,CPRNC,2,6,2,L-29,EEKDN,2,19,23
571,IRD-573,KACPRNCDPRIDYGVCPRSEEKDNQICTNCCAGTKGCNYFSADGTFVCKG,RL-1,CPRNC,2,6,2,L-29,EEKDN,2,19,23
572,IRD-574,KACPRNCDPRIAFGICPLSEEKDNQICTNCCAGTKGCSYFSADGTFVCKG,RL-1,CPRNC,2,6,2,L-29,EEKDN,2,19,23
573,IRD-575,KACPRNCDPRIDFGICPLSEEKDNQICTNCCAGTKGCSYFSADGTFVCKG,RL-1,CPRNC,2,6,2,L-29,EEKDN,2,19,23
574,IRD-576,KACPRNCDPRIDYRFCPRSEEKDNQICTNCCAGTKGCNYFSADGTFVCKG,RL-1,CPRNC,2,6,2,L-29,EEKDN,2,19,23
575,IRD-577,KACPRNCDPRIDYRVCPRSEEKDNQICTNCCAGTKGCNYFSANGTFICEG,RL-1,CPRNC,2,6,2,L-29,EEKDN,2,19,23
576,IRD-578,KACPPNCDSRIDYGVCPRSEEKDNQICTNCCAGTKGCNYFSADGTFVCKG,RL-14,CPPNC,2,6,2,L-29,EEKDN,2,19,23
577,IRD-579,KACPRNCDRRIAYGICPRSEEKNNDRICTNCCAGMKGCNYFSADGTFVCEG,RL-1,CPRNC,2,6,2,L-27,EEKNN,2,19,23
578,IRD-580,KACPRNCDPRISDEICPRSEEKNNNQICTNCCAGTKGCNYFSADGTFVCEG,RL-1,CPRNC,2,6,2,L-27,EEKNN,2,19,23
579,IRD-581,KACPRNCDPRISYGVCPRSEEKNNNQICTNCCAGTKGCNYFSADGTFVCEG,RL-1,CPRNC,2,6,2,L-27,EEKNN,2,19,23
580,IRD-582,KACPRNCDPRIDYRVCPRSEEKNNQICTNCCAGTKGCNYFSADGTFVCEG,RL-1,CPRNC,2,6,2,L-27,EEKNN,2,19,23
581,IRD-583,KACPRNCDPRIDYRVCPYSEEKNNQICTNCCAGTKGCNYFSANGTFICNG,RL-1,CPRNC,2,6,2,L-27,EEKNN,2,19,23
582,IRD-584,KGCPRNCDPRIDYRVCPRSEEKNNQICTNCCAGTKGCNYFSADGTFVCKG,RL-1,CPRNC,2,6,2,L-27,EEKNN,2,19,23
583,IRD-585,KACPRNCDPRIDYRVCWHSEEKNNQICTNCCAGTKGCNYFSANGTFICEG,RL-1,CPRNC,2,6,2,L-27,EEKNN,2,19,23
584,IRD-586,KACPRNCDPRIAYGVCPRSEEEKNNQICTNCCGGTKGCNYFSANGTFICEG,RL-1,CPRNC,2,6,2,L-27,EEKNN,2,20,24
585,IRD-587,KDCPRNCDPRIDYRVCRRSEEKNNQICTNCCVGTMGCNYFSADGSFVCKG,RL-1,CPRNC,2,6,2,L-27,EEKNN,2,19,23
586,IRD-588,KDCPRNCDPRIDYRVCRRSEEKNNQICTNCCAGTKGYNYFSADGTFVCKG,RL-1,CPRNC,2,6,2,L-27,EEKNN,2,19,23
587,IRD-589,KACPRNCDGRIAYGICPRTEEKNNQICTNCCAGTKGCNYFSANGTFICEG,RL-1,CPRNC,2,6,2,L-27,EEKNN,2,19,23
588,IRD-590,KACPRNCDGRIAYGICPRAEEKNNQICTNCCAGMKGCNYFSANGTFICEG,RL-1,CPRNC,2,6,2,L-27,EEKNN,2,19,23
589,IRD-591,KACPRNCDPRIDFGICPLSEEKKDNQICTNCYAGMKGCYYFSADGTFVCEG,RL-1,CPRNC,2,6,2,L-26,EEKKD,2,19,23
590,IRD-592,KACPRNCDPRIDFGICPLSEEKKDNQICTNCCAGMKGCNYFSADGTFVCEG,RL-1,CPRNC,2,6,2,L-26,EEKKD,2,19,23
591,IRD-593,KACPRNCDPRIDFGICPLLEEKKDNQICTNCCAGMKGCNYFSANGTFICEG,RL-1,CPRNC,2,6,2,L-26,EEKKD,2,19,23
592,IRD-594,KACPRNCDPRIAYGVCPRTEEKKDNQICTNCCAGTKGCNYFSANGTFICEG,RL-1,CPRNC,2,6,2,L-26,EEKKD,2,19,23
593,IRD-595,KACPRNCDGRIAYGICPRSEEKKDNQICTNCCAGTKGCNYFSADGTFVCEG,RL-1,CPRNC,2,6,2,L-26,EEKKD,2,19,23
594,IRD-596,KACPRNCDGRIAYGVCPRSEEKKDNQICTNCCAGTKGCNYFSADGTFVCEG,RL-1,CPRNC,2,6,2,L-26,EEKKD,2,19,23
595,IRD-597,KACPRNCDPRIAYGVCPRLEEKKDNQICTNCCAGTKGCNYFSADGTFVCKG,RL-1,CPRNC,2,6,2,L-26,EEKKD,2,19,23
596,IRD-598,KACPRNCDPRIAYGVCPRSEEKKDNQICTNCCAGTKGCNYFSADGTFVCKG,RL-1,CPRNC,2,6,2,L-26,EEKKD,2,19,23
597,IRD-599,KACPRNCDPRIAYGLCPLSEEKKDNRICTNCCAGKKGCNYFSADGTFVCKG,RL-1,CPRNC,2,6,2,L-26,EEKKD,2,19,23
598,IRD-600,KACPRNCDPRIAYGACPLSEEKKDNQICTNCCAGTKGCSYFSADGTFVCKG,RL-1,CPRNC,2,6,2,L-26,EEKKD,2,19,23
599,IRD-601,KACPRNCDPRIAYGVCPRSEEKKDNQICTNCCAGTKGCNYFSADGTFFCKG,RL-1,CPRNC,2,6,2,L-26,EEKKD,2,19,23
600,IRD-602,KVCPLNCDPRIAYGLCPLSEEKKDNQICTNCCAGTKGCNYFSANGTFVCKG,RL-2,CPLNC,2,6,2,L-26,EEKKD,2,19,23
601,IRD-603,KVCPLNCDPRIAYGLCPLSEEKKDNQICTNCCAGTKGCNYFSADGTFVCKG,RL-2,CPLNC,2,6,2,L-26,EEKKD,2,19,23
602,IRD-604,KACPRNCDPRIAYGICPLSEEKKNDRICTNCCAGTKGCKYFSDDGTFVCEG,RL-1,CPRNC,2,6,2,L-25,EEKKN,2,19,23
603,IRD-605,KACPRNCDPRIAYGICPLSEEKKNDRICTNCCAGTKGCKYFSNDGTFVCEG,RL-1,CPRNC,2,6,2,L-25,EEKKN,2,19,23
604,IRD-606,KACPRNCDGRIAYGICPLSEEKKNDRICTNCCAGKKGCKYFSDDGTFICEG,RL-1,CPRNC,2,6,2,L-25,EEKKN,2,19,23
605,IRD-607,KACPRNCDGRIAYGICPRSEEKKNDRICTNCCAGMKGCNYFSADGTFVCEG,RL-1,CPRNC,2,6,2,L-25,EEKKN,2,19,23
606,IRD-608,KACPRNCDGRIAFKVCPRSEEKKNDRICTNCCAGRKGCSYFSADGTFVCKG,RL-1,CPRNC,2,6,2,L-25,EEKKN,2,19,23
607,IRD-609,KPCPRNCDGRIAYGICPRSEEKKNDRICTNCCAGTKGCSYFSADGTFVCKG,RL-1,CPRNC,2,6,2,L-25,EEKKN,2,19,23
608,IRD-610,KACPRNCDGRIAYGVCPRKEEKKNNWICTNCCAGMKGCNYFSADGTFVCEG,RL-1,CPRNC,2,6,2,L-25,EEKKN,2,19,23
609,IRD-611,KACPRNCDGRIAYGVCPRKEEKKNNWICTNCCAGTKGCNYFSADGTFVCEG,RL-1,CPRNC,2,6,2,L-25,EEKKN,2,19,23
610,IRD-612,KACPRNCDGRIDYGVCPRSEEKKNNQICTNCCAGTKGCNYFSADGTFVCEG,RL-1,CPRNC,2,6,2,L-25,EEKKN,2,19,23
611,IRD-613,KACPRNCDGRIAYGVCPRSEEKKNNRICTNCCAGTKGCNYFSADGTFVCEG,RL-1,CPRNC,2,6,2,L-25,EEKKN,2,19,23
612,IRD-614,KACPRNCDGRIAYGVCPRSEEKKNNRICTNCCAGTKGCNYFSADGTFICEG,RL-1,CPRNC,2,6,2,L-25,EEKKN,2,19,23
613,IRD-615,KACPRNCDGRIAYEICPRSEEKKNDRICTNCCAGTKGCKYFSDDGTFICEG,RL-1,CPRNC,2,6,2,L-25,EEKKN,2,19,23
614,IRD-616,KACPRNCDGRIAYGICPRSEEKKNDRICTNCCAGTKGCKYFSDDGTFICEG,RL-1,CPRNC,2,6,2,L-25,EEKKN,2,19,23
615,IRD-617,KACPRNCDGRIAYEICPRSEEKKNDRICTNCCTGTKGCKYFSDDGTFVCEG,RL-1,CPRNC,2,6,2,L-25,EEKKN,2,19,23
616,IRD-618,KACPRNCDGRIAYEICPRTEEKKNDRICTNCCAGTKGCKYFSDDGTFVCEG,RL-1,CPRNC,2,6,2,L-25,EEKKN,2,19,23
617,IRD-619,KACPRNCDERIAYGICPRTEEKKNNQICTNCCAGTKGCNYFSANGTFICEG,RL-1,CPRNC,2,6,2,L-25,EEKKN,2,19,23
618,IRD-620,KACPRNCDPRIAYGICPLSEEKKNDRICTNCCAGKKGCKYFSNDGTFVCEG,RL-1,CPRNC,2,6,2,L-25,EEKKN,2,19,23
619,IRD-621,KACPRNCDPRIAYGICPLSEEKKNDRICTNCCAGTKGCKYFSDDETFVCEG,RL-1,CPRNC,2,6,2,L-25,EEKKN,2,19,23
620,IRD-622,EACPRNCDPRIAYGICPLSEEKKNDRICTNCCAGKKGCKYFSNDGTFVCEG,RL-1,CPRNC,2,6,2,L-25,EEKKN,2,19,23
621,IRD-623,KACPRNCDPRIAYGICPLAEEKKNDRICTNCCAGKKGCKYFSDDGTFVCEG,RL-1,CPRNC,2,6,2,L-25,EEKKN,2,19,23
622,IRD-624,KACPRNCDGRIAYGICPLSEEKKNDRICTNCCAGKKGCKYFSDDGTFVCEG,RL-1,CPRNC,2,6,2,L-25,EEKKN,2,19,23
623,IRD-625,KACPRNCDGRIAYGVCRSSEEKKNNQICTNCCAGTKGCNYFSADGTFVCKG,RL-1,CPRNC,2,6,2,L-25,EEKKN,2,19,23
624,IRD-626,RPCPRNCDPRITYGVCPRSEEKKNNQICTNCCAGIKGCNYFSVDGTFVCEG,RL-1,CPRNC,2,6,2,L-25,EEKKN,2,19,23
625,IRD-627,KACPRNCDPRITYGVCPRSEEKKNNQICTNCCAGIKGCNYFSVDGTFVCEG,RL-1,CPRNC,2,6,2,L-25,EEKKN,2,19,23
626,IRD-628,KACPRNCDPRITYGVCPRSEEKKNNQICTNCCAGMKGCNYFSVNGTFICEG,RL-1,CPRNC,2,6,2,L-25,EEKKN,2,19,23
627,IRD-629,KACPRNCDGRIAYGICPLSEEKKNDRICTNCCVGTKGCKYFSDDGTFICEG,RL-1,CPRNC,2,6,2,L-25,EEKKN,2,19,23
628,IRD-630,KACPRNCDGRIAYGICPRTEEKKNDRICTNCCAGTKGCKYFSDDGTFICEG,RL-1,CPRNC,2,6,2,L-25,EEKKN,2,19,23
629,IRD-631,KACPRNCDGRIAYGICPRTEEKKNDRICTNCCAGTKGCKYFSDDGTFVCEG,RL-1,CPRNC,2,6,2,L-25,EEKKN,2,19,23
630,IRD-632,KACPRNCDPRIAYGVCPRSEEKKNNQICTNCCAGMKGCNYFSANGTFICEG,RL-1,CPRNC,2,6,2,L-25,EEKKN,2,19,23
631,IRD-633,KGCPRNCDGRIAYGICPLSEEKKNDRICTNCCAGMKGCNYFSADGTFVCEG,RL-1,CPRNC,2,6,2,L-25,EEKKN,2,19,23
632,IRD-634,KACPRNCDGRIAYGICPLSEEKKNDRICTNCCAGTKGCKYFSDDGTFVCEG,RL-1,CPRNC,2,6,2,L-25,EEKKN,2,19,23
633,IRD-635,KACPRNCDGRIAYGICPRTEEKKNNQICTNCCAGTKGCNYFSANGTFICEG,RL-1,CPRNC,2,6,2,L-25,EEKKN,2,19,23
634,IRD-636,KACPRNCDGRIAYGICPRSEEKKNERICTNCCAGMKGCNYFSADGTFVCEG,RL-1,CPRNC,2,6,2,L-25,EEKKN,2,19,23
635,IRD-637,KACPRNCDGRIAYGICPRSEEKKNDRICTNCCAGTKGCSYFSADGTFVCKG,RL-1,CPRNC,2,6,2,L-25,EEKKN,2,19,23
636,IRD-638,KACPRNCDPRIAYGACPLSEEKKNNQICTNCCAGMKGCNYFSANGTFICEG,RL-1,CPRNC,2,6,2,L-25,EEKKN,2,19,23
637,IRD-639,KPCPRNCDGRIAYGICPLSEEKKNNRLCTNCCAGMKGCNYFSADGTFVCEG,RL-1,CPRNC,2,6,2,L-25,EEKKN,2,19,23
638,IRD-640,KPCPRNCDGRIAYGICPLSEEKKNNRLCTNCCAGTKGCNYFSADGTFVCEG,RL-1,CPRNC,2,6,2,L-25,EEKKN,2,19,23
639,IRD-641,KPCPRNCDGRIAYGICPLSEEKKNNRLCTNCCAGTKGCNYFGADGTFVCEG,RL-1,CPRNC,2,6,2,L-25,EEKKN,2,19,23
640,IRD-642,KDCPRNCDGRIAYGICPLSEEKKNDRTCTNCCAGTKGCNYFSYDGTFVCEG,RL-1,CPRNC,2,6,2,L-25,EEKKN,2,19,23
641,IRD-643,KPCPRNCDGRIAYGICPLSEEKKNNQLCTNCCAGTKGCNYFSADGTFVCEG,RL-1,CPRNC,2,6,2,L-25,EEKKN,2,19,23
642,IRD-644,KPCPRNCDGRIAYGICPLSEEKKNNRLCTNCCAGTKGCSYFSADGTFVCEG,RL-1,CPRNC,2,6,2,L-25,EEKKN,2,19,23
643,IRD-645,KPCPRNCDGRIAYGICPLSEEKKNDPICTNCCVGKKGCKYFSYDGTFVCEG,RL-1,CPRNC,2,6,2,L-25,EEKKN,2,19,23
644,IRD-646,KPCPRNCDGRIAYGICPLSEEKKNDPICTNCCAGKKGCKYFSYDGTFVCEG,RL-1,CPRNC,2,6,2,L-25,EEKKN,2,19,23
645,IRD-647,KPCPRNCDGRIAYGICPLSEEKKNDRLCTNCCAGKKGCKYFSDDGTFVCEG,RL-1,CPRNC,2,6,2,L-25,EEKKN,2,19,23
646,IRD-648,KPCPRNCDGRIAYGICPLSEEKKNNQLCTNCCAGTKGCKYFSADGTFVCEG,RL-1,CPRNC,2,6,2,L-25,EEKKN,2,19,23
647,IRD-649,KPCPRNCDGRIAYGICPRSEEKKNDRICTNCCSGKKGCKYFSDDGTFVCEG,RL-1,CPRNC,2,6,2,L-25,EEKKN,2,19,23
648,IRD-650,KACPRNCDPRIAYRICRRSEEKKNDRICTNCCAGTKGCNYFSDDGTFVCEG,RL-1,CPRNC,2,6,2,L-25,EEKKN,2,19,23
649,IRD-651,KACPRNCDGRIAYEICPRTEEKKNDRICTNCCAGTKGCKYFSYDGTFVCEG,RL-1,CPRNC,2,6,2,L-25,EEKKN,2,19,23
650,IRD-652,KACPRNCDPRIAYGICRRSEEKKNDRICTNCCAGTKGCKYFSYDGNFVCEG,RL-1,CPRNC,2,6,2,L-25,EEKKN,2,19,23
651,IRD-653,KACPRNCDPRIAYGICPLSEEKKNDRICTNCCAGKKGCKYFSDDGTFVCEG,RL-1,CPRNC,2,6,2,L-25,EEKKN,2,19,23
652,IRD-654,KACPRNCDPRIDYRVCPRSEEKKNDRICTNCCSGKKGCKYFSDDGTFVCEG,RL-1,CPRNC,2,6,2,L-25,EEKKN,2,19,23
653,IRD-655,KACPLNCDPRIAYGVCPRSEEKKNDRICTNCCAGTKGCKYFSDDGTFVCEG,RL-2,CPLNC,2,6,2,L-25,EEKKN,2,19,23
654,IRD-656,KACPLNCNPRIAYGVCPRSEEKKNDRICTNCCAGTKGCKYFSDDGTFVCEG,RL-2,CPLNC,2,6,2,L-25,EEKKN,2,19,23
655,IRD-657,KFCPLNCDPRIASGICTLSEEKKNDRLCTNCCAGTKGCRFFSADGTFVCEG,RL-2,CPLNC,2,6,2,L-25,EEKKN,2,19,23
656,IRD-658,KACTLNCDPRIAYGICPLSEEKKNDRICTNCCAGKKGCKYFSDDGTFVCEG,RL-3,CTLNC,2,6,2,L-25,EEKKN,2,19,23
657,IRD-659,KACTLNCDPRIAYGVCPRSEEKKNNQICTNCCAGTKGCNYFSADGTFVCEG,RL-3,CTLNC,2,6,2,L-25,EEKKN,2,19,23
658,IRD-660,KACTLNCDPRIAYGVCPRSEEKKNNQICTNCCAGTKGCNYFSADGTFVCKG,RL-3,CTLNC,2,6,2,L-25,EEKKN,2,19,23
659,IRD-661,KACTLNCDPRIAYGVCPRSEEKKNDRICTNCCAGTKGCKYFSDDGTFVCEG,RL-3,CTLNC,2,6,2,L-25,EEKKN,2,19,23
660,IRD-662,KRCTRECDPRINYRICPRSEEKKNNRICTNCCSGKKGCKYFSDDGTFVCEG,RL-4,CTREC,2,6,2,L-25,EEKKN,2,19,23
661,IRD-663,MTCTRECDPRIDYRVCPLSEEKKNDRICTNCCAGKKGCKYFSDDGTFVCEG,RL-4,CTREC,2,6,2,L-25,EEKKN,2,19,23
662,IRD-664,KACTRECDTRIAYGVCPRLEEKKNNRLCTNCCSGTKGCNYFSADGTFVCEG,RL-4,CTREC,2,6,2,L-25,EEKKN,2,19,23
663,IRD-665,KACPFNCDPRIAYGVCPRSEEKKNNQICTNCCAGRKGCYYFSADGAFVCEG,RL-5,CPFNC,2,6,2,L-25,EEKKN,2,19,23
664,IRD-666,KACPFNCDPRIAYGVCPRSEEKKNNQICTNCCAGTKGCNYFSADGTFVCKG,RL-5,CPFNC,2,6,2,L-25,EEKKN,2,19,23
665,IRD-667,MACPFNCDPRIAYEVCPRTEEKKNDRICTNCCAGTKGCKYFSDDGTFICEG,RL-5,CPFNC,2,6,2,L-25,EEKKN,2,19,23
666,IRD-668,KACTFNCDPRIAYEICPRTEEKKNDRICTNCCAGRKGCKYFSDDGTFVCEG,RL-7,CTFNC,2,6,2,L-25,EEKKN,2,19,23
667,IRD-669,KGCTFECDPRIAYGICPLSEEKKNNRLCTNCCAGKKGCNYFSSNGTFICEG,RL-8,CTFEC,2,6,2,L-25,EEKKN,2,19,23
668,IRD-670,KGCTFECDPGIAYGICPLSEEKKNNRLCTNCCAGKKGCNYFSSNGTFICEG,RL-8,CTFEC,2,6,2,L-25,EEKKN,2,19,23
669,IRD-671,KGCTFECDPRIAYGICPRSEEKKNNRLCTNCCAGKKGCNYFSSNGTFICEG,RL-8,CTFEC,2,6,2,L-25,EEKKN,2,19,23
670,IRD-672,KGCTIECDPRIAYGICPLSEEKKNNRLCTNCCAGKKGCNYFSANGTFICEG,RL-15,CTIEC,2,6,2,L-25,EEKKN,2,19,23
671,IRD-673,KFCPQNCDGRIAYGICPVSEEKKNNRLCTNCCAGAKGCRFFSADGTFVCEG,RL-16,CPQNC,2,6,2,L-25,EEKKN,2,19,23
672,IRD-674,KGCPRICDPRIAYRICRRSEEKKNDRICTNCCAGTKGCNYFSDDGTFVCEG,RL-17,CPRIC,2,6,2,L-25,EEKKN,2,19,23
673,IRD-675,KACSFNCDPRIAYGVCPRSEEKKNNQICTNCCAGTKGCNYFSADGTFVCEG,RL-45,CSFNC,2,6,2,L-25,EEKKN,2,19,23
674,IRD-676,KVCPQFCLDAEYMTCGSSDERLNPSCNCCLAPQGCTLYFSDGTSQYCA,RL-12,CPQFC,2,6,2,,,,,
675,IRD-677,MACPLYCLDVEYMTCNGTKVTPGRCNCCLAPKGCILHLSDGTSVNCG,RL-27,CPLYC,2,6,2,,,,,
676,IRD-678,KACPLYCLDVVSMTCNGTEVNFTSCNCCLAPKGCTLHLADGGSVYCG,RL-27,CPLYC,2,6,2,,,,,
677,IRD-679,KACPLYCLDVVSMTCNGTEVNFTRCNCCLAPKGCTLHLADGRSVYCS,RL-27,CPLYC,2,6,2,,,,,
678,IRD-680,EACPQYCLDVEYMTCGNSETKLPPRCNCCLAPKGCTLHLADGTSQYCS,RL-33,CPQYC,2,6,2,,,,,
679,IRD-681,KICPQYCLDVEYMTCGSSCERLEPKCNCCLAPEGCTLHLADGTSEYCG,RL-33,CPQYC,2,6,2,,,,,
680,IRD-682,PACPQYCLSDADYVICNSPVPAKYPVSCGNCCFARSAVGSSKDCSIHFTDGRLQACG,RL-33,CPQYC,2,6,2,,,,,
681,IRD-683,RLCPLICEPPKIKVCPSRGTNRIPISVLPPDKEPSNGCHLYNLKTGA,RL-39,CPLIC,2,6,2,,,,,
682,IRD-684,RPCPLICHPPKIKVCPSRGTNRIPISVLPPDKEPSNGCHLYNLKTGAP,RL-39,CPLIC,2,6,2,,,,,
683,IRD-685,KVCPLVCFKAAYMICPHPPHKKLRPVCNCCLAKPHCKLYRHDGTVICTA,RL-41,CPLVC,2,6,2,,,,,
684,IRD-686,KTCTFKCGSASYVCPGPKSVALDFNSCHTCRKPLKEGCKLYNRQGHQLCV,RL-60,CTFKC,2,6,2,,,,,
685,IRD-687,KVCIEICLEANYMTCPSTGNAELNPACNCYLANEDGCTIYLKDGTVEKCPR,RL-61,CIEIC,2,6,2,,,,,
686,IRD-689,KACSKECDRRIEFGICVTDLTKTVNGLCTTCSAGKKGCKYFNNNGTYICDG,RL-13,CSKEC,2,6,2,,,,,
687,IRD-690,KACSKECDRRIEIGICVTDLTKTVNGLCTTCSAGKKGCKYFNNNGTYICDG,RL-13,CSKEC,2,6,2,,,,,
688,IRD-691,KACSKECDPRIDIGFCAYVQTKIVNGLSTNCSAGKKGCKYFSNDGT,RL-13,CSKEC,2,6,2,,,,,
689,IRD-692,KVCTMECGNFAYGICPRSEGSPICTNCCSGYKGCNYYSANGTFICEG,RL-19,CTMEC,2,6,2,,,,,
690,IRD-693,KACPRNCDTRIAYSKMSTFRRKTQKIAYAPIAVQAVRVATNYSADGTFICEG,RL-1,CPRNC,2,6,2,,,,,
691,IRD-694,KVCTRECGFVSYVCPGPKSVALDFNSCHTCKKPLREGCKLYNRQGHQLCV,RL-4,CTREC,2,6,2,,,,,
692,IRD-695,KVCTRECGFVSYVCPGPKSVALDFNSCHTCKKPLKEGCKLYNRQGHQLCV,RL-4,CTREC,2,6,2,,,,,
693,IRD-696,KACTLECGFASYVCPGPKSVALDFNSCHTCKKPLREGCKLYNRQGHQLCV,RL-9,CTLEC,2,6,2,,,,,
694,IRD-697,KACTLECGFASYVCPGPKSVALDFNSCHTCKKPLREGCKLYNRRGHQLCV,RL-9,CTLEC,2,6,2,,,,,
695,IRD-698,TICTLECNTKAVYIRCLPDKKKTKIGSGGCTNCCVSRKRGCQLYDSNDRRLCA,RL-9,CTLEC,2,6,2,,,,,
