,Entry,Sequence,linkerID,Linker,Type,S_position,E_position
324,IRD-501,KACPFNCDPRIAYGVCPRLKEKKNNQICTNCCAGTKGCNYFSTDGTFICKG,L-39,KEKKN,2,19,23
325,IRD-501,KACPFNCDPRIAYGVCPRLKEKKNNQICTNCCAGTKGCNYFSTDGTFICKG,L-62,EKKNN,2,20,24
402,IRD-580,KACPRNCDPRISDEICPRSEEKNNNQICTNCCAGTKGCNYFSADGTFVCEG,L-27,EEKNN,2,19,23
403,IRD-580,KACPRNCDPRISDEICPRSEEKNNNQICTNCCAGTKGCNYFSADGTFVCEG,L-58,EKNNN,2,20,24
404,IRD-581,KACPRNCDPRISYGVCPRSEEKNNNQICTNCCAGTKGCNYFSADGTFVCEG,L-27,EEKNN,2,19,23
405,IRD-581,KACPRNCDPRISYGVCPRSEEKNNNQICTNCCAGTKGCNYFSADGTFVCEG,L-58,EKNNN,2,20,24
415,IRD-591,KACPRNCDPRIDFGICPLSEEKKDNQICTNCYAGMKGCYYFSADGTFVCEG,L-26,EEKKD,2,19,23
416,IRD-591,KACPRNCDPRIDFGICPLSEEKKDNQICTNCYAGMKGCYYFSADGTFVCEG,L-28,EKKDN,2,20,24
417,IRD-592,KACPRNCDPRIDFGICPLSEEKKDNQICTNCCAGMKGCNYFSADGTFVCEG,L-26,EEKKD,2,19,23
418,IRD-592,KACPRNCDPRIDFGICPLSEEKKDNQICTNCCAGMKGCNYFSADGTFVCEG,L-28,EKKDN,2,20,24
419,IRD-593,KACPRNCDPRIDFGICPLLEEKKDNQICTNCCAGMKGCNYFSANGTFICEG,L-26,EEKKD,2,19,23
420,IRD-593,KACPRNCDPRIDFGICPLLEEKKDNQICTNCCAGMKGCNYFSANGTFICEG,L-28,EKKDN,2,20,24
421,IRD-594,KACPRNCDPRIAYGVCPRTEEKKDNQICTNCCAGTKGCNYFSANGTFICEG,L-26,EEKKD,2,19,23
422,IRD-594,KACPRNCDPRIAYGVCPRTEEKKDNQICTNCCAGTKGCNYFSANGTFICEG,L-28,EKKDN,2,20,24
423,IRD-595,KACPRNCDGRIAYGICPRSEEKKDNQICTNCCAGTKGCNYFSADGTFVCEG,L-26,EEKKD,2,19,23
424,IRD-595,KACPRNCDGRIAYGICPRSEEKKDNQICTNCCAGTKGCNYFSADGTFVCEG,L-28,EKKDN,2,20,24
425,IRD-596,KACPRNCDGRIAYGVCPRSEEKKDNQICTNCCAGTKGCNYFSADGTFVCEG,L-26,EEKKD,2,19,23
426,IRD-596,KACPRNCDGRIAYGVCPRSEEKKDNQICTNCCAGTKGCNYFSADGTFVCEG,L-28,EKKDN,2,20,24
427,IRD-597,KACPRNCDPRIAYGVCPRLEEKKDNQICTNCCAGTKGCNYFSADGTFVCKG,L-26,EEKKD,2,19,23
428,IRD-597,KACPRNCDPRIAYGVCPRLEEKKDNQICTNCCAGTKGCNYFSADGTFVCKG,L-28,EKKDN,2,20,24
429,IRD-598,KACPRNCDPRIAYGVCPRSEEKKDNQICTNCCAGTKGCNYFSADGTFVCKG,L-26,EEKKD,2,19,23
430,IRD-598,KACPRNCDPRIAYGVCPRSEEKKDNQICTNCCAGTKGCNYFSADGTFVCKG,L-28,EKKDN,2,20,24
431,IRD-599,KACPRNCDPRIAYGLCPLSEEKKDNRICTNCCAGKKGCNYFSADGTFVCKG,L-26,EEKKD,2,19,23
432,IRD-599,KACPRNCDPRIAYGLCPLSEEKKDNRICTNCCAGKKGCNYFSADGTFVCKG,L-28,EKKDN,2,20,24
433,IRD-600,KACPRNCDPRIAYGACPLSEEKKDNQICTNCCAGTKGCSYFSADGTFVCKG,L-26,EEKKD,2,19,23
434,IRD-600,KACPRNCDPRIAYGACPLSEEKKDNQICTNCCAGTKGCSYFSADGTFVCKG,L-28,EKKDN,2,20,24
435,IRD-601,KACPRNCDPRIAYGVCPRSEEKKDNQICTNCCAGTKGCNYFSADGTFFCKG,L-26,EEKKD,2,19,23
436,IRD-601,KACPRNCDPRIAYGVCPRSEEKKDNQICTNCCAGTKGCNYFSADGTFFCKG,L-28,EKKDN,2,20,24
437,IRD-602,KVCPLNCDPRIAYGLCPLSEEKKDNQICTNCCAGTKGCNYFSANGTFVCKG,L-26,EEKKD,2,19,23
438,IRD-602,KVCPLNCDPRIAYGLCPLSEEKKDNQICTNCCAGTKGCNYFSANGTFVCKG,L-28,EKKDN,2,20,24
439,IRD-603,KVCPLNCDPRIAYGLCPLSEEKKDNQICTNCCAGTKGCNYFSADGTFVCKG,L-26,EEKKD,2,19,23
440,IRD-603,KVCPLNCDPRIAYGLCPLSEEKKDNQICTNCCAGTKGCNYFSADGTFVCKG,L-28,EKKDN,2,20,24
447,IRD-610,KACPRNCDGRIAYGVCPRKEEKKNNWICTNCCAGMKGCNYFSADGTFVCEG,L-25,EEKKN,2,19,23
448,IRD-610,KACPRNCDGRIAYGVCPRKEEKKNNWICTNCCAGMKGCNYFSADGTFVCEG,L-62,EKKNN,2,20,24
449,IRD-611,KACPRNCDGRIAYGVCPRKEEKKNNWICTNCCAGTKGCNYFSADGTFVCEG,L-25,EEKKN,2,19,23
450,IRD-611,KACPRNCDGRIAYGVCPRKEEKKNNWICTNCCAGTKGCNYFSADGTFVCEG,L-62,EKKNN,2,20,24
451,IRD-612,KACPRNCDGRIDYGVCPRSEEKKNNQICTNCCAGTKGCNYFSADGTFVCEG,L-25,EEKKN,2,19,23
452,IRD-612,KACPRNCDGRIDYGVCPRSEEKKNNQICTNCCAGTKGCNYFSADGTFVCEG,L-62,EKKNN,2,20,24
453,IRD-613,KACPRNCDGRIAYGVCPRSEEKKNNRICTNCCAGTKGCNYFSADGTFVCEG,L-25,EEKKN,2,19,23
454,IRD-613,KACPRNCDGRIAYGVCPRSEEKKNNRICTNCCAGTKGCNYFSADGTFVCEG,L-62,EKKNN,2,20,24
455,IRD-614,KACPRNCDGRIAYGVCPRSEEKKNNRICTNCCAGTKGCNYFSADGTFICEG,L-25,EEKKN,2,19,23
456,IRD-614,KACPRNCDGRIAYGVCPRSEEKKNNRICTNCCAGTKGCNYFSADGTFICEG,L-62,EKKNN,2,20,24
461,IRD-619,KACPRNCDERIAYGICPRTEEKKNNQICTNCCAGTKGCNYFSANGTFICEG,L-25,EEKKN,2,19,23
462,IRD-619,KACPRNCDERIAYGICPRTEEKKNNQICTNCCAGTKGCNYFSANGTFICEG,L-62,EKKNN,2,20,24
468,IRD-625,KACPRNCDGRIAYGVCRSSEEKKNNQICTNCCAGTKGCNYFSADGTFVCKG,L-25,EEKKN,2,19,23
469,IRD-625,KACPRNCDGRIAYGVCRSSEEKKNNQICTNCCAGTKGCNYFSADGTFVCKG,L-62,EKKNN,2,20,24
470,IRD-626,RPCPRNCDPRITYGVCPRSEEKKNNQICTNCCAGIKGCNYFSVDGTFVCEG,L-25,EEKKN,2,19,23
471,IRD-626,RPCPRNCDPRITYGVCPRSEEKKNNQICTNCCAGIKGCNYFSVDGTFVCEG,L-62,EKKNN,2,20,24
472,IRD-627,KACPRNCDPRITYGVCPRSEEKKNNQICTNCCAGIKGCNYFSVDGTFVCEG,L-25,EEKKN,2,19,23
473,IRD-627,KACPRNCDPRITYGVCPRSEEKKNNQICTNCCAGIKGCNYFSVDGTFVCEG,L-62,EKKNN,2,20,24
474,IRD-628,KACPRNCDPRITYGVCPRSEEKKNNQICTNCCAGMKGCNYFSVNGTFICEG,L-25,EEKKN,2,19,23
475,IRD-628,KACPRNCDPRITYGVCPRSEEKKNNQICTNCCAGMKGCNYFSVNGTFICEG,L-62,EKKNN,2,20,24
479,IRD-632,KACPRNCDPRIAYGVCPRSEEKKNNQICTNCCAGMKGCNYFSANGTFICEG,L-25,EEKKN,2,19,23
480,IRD-632,KACPRNCDPRIAYGVCPRSEEKKNNQICTNCCAGMKGCNYFSANGTFICEG,L-62,EKKNN,2,20,24
483,IRD-635,KACPRNCDGRIAYGICPRTEEKKNNQICTNCCAGTKGCNYFSANGTFICEG,L-25,EEKKN,2,19,23
484,IRD-635,KACPRNCDGRIAYGICPRTEEKKNNQICTNCCAGTKGCNYFSANGTFICEG,L-62,EKKNN,2,20,24
487,IRD-638,KACPRNCDPRIAYGACPLSEEKKNNQICTNCCAGMKGCNYFSANGTFICEG,L-25,EEKKN,2,19,23
488,IRD-638,KACPRNCDPRIAYGACPLSEEKKNNQICTNCCAGMKGCNYFSANGTFICEG,L-62,EKKNN,2,20,24
489,IRD-639,KPCPRNCDGRIAYGICPLSEEKKNNRLCTNCCAGMKGCNYFSADGTFVCEG,L-25,EEKKN,2,19,23
490,IRD-639,KPCPRNCDGRIAYGICPLSEEKKNNRLCTNCCAGMKGCNYFSADGTFVCEG,L-62,EKKNN,2,20,24
491,IRD-640,KPCPRNCDGRIAYGICPLSEEKKNNRLCTNCCAGTKGCNYFSADGTFVCEG,L-25,EEKKN,2,19,23
492,IRD-640,KPCPRNCDGRIAYGICPLSEEKKNNRLCTNCCAGTKGCNYFSADGTFVCEG,L-62,EKKNN,2,20,24
493,IRD-641,KPCPRNCDGRIAYGICPLSEEKKNNRLCTNCCAGTKGCNYFGADGTFVCEG,L-25,EEKKN,2,19,23
494,IRD-641,KPCPRNCDGRIAYGICPLSEEKKNNRLCTNCCAGTKGCNYFGADGTFVCEG,L-62,EKKNN,2,20,24
496,IRD-643,KPCPRNCDGRIAYGICPLSEEKKNNQLCTNCCAGTKGCNYFSADGTFVCEG,L-25,EEKKN,2,19,23
497,IRD-643,KPCPRNCDGRIAYGICPLSEEKKNNQLCTNCCAGTKGCNYFSADGTFVCEG,L-62,EKKNN,2,20,24
498,IRD-644,KPCPRNCDGRIAYGICPLSEEKKNNRLCTNCCAGTKGCSYFSADGTFVCEG,L-25,EEKKN,2,19,23
499,IRD-644,KPCPRNCDGRIAYGICPLSEEKKNNRLCTNCCAGTKGCSYFSADGTFVCEG,L-62,EKKNN,2,20,24
503,IRD-648,KPCPRNCDGRIAYGICPLSEEKKNNQLCTNCCAGTKGCKYFSADGTFVCEG,L-25,EEKKN,2,19,23
504,IRD-648,KPCPRNCDGRIAYGICPLSEEKKNNQLCTNCCAGTKGCKYFSADGTFVCEG,L-62,EKKNN,2,20,24
515,IRD-659,KACTLNCDPRIAYGVCPRSEEKKNNQICTNCCAGTKGCNYFSADGTFVCEG,L-25,EEKKN,2,19,23
516,IRD-659,KACTLNCDPRIAYGVCPRSEEKKNNQICTNCCAGTKGCNYFSADGTFVCEG,L-62,EKKNN,2,20,24
517,IRD-660,KACTLNCDPRIAYGVCPRSEEKKNNQICTNCCAGTKGCNYFSADGTFVCKG,L-25,EEKKN,2,19,23
518,IRD-660,KACTLNCDPRIAYGVCPRSEEKKNNQICTNCCAGTKGCNYFSADGTFVCKG,L-62,EKKNN,2,20,24
520,IRD-662,KRCTRECDPRINYRICPRSEEKKNNRICTNCCSGKKGCKYFSDDGTFVCEG,L-25,EEKKN,2,19,23
521,IRD-662,KRCTRECDPRINYRICPRSEEKKNNRICTNCCSGKKGCKYFSDDGTFVCEG,L-62,EKKNN,2,20,24
523,IRD-664,KACTRECDTRIAYGVCPRLEEKKNNRLCTNCCSGTKGCNYFSADGTFVCEG,L-25,EEKKN,2,19,23
524,IRD-664,KACTRECDTRIAYGVCPRLEEKKNNRLCTNCCSGTKGCNYFSADGTFVCEG,L-62,EKKNN,2,20,24
525,IRD-665,KACPFNCDPRIAYGVCPRSEEKKNNQICTNCCAGRKGCYYFSADGAFVCEG,L-25,EEKKN,2,19,23
526,IRD-665,KACPFNCDPRIAYGVCPRSEEKKNNQICTNCCAGRKGCYYFSADGAFVCEG,L-62,EKKNN,2,20,24
527,IRD-666,KACPFNCDPRIAYGVCPRSEEKKNNQICTNCCAGTKGCNYFSADGTFVCKG,L-25,EEKKN,2,19,23
528,IRD-666,KACPFNCDPRIAYGVCPRSEEKKNNQICTNCCAGTKGCNYFSADGTFVCKG,L-62,EKKNN,2,20,24
531,IRD-669,KGCTFECDPRIAYGICPLSEEKKNNRLCTNCCAGKKGCNYFSSNGTFICEG,L-25,EEKKN,2,19,23
532,IRD-669,KGCTFECDPRIAYGICPLSEEKKNNRLCTNCCAGKKGCNYFSSNGTFICEG,L-62,EKKNN,2,20,24
533,IRD-670,KGCTFECDPGIAYGICPLSEEKKNNRLCTNCCAGKKGCNYFSSNGTFICEG,L-25,EEKKN,2,19,23
534,IRD-670,KGCTFECDPGIAYGICPLSEEKKNNRLCTNCCAGKKGCNYFSSNGTFICEG,L-62,EKKNN,2,20,24
535,IRD-671,KGCTFECDPRIAYGICPRSEEKKNNRLCTNCCAGKKGCNYFSSNGTFICEG,L-25,EEKKN,2,19,23
536,IRD-671,KGCTFECDPRIAYGICPRSEEKKNNRLCTNCCAGKKGCNYFSSNGTFICEG,L-62,EKKNN,2,20,24
537,IRD-672,KGCTIECDPRIAYGICPLSEEKKNNRLCTNCCAGKKGCNYFSANGTFICEG,L-25,EEKKN,2,19,23
538,IRD-672,KGCTIECDPRIAYGICPLSEEKKNNRLCTNCCAGKKGCNYFSANGTFICEG,L-62,EKKNN,2,20,24
539,IRD-673,KFCPQNCDGRIAYGICPVSEEKKNNRLCTNCCAGAKGCRFFSADGTFVCEG,L-25,EEKKN,2,19,23
540,IRD-673,KFCPQNCDGRIAYGICPVSEEKKNNRLCTNCCAGAKGCRFFSADGTFVCEG,L-62,EKKNN,2,20,24
542,IRD-675,KACSFNCDPRIAYGVCPRSEEKKNNQICTNCCAGTKGCNYFSADGTFVCEG,L-25,EEKKN,2,19,23
543,IRD-675,KACSFNCDPRIAYGVCPRSEEKKNNQICTNCCAGTKGCNYFSADGTFVCEG,L-62,EKKNN,2,20,24
