,Entry,fastaLength,DomainID,RclID,Rcl,tpID,TargetProtease
0,K4D750,360,IRD-1,RL-1,CPRNC,TP-1,Trypsin
1,E9JGT0,155,IRD-3,RL-1,CPRNC,TP-1,Trypsin
2,Q7M222,146,IRD-4,RL-1,CPRNC,TP-1,Trypsin
3,A0A1S4BIG0,168,IRD-5,RL-1,CPRNC,TP-1,Trypsin
4,A0A1S3Z2Q3,294,IRD-6,RL-5,CPFNC,TP-2,Chymotrypsin
5,K4D750,360,IRD-7,RL-5,CPFNC,TP-2,Chymotrypsin
6,M1AJ80,146,IRD-8,RL-5,CPFNC,TP-2,Chymotrypsin
7,Q00782,158,IRD-9,RL-9,CTLEC,TP-2,Chymotrypsin
8,A0A1U8FXN6,199,IRD-12,RL-9,CTLEC,TP-2,Chymotrypsin
9,A0A097J9D4,199,IRD-12,RL-9,CTLEC,TP-2,Chymotrypsin
10,A0A097J9D8,199,IRD-12,RL-9,CTLEC,TP-2,Chymotrypsin
11,M0ZZR6,205,IRD-13,RL-9,CTLEC,TP-2,Chymotrypsin
12,M1B8F8,205,IRD-13,RL-9,CTLEC,TP-2,Chymotrypsin
13,A0A1U8GFH5,205,IRD-14,RL-9,CTLEC,TP-2,Chymotrypsin
14,Q43652,154,IRD-16,RL-10,CTKEC,TP-1,Trypsin
15,Q43710,223,IRD-18,RL-10,CTKEC,TP-1,Trypsin
16,Q43710,223,IRD-19,RL-10,CTKEC,TP-1,Trypsin
17,Q43502,201,IRD-20,RL-10,CTKEC,TP-1,Trypsin
18,K4BEX7,201,IRD-20,RL-10,CTKEC,TP-1,Trypsin
19,A0A097H1D1,152,IRD-21,RL-13,CSKEC,TP-1,Trypsin
20,A0A097H191,152,IRD-23,RL-13,CSKEC,TP-1,Trypsin
21,A0A097H193,152,IRD-24,RL-13,CSKEC,TP-1,Trypsin
22,B0FZ75,152,IRD-24,RL-13,CSKEC,TP-1,Trypsin
23,M1AJ81,174,IRD-25,RL-13,CSKEC,TP-1,Trypsin
24,M1AJ82,152,IRD-25,RL-13,CSKEC,TP-1,Trypsin
25,M1B8F9,200,IRD-27,RL-18,CTQEC,TP-4,Unknown
26,A0A1U8GHX6,230,IRD-28,RL-18,CTQEC,TP-4,Unknown
27,A0A2G3AW51,197,IRD-30,RL-18,CTQEC,TP-4,Unknown
28,K4BEX5,207,IRD-32,RL-20,CTQQC,TP-4,Unknown
29,K4BEX6,207,IRD-32,RL-20,CTQQC,TP-4,Unknown
30,M1B8F7,207,IRD-33,RL-20,CTQQC,TP-4,Unknown
31,A0A1S3Z2Q3,294,IRD-38,RL-32,CRRNC,TP-1,Trypsin
32,A0A1U7VHX6,225,IRD-39,RL-32,CRRNC,TP-1,Trypsin
33,K4BEX8,206,IRD-40,RL-19,CTMEC,TP-4,Unknown
34,Q40561,197,IRD-41,RL-24,CTTEC,TP-4,Unknown
35,A0A075EZT7,197,IRD-41,RL-24,CTTEC,TP-4,Unknown
36,A0A1U7XB93,197,IRD-41,RL-24,CTTEC,TP-4,Unknown
37,A0A1J6JJ91,197,IRD-42,RL-24,CTTEC,TP-4,Unknown
38,A0A1U8GFH5,205,IRD-43,RL-25,CTQHC,TP-4,Unknown
39,Q00782,158,IRD-46,RL-1,CPRNC,TP-1,Trypsin
40,K4D750,360,IRD-47,RL-1,CPRNC,TP-1,Trypsin
41,A0A1U8GHX6,230,IRD-50,RL-1,CPRNC,TP-1,Trypsin
42,P01078,52,IRD-51,RL-1,CPRNC,TP-1,Trypsin
43,Q41488,154,IRD-52,RL-1,CPRNC,TP-1,Trypsin
44,A0A097H1D6,154,IRD-52,RL-1,CPRNC,TP-1,Trypsin
45,M1B8F8,205,IRD-53,RL-2,CPLNC,TP-2,Chymotrypsin
46,P84813,47,IRD-54,RL-2,CPLNC,TP-2,Chymotrypsin
47,K4BEX8,206,IRD-55,RL-2,CPLNC,TP-2,Chymotrypsin
48,P01080,153,IRD-56,RL-2,CPLNC,TP-2,Chymotrypsin
49,Q3S483,154,IRD-57,RL-2,CPLNC,TP-2,Chymotrypsin
50,J7EQ13,154,IRD-58,RL-2,CPLNC,TP-2,Chymotrypsin
51,Q43652,154,IRD-59,RL-2,CPLNC,TP-2,Chymotrypsin
52,Q1WL35,506,IRD-61,RL-5,CPFNC,TP-2,Chymotrypsin
53,Q1WL31,516,IRD-61,RL-5,CPFNC,TP-2,Chymotrypsin
54,P05119,148,IRD-62,RL-7,CTFNC,TP-2,Chymotrypsin
55,Q6H3X6,148,IRD-62,RL-7,CTFNC,TP-2,Chymotrypsin
56,I3QHF1,148,IRD-63,RL-7,CTFNC,TP-2,Chymotrypsin
57,M1B8F7,207,IRD-65,RL-13,CSKEC,TP-1,Trypsin
58,A0A2G3AW51,197,IRD-68,RL-22,CSRNC,TP-1,Trypsin
59,K4BEX6,207,IRD-69,RL-23,CPKEC,TP-1,Trypsin
60,K4BEX5,207,IRD-70,RL-23,CPKEC,TP-1,Trypsin
61,K4BEY0,159,IRD-73,RL-49,CHLNC,TP-2,Chymotrypsin
62,A0A1S4CPA1,394,IRD-74,RL-1,CPRNC,TP-1,Trypsin
63,A0A1S4CNR9,389,IRD-74,RL-1,CPRNC,TP-1,Trypsin
64,A0A1S4CNP7,336,IRD-74,RL-1,CPRNC,TP-1,Trypsin
65,A0A1S4CPA1,394,IRD-75,RL-1,CPRNC,TP-1,Trypsin
66,A0A1S4CNR9,389,IRD-75,RL-1,CPRNC,TP-1,Trypsin
67,A0A1S4CPA1,394,IRD-76,RL-1,CPRNC,TP-1,Trypsin
68,A0A1S4CNP7,336,IRD-76,RL-1,CPRNC,TP-1,Trypsin
69,Q1WL45,394,IRD-77,RL-1,CPRNC,TP-1,Trypsin
70,Q4ZIQ4,262,IRD-78,RL-1,CPRNC,TP-1,Trypsin
71,Q4ZIQ2,262,IRD-78,RL-1,CPRNC,TP-1,Trypsin
72,Q4ZIQ5,262,IRD-78,RL-1,CPRNC,TP-1,Trypsin
73,Q1WL41,338,IRD-81,RL-1,CPRNC,TP-1,Trypsin
74,A0A1U8G7B9,204,IRD-83,RL-1,CPRNC,TP-1,Trypsin
75,A0A1U8G7B9,204,IRD-84,RL-1,CPRNC,TP-1,Trypsin
76,Q4Z8K2,204,IRD-84,RL-1,CPRNC,TP-1,Trypsin
77,Q4Z8K3,204,IRD-84,RL-1,CPRNC,TP-1,Trypsin
78,Q4ZIQ6,204,IRD-84,RL-1,CPRNC,TP-1,Trypsin
79,A0A097J9D3,192,IRD-84,RL-1,CPRNC,TP-1,Trypsin
80,A0A097J9C5,192,IRD-84,RL-1,CPRNC,TP-1,Trypsin
81,A0A097J9D7,198,IRD-84,RL-1,CPRNC,TP-1,Trypsin
82,A0A097J9B6,204,IRD-84,RL-1,CPRNC,TP-1,Trypsin
83,Q4Z8K2,204,IRD-90,RL-1,CPRNC,TP-1,Trypsin
84,A0A097J9D3,192,IRD-90,RL-1,CPRNC,TP-1,Trypsin
85,A0A097J9C5,192,IRD-90,RL-1,CPRNC,TP-1,Trypsin
86,A0A097J9B6,204,IRD-90,RL-1,CPRNC,TP-1,Trypsin
87,A0A097J9C0,201,IRD-90,RL-1,CPRNC,TP-1,Trypsin
88,Q4ZIQ3,262,IRD-90,RL-1,CPRNC,TP-1,Trypsin
89,A0A097J9D6,87,IRD-93,RL-1,CPRNC,TP-1,Trypsin
90,Q9SDL4,204,IRD-105,RL-1,CPRNC,TP-1,Trypsin
91,Q9SDL4,204,IRD-106,RL-1,CPRNC,TP-1,Trypsin
92,O49146,204,IRD-121,RL-3,CTLNC,TP-2,Chymotrypsin
93,Q4ZIQ4,262,IRD-121,RL-3,CTLNC,TP-2,Chymotrypsin
94,Q4ZIQ2,262,IRD-121,RL-3,CTLNC,TP-2,Chymotrypsin
95,Q4ZIQ5,262,IRD-121,RL-3,CTLNC,TP-2,Chymotrypsin
96,O49146,204,IRD-122,RL-3,CTLNC,TP-2,Chymotrypsin
97,Q4ZIQ2,262,IRD-122,RL-3,CTLNC,TP-2,Chymotrypsin
98,Q4ZIQ5,262,IRD-122,RL-3,CTLNC,TP-2,Chymotrypsin
99,Q4ZIQ3,262,IRD-122,RL-3,CTLNC,TP-2,Chymotrypsin
100,Q4ZIQ4,262,IRD-124,RL-3,CTLNC,TP-2,Chymotrypsin
101,A0A097J9D1,76,IRD-132,RL-3,CTLNC,TP-2,Chymotrypsin
102,P56615,55,IRD-133,RL-6,CPRYC,TP-1,Trypsin
103,A0A1U8G7B9,204,IRD-133,RL-6,CPRYC,TP-1,Trypsin
104,Q9SDL4,204,IRD-133,RL-6,CPRYC,TP-1,Trypsin
105,Q4Z8K2,204,IRD-133,RL-6,CPRYC,TP-1,Trypsin
106,Q4Z8K3,204,IRD-133,RL-6,CPRYC,TP-1,Trypsin
107,Q4Z8K3,204,IRD-133,RL-6,CPRYC,TP-1,Trypsin
108,Q4ZIQ6,204,IRD-133,RL-6,CPRYC,TP-1,Trypsin
109,Q4ZIQ6,204,IRD-133,RL-6,CPRYC,TP-1,Trypsin
110,A0A097J9D3,192,IRD-133,RL-6,CPRYC,TP-1,Trypsin
111,A0A097J9C5,192,IRD-133,RL-6,CPRYC,TP-1,Trypsin
112,A0A097J9D7,198,IRD-133,RL-6,CPRYC,TP-1,Trypsin
113,A0A097J9B6,204,IRD-133,RL-6,CPRYC,TP-1,Trypsin
114,Q4ZIQ3,262,IRD-133,RL-6,CPRYC,TP-1,Trypsin
115,A0A097J9C0,201,IRD-137,RL-6,CPRYC,TP-1,Trypsin
116,A0A097J9D7,198,IRD-138,RL-6,CPRYC,TP-1,Trypsin
117,O49146,204,IRD-143,RL-11,CPKNC,TP-1,Trypsin
118,Q4ZIQ4,262,IRD-143,RL-11,CPKNC,TP-1,Trypsin
119,Q4ZIQ2,262,IRD-143,RL-11,CPKNC,TP-1,Trypsin
120,Q4ZIQ5,262,IRD-143,RL-11,CPKNC,TP-1,Trypsin
121,Q4ZIQ3,262,IRD-143,RL-11,CPKNC,TP-1,Trypsin
122,M0ZZR6,205,IRD-151,RL-1,CPRNC,TP-1,Trypsin
123,A0A1U7WDA6,687,IRD-152,RL-1,CPRNC,TP-1,Trypsin
124,A0A1U7WDA6,687,IRD-152,RL-1,CPRNC,TP-1,Trypsin
125,A0A1U7WDA6,687,IRD-152,RL-1,CPRNC,TP-1,Trypsin
126,A0A1U7WDA6,687,IRD-152,RL-1,CPRNC,TP-1,Trypsin
127,A0A1U7WDA6,687,IRD-152,RL-1,CPRNC,TP-1,Trypsin
128,A0A1U7WDA6,687,IRD-152,RL-1,CPRNC,TP-1,Trypsin
129,A0A1U7WDA6,687,IRD-152,RL-1,CPRNC,TP-1,Trypsin
130,A0A1U7WDA6,687,IRD-152,RL-1,CPRNC,TP-1,Trypsin
131,Q1WL44,397,IRD-152,RL-1,CPRNC,TP-1,Trypsin
132,Q1WL44,397,IRD-152,RL-1,CPRNC,TP-1,Trypsin
133,Q1WL43,397,IRD-152,RL-1,CPRNC,TP-1,Trypsin
134,Q40378,397,IRD-153,RL-1,CPRNC,TP-1,Trypsin
135,A0A1U7WDA6,687,IRD-153,RL-1,CPRNC,TP-1,Trypsin
136,Q1WL44,397,IRD-153,RL-1,CPRNC,TP-1,Trypsin
137,Q1WL43,397,IRD-153,RL-1,CPRNC,TP-1,Trypsin
138,Q1WL35,506,IRD-154,RL-1,CPRNC,TP-1,Trypsin
139,Q1WL31,516,IRD-154,RL-1,CPRNC,TP-1,Trypsin
140,Q1WL35,506,IRD-155,RL-1,CPRNC,TP-1,Trypsin
141,Q1WL31,516,IRD-155,RL-1,CPRNC,TP-1,Trypsin
142,Q1WL35,506,IRD-156,RL-1,CPRNC,TP-1,Trypsin
143,Q1WL31,516,IRD-156,RL-1,CPRNC,TP-1,Trypsin
144,Q1WL35,506,IRD-157,RL-1,CPRNC,TP-1,Trypsin
145,Q1WL31,516,IRD-157,RL-1,CPRNC,TP-1,Trypsin
146,Q1WL35,506,IRD-158,RL-1,CPRNC,TP-1,Trypsin
147,Q1WL31,516,IRD-158,RL-1,CPRNC,TP-1,Trypsin
148,Q1WL35,506,IRD-159,RL-1,CPRNC,TP-1,Trypsin
149,Q1WL31,516,IRD-159,RL-1,CPRNC,TP-1,Trypsin
150,Q84LJ9,455,IRD-165,RL-1,CPRNC,TP-1,Trypsin
151,A0A1J6J0L2,339,IRD-165,RL-1,CPRNC,TP-1,Trypsin
152,Q84LJ9,455,IRD-166,RL-1,CPRNC,TP-1,Trypsin
153,Q84LJ9,455,IRD-166,RL-1,CPRNC,TP-1,Trypsin
154,A0A1J6J0L2,339,IRD-166,RL-1,CPRNC,TP-1,Trypsin
155,Q84LJ9,455,IRD-167,RL-1,CPRNC,TP-1,Trypsin
156,Q84LJ9,455,IRD-168,RL-1,CPRNC,TP-1,Trypsin
157,Q84LJ9,455,IRD-169,RL-1,CPRNC,TP-1,Trypsin
158,A0A1J6J0L2,339,IRD-169,RL-1,CPRNC,TP-1,Trypsin
159,Q1WL39,397,IRD-169,RL-1,CPRNC,TP-1,Trypsin
160,Q1WL36,448,IRD-170,RL-1,CPRNC,TP-1,Trypsin
161,Q1WL36,448,IRD-171,RL-1,CPRNC,TP-1,Trypsin
162,A0A1S4CPA1,394,IRD-172,RL-1,CPRNC,TP-1,Trypsin
163,A0A1S4CPA1,394,IRD-172,RL-1,CPRNC,TP-1,Trypsin
164,A0A1S4CNR9,389,IRD-172,RL-1,CPRNC,TP-1,Trypsin
165,A0A1S4CNR9,389,IRD-172,RL-1,CPRNC,TP-1,Trypsin
166,A0A1S4CNP7,336,IRD-172,RL-1,CPRNC,TP-1,Trypsin
167,A0A1S4CNP7,336,IRD-172,RL-1,CPRNC,TP-1,Trypsin
168,Q1WL36,448,IRD-172,RL-1,CPRNC,TP-1,Trypsin
169,Q1WL36,448,IRD-173,RL-1,CPRNC,TP-1,Trypsin
170,A0A1U7Y2F0,434,IRD-174,RL-1,CPRNC,TP-1,Trypsin
171,A0A1U7Y2F0,434,IRD-175,RL-1,CPRNC,TP-1,Trypsin
172,A0A1U7Y2F0,434,IRD-176,RL-1,CPRNC,TP-1,Trypsin
173,A0A1U7Y2F0,434,IRD-176,RL-1,CPRNC,TP-1,Trypsin
174,Q1WL37,147,IRD-176,RL-1,CPRNC,TP-1,Trypsin
175,Q1WL38,432,IRD-176,RL-1,CPRNC,TP-1,Trypsin
176,A0A1U7Y2F0,434,IRD-177,RL-1,CPRNC,TP-1,Trypsin
177,A0A1U7Y2F0,434,IRD-178,RL-1,CPRNC,TP-1,Trypsin
178,Q1WL38,432,IRD-179,RL-1,CPRNC,TP-1,Trypsin
179,Q1WL38,432,IRD-180,RL-1,CPRNC,TP-1,Trypsin
180,Q1WL38,432,IRD-181,RL-1,CPRNC,TP-1,Trypsin
181,Q1WL38,432,IRD-182,RL-1,CPRNC,TP-1,Trypsin
182,Q1WL38,432,IRD-183,RL-1,CPRNC,TP-1,Trypsin
183,A0A1S4CPA1,394,IRD-184,RL-1,CPRNC,TP-1,Trypsin
184,A0A1S4CNR9,389,IRD-184,RL-1,CPRNC,TP-1,Trypsin
185,A0A1S4CNP7,336,IRD-184,RL-1,CPRNC,TP-1,Trypsin
186,Q1WL29,389,IRD-185,RL-1,CPRNC,TP-1,Trypsin
187,Q1WL30,389,IRD-185,RL-1,CPRNC,TP-1,Trypsin
188,Q1WL29,389,IRD-186,RL-1,CPRNC,TP-1,Trypsin
189,Q1WL30,389,IRD-186,RL-1,CPRNC,TP-1,Trypsin
190,Q1WL29,389,IRD-187,RL-1,CPRNC,TP-1,Trypsin
191,Q1WL29,389,IRD-188,RL-1,CPRNC,TP-1,Trypsin
192,Q1WL29,389,IRD-189,RL-1,CPRNC,TP-1,Trypsin
193,Q1WL30,389,IRD-189,RL-1,CPRNC,TP-1,Trypsin
194,Q1WL30,389,IRD-189,RL-1,CPRNC,TP-1,Trypsin
195,Q1WL30,389,IRD-190,RL-1,CPRNC,TP-1,Trypsin
196,Q40378,397,IRD-191,RL-1,CPRNC,TP-1,Trypsin
197,Q40378,397,IRD-192,RL-1,CPRNC,TP-1,Trypsin
198,Q40378,397,IRD-192,RL-1,CPRNC,TP-1,Trypsin
199,Q1WL39,397,IRD-193,RL-1,CPRNC,TP-1,Trypsin
200,Q1WL39,397,IRD-194,RL-1,CPRNC,TP-1,Trypsin
201,Q1WL39,397,IRD-195,RL-1,CPRNC,TP-1,Trypsin
202,Q1WL40,397,IRD-196,RL-1,CPRNC,TP-1,Trypsin
203,Q1WL39,397,IRD-196,RL-1,CPRNC,TP-1,Trypsin
204,Q1WL40,397,IRD-197,RL-1,CPRNC,TP-1,Trypsin
205,Q1WL40,397,IRD-198,RL-1,CPRNC,TP-1,Trypsin
206,Q1WL40,397,IRD-199,RL-1,CPRNC,TP-1,Trypsin
207,Q1WL40,397,IRD-200,RL-1,CPRNC,TP-1,Trypsin
208,Q1WL43,397,IRD-201,RL-1,CPRNC,TP-1,Trypsin
209,A0A1S3YZT7,396,IRD-203,RL-1,CPRNC,TP-1,Trypsin
210,A0A1S3YZT7,396,IRD-204,RL-1,CPRNC,TP-1,Trypsin
211,A0A1S3YZT7,396,IRD-205,RL-1,CPRNC,TP-1,Trypsin
212,A0A1S4A0N1,396,IRD-206,RL-1,CPRNC,TP-1,Trypsin
213,B3F0C1,396,IRD-206,RL-1,CPRNC,TP-1,Trypsin
214,A0A1S4A0N1,396,IRD-207,RL-1,CPRNC,TP-1,Trypsin
215,B3F0C1,396,IRD-207,RL-1,CPRNC,TP-1,Trypsin
216,A0A1S4A0N1,396,IRD-208,RL-1,CPRNC,TP-1,Trypsin
217,A0A1S4A0N1,396,IRD-209,RL-1,CPRNC,TP-1,Trypsin
218,B3F0C1,396,IRD-209,RL-1,CPRNC,TP-1,Trypsin
219,A0A1S4A0N1,396,IRD-210,RL-1,CPRNC,TP-1,Trypsin
220,B3F0C1,396,IRD-210,RL-1,CPRNC,TP-1,Trypsin
221,Q1WL50,279,IRD-211,RL-1,CPRNC,TP-1,Trypsin
222,Q1WL46,339,IRD-211,RL-1,CPRNC,TP-1,Trypsin
223,Q1WL47,330,IRD-211,RL-1,CPRNC,TP-1,Trypsin
224,Q1WL49,395,IRD-211,RL-1,CPRNC,TP-1,Trypsin
225,Q1WL49,395,IRD-212,RL-1,CPRNC,TP-1,Trypsin
226,Q1WL49,395,IRD-213,RL-1,CPRNC,TP-1,Trypsin
227,A0A1J6J0L2,339,IRD-214,RL-1,CPRNC,TP-1,Trypsin
228,Q1WL48,330,IRD-215,RL-1,CPRNC,TP-1,Trypsin
229,Q1WL48,330,IRD-216,RL-1,CPRNC,TP-1,Trypsin
230,Q1WL47,330,IRD-217,RL-1,CPRNC,TP-1,Trypsin
231,Q1WL48,330,IRD-217,RL-1,CPRNC,TP-1,Trypsin
232,Q1WL47,330,IRD-218,RL-1,CPRNC,TP-1,Trypsin
233,Q1WL42,338,IRD-221,RL-1,CPRNC,TP-1,Trypsin
234,Q1WL42,338,IRD-222,RL-1,CPRNC,TP-1,Trypsin
235,Q1WL42,338,IRD-223,RL-1,CPRNC,TP-1,Trypsin
236,Q1WL42,338,IRD-224,RL-1,CPRNC,TP-1,Trypsin
237,Q1WL46,339,IRD-225,RL-1,CPRNC,TP-1,Trypsin
238,Q1WL46,339,IRD-226,RL-1,CPRNC,TP-1,Trypsin
239,Q1WL41,338,IRD-227,RL-1,CPRNC,TP-1,Trypsin
240,Q1WL41,338,IRD-228,RL-1,CPRNC,TP-1,Trypsin
241,Q1WL50,279,IRD-230,RL-1,CPRNC,TP-1,Trypsin
242,A0A1U8FXN6,199,IRD-232,RL-1,CPRNC,TP-1,Trypsin
243,A0A097J9D4,199,IRD-232,RL-1,CPRNC,TP-1,Trypsin
244,A0A097J9D8,199,IRD-233,RL-1,CPRNC,TP-1,Trypsin
245,K4BEX9,159,IRD-235,RL-1,CPRNC,TP-1,Trypsin
246,Q84L56,154,IRD-236,RL-1,CPRNC,TP-1,Trypsin
247,A0A097H1A1,154,IRD-237,RL-1,CPRNC,TP-1,Trypsin
248,J7EN94,154,IRD-237,RL-1,CPRNC,TP-1,Trypsin
249,A0A1X9QDN8,136,IRD-239,RL-1,CPRNC,TP-1,Trypsin
250,J7EQ45,148,IRD-239,RL-1,CPRNC,TP-1,Trypsin
251,P01079,51,IRD-240,RL-1,CPRNC,TP-1,Trypsin
252,A0A097H1A1,154,IRD-240,RL-1,CPRNC,TP-1,Trypsin
253,J7EN94,154,IRD-240,RL-1,CPRNC,TP-1,Trypsin
254,A0A1S3YZT7,396,IRD-242,RL-2,CPLNC,TP-2,Chymotrypsin
255,A0A1S3YZT7,396,IRD-243,RL-2,CPLNC,TP-2,Chymotrypsin
256,Q1WL45,394,IRD-244,RL-2,CPLNC,TP-2,Chymotrypsin
257,Q1WL45,394,IRD-245,RL-2,CPLNC,TP-2,Chymotrypsin
258,Q1WL45,394,IRD-246,RL-2,CPLNC,TP-2,Chymotrypsin
259,Q3S493,154,IRD-247,RL-2,CPLNC,TP-2,Chymotrypsin
260,Q41489,147,IRD-248,RL-2,CPLNC,TP-2,Chymotrypsin
261,J7EQ46,147,IRD-248,RL-2,CPLNC,TP-2,Chymotrypsin
262,Q41435,147,IRD-250,RL-2,CPLNC,TP-2,Chymotrypsin
263,A0A1U7WDA6,687,IRD-251,RL-3,CTLNC,TP-2,Chymotrypsin
264,Q1WL36,448,IRD-252,RL-3,CTLNC,TP-2,Chymotrypsin
265,Q1WL36,448,IRD-252,RL-3,CTLNC,TP-2,Chymotrypsin
266,Q40378,397,IRD-253,RL-3,CTLNC,TP-2,Chymotrypsin
267,Q1WL44,397,IRD-254,RL-3,CTLNC,TP-2,Chymotrypsin
268,Q1WL43,397,IRD-254,RL-3,CTLNC,TP-2,Chymotrypsin
269,Q1WL44,397,IRD-255,RL-3,CTLNC,TP-2,Chymotrypsin
270,Q1WL43,397,IRD-255,RL-3,CTLNC,TP-2,Chymotrypsin
271,Q1WL49,395,IRD-257,RL-4,CTREC,TP-1,Trypsin
272,Q1WL48,330,IRD-258,RL-8,CTFEC,TP-2,Chymotrypsin
273,Q1WL47,330,IRD-259,RL-8,CTFEC,TP-2,Chymotrypsin
274,Q1WL46,339,IRD-260,RL-8,CTFEC,TP-2,Chymotrypsin
275,Q1WL50,279,IRD-261,RL-8,CTFEC,TP-2,Chymotrypsin
276,Q1WL51,163,IRD-262,RL-8,CTFEC,TP-2,Chymotrypsin
277,Q8W2K6,148,IRD-263,RL-8,CTFEC,TP-2,Chymotrypsin
278,E9JGS8,147,IRD-264,RL-8,CTFEC,TP-2,Chymotrypsin
279,Q40561,197,IRD-265,RL-12,CPQFC,TP-4,Unknown
280,A0A075EZT7,197,IRD-265,RL-12,CPQFC,TP-4,Unknown
281,A0A1U7XB93,197,IRD-266,RL-12,CPQFC,TP-4,Unknown
282,A0A1J6JJ91,197,IRD-267,RL-12,CPQFC,TP-4,Unknown
283,B3F0C1,396,IRD-268,RL-14,CPPNC,TP-4,Unknown
284,Q1WL49,395,IRD-269,RL-15,CTIEC,TP-2,Chymotrypsin
285,Q1WL45,394,IRD-270,RL-16,CPQNC,TP-4,Unknown
286,Q1WL41,338,IRD-271,RL-17,CPRIC,TP-1,Trypsin
287,Q6JKN9,152,IRD-272,RL-27,CPLYC,TP-2,Chymotrypsin
288,M1B8F9,200,IRD-274,RL-34,CPFYC,TP-2,Chymotrypsin
289,K4BEX7,201,IRD-275,RL-46,CPSYC,TP-4,Unknown
290,Q43502,201,IRD-276,RL-46,CPSYC,TP-4,Unknown
291,Q8W2K1,152,IRD-277,RL-35,CPLFC,TP-2,Chymotrypsin
292,M1D0E9,145,IRD-278,RL-50,CSYEC,TP-2,Chymotrypsin
293,A0A1U8GHX6,230,IRD-280,RL-18,CTQEC,TP-4,Unknown
294,A0A2G3AW51,197,IRD-283,RL-18,CTQEC,TP-4,Unknown
295,K4BEX5,207,IRD-285,RL-20,CTQQC,TP-4,Unknown
296,K4BEX6,207,IRD-285,RL-20,CTQQC,TP-4,Unknown
297,M1B8F7,207,IRD-286,RL-20,CTQQC,TP-4,Unknown
298,A0A1U8FAF4,82,IRD-289,RL-22,CSRNC,TP-1,Trypsin
299,K4BEX6,207,IRD-290,RL-23,CPKEC,TP-1,Trypsin
300,K4BEX5,207,IRD-291,RL-23,CPKEC,TP-1,Trypsin
301,Q40561,197,IRD-292,RL-24,CTTEC,TP-4,Unknown
302,A0A075EZT7,197,IRD-292,RL-24,CTTEC,TP-4,Unknown
303,A0A1U7XB93,197,IRD-292,RL-24,CTTEC,TP-4,Unknown
304,A0A1J6JJ91,197,IRD-293,RL-24,CTTEC,TP-4,Unknown
305,A0A1U8GFH5,205,IRD-295,RL-25,CTQHC,TP-4,Unknown
306,M1C854,83,IRD-297,RL-26,CLQYC,TP-4,Unknown
307,M1C853,81,IRD-297,RL-26,CLQYC,TP-4,Unknown
308,M1C870,83,IRD-298,RL-26,CLQYC,TP-4,Unknown
309,Q6JKN9,152,IRD-299,RL-27,CPLYC,TP-2,Chymotrypsin
310,A0A2K1WRD3,76,IRD-301,RL-27,CPLYC,TP-2,Chymotrypsin
311,A0A2C9U386,79,IRD-302,RL-27,CPLYC,TP-2,Chymotrypsin
312,A0A2C9U1Z6,80,IRD-303,RL-27,CPLYC,TP-2,Chymotrypsin
313,B9S759,75,IRD-304,RL-27,CPLYC,TP-2,Chymotrypsin
314,A0A067L586,75,IRD-306,RL-27,CPLYC,TP-2,Chymotrypsin
315,Q9C7G9,81,IRD-307,RL-27,CPLYC,TP-2,Chymotrypsin
316,Q6NQ47,97,IRD-307,RL-27,CPLYC,TP-2,Chymotrypsin
317,D7TGT1,78,IRD-308,RL-27,CPLYC,TP-2,Chymotrypsin
318,M4CUW0,81,IRD-310,RL-27,CPLYC,TP-2,Chymotrypsin
319,A0A0D3APY5,81,IRD-311,RL-27,CPLYC,TP-2,Chymotrypsin
320,R0GJB3,80,IRD-312,RL-27,CPLYC,TP-2,Chymotrypsin
321,A0A2N9F3Z0,1643,IRD-313,RL-27,CPLYC,TP-2,Chymotrypsin
322,D7KZ92,82,IRD-314,RL-27,CPLYC,TP-2,Chymotrypsin
323,A0A1J3DYX7,84,IRD-315,RL-27,CPLYC,TP-2,Chymotrypsin
324,A0A1J3G2U3,90,IRD-315,RL-27,CPLYC,TP-2,Chymotrypsin
325,A0A1J3ILC6,97,IRD-315,RL-27,CPLYC,TP-2,Chymotrypsin
326,A0A1J3HRR4,93,IRD-315,RL-27,CPLYC,TP-2,Chymotrypsin
327,M1D3J7,81,IRD-320,RL-30,CTRNC,TP-1,Trypsin
328,A0A1S4DR24,90,IRD-321,RL-30,CTRNC,TP-1,Trypsin
329,A0A1S3Y6L6,80,IRD-322,RL-30,CTRNC,TP-1,Trypsin
330,A0A1U7XBN8,90,IRD-323,RL-30,CTRNC,TP-1,Trypsin
331,A0A314KX99,80,IRD-324,RL-30,CTRNC,TP-1,Trypsin
332,A0A251RIY1,79,IRD-325,RL-33,CPQYC,TP-4,Unknown
333,M7ZEF2,78,IRD-329,RL-33,CPQYC,TP-4,Unknown
334,A0A199W8X6,79,IRD-336,RL-33,CPQYC,TP-4,Unknown
335,M0ZPU7,84,IRD-340,RL-36,CLQVC,TP-4,Unknown
336,M0ZPU7,84,IRD-341,RL-36,CLQVC,TP-4,Unknown
337,M0ZPU5,84,IRD-342,RL-36,CLQVC,TP-4,Unknown
338,A0A1U8HFR9,84,IRD-344,RL-36,CLQVC,TP-4,Unknown
339,K4C6V1,603,IRD-345,RL-36,CLQVC,TP-4,Unknown
340,A0A1S3YTB5,160,IRD-346,RL-37,CLQFC,TP-4,Unknown
341,A0A1U7YPZ0,84,IRD-346,RL-37,CLQFC,TP-4,Unknown
342,A0A1J6JY14,84,IRD-346,RL-37,CLQFC,TP-4,Unknown
343,A0A1S3YL26,84,IRD-346,RL-37,CLQFC,TP-4,Unknown
344,A0A2G2ZAE0,84,IRD-348,RL-38,CIQVC,TP-4,Unknown
345,D8QVL0,230,IRD-351,RL-39,CPLIC,TP-2,Chymotrypsin
346,D8QVP9,230,IRD-352,RL-39,CPLIC,TP-2,Chymotrypsin
347,M5XPI6,81,IRD-357,RL-42,CNKIC,TP-1,Trypsin
348,A0A1S3XF39,87,IRD-359,RL-43,CPRDC,TP-1,Trypsin
349,A0A1J6KQH3,87,IRD-360,RL-43,CPRDC,TP-1,Trypsin
350,A0A1U7XKN6,87,IRD-360,RL-43,CPRDC,TP-1,Trypsin
351,A0A1S3ZJX9,87,IRD-360,RL-43,CPRDC,TP-1,Trypsin
352,A0A2G3C896,128,IRD-361,RL-43,CPRDC,TP-1,Trypsin
353,A0A1S3X5H6,103,IRD-368,RL-54,CTQDC,TP-4,Unknown
354,A0A059PYZ4,83,IRD-372,RL-58,CPMYC,TP-4,Unknown
355,C5WLW2,91,IRD-373,RL-62,CIETC,TP-4,Unknown
356,Q43710,223,IRD-375,RL-10,CTKEC,TP-1,Trypsin
357,Q43710,223,IRD-375,RL-10,CTKEC,TP-1,Trypsin
358,Q43710,223,IRD-376,RL-10,CTKEC,TP-1,Trypsin
359,A0A2G2Z3H2,81,IRD-377,RL-12,CPQFC,TP-4,Unknown
360,M1BKA9,77,IRD-378,RL-12,CPQFC,TP-4,Unknown
361,M1BKA8,76,IRD-378,RL-12,CPQFC,TP-4,Unknown
362,K4CG14,77,IRD-379,RL-12,CPQFC,TP-4,Unknown
363,I3S093,80,IRD-381,RL-12,CPQFC,TP-4,Unknown
364,A0A0E0KIP4,82,IRD-382,RL-12,CPQFC,TP-4,Unknown
365,A0A072UHW5,80,IRD-383,RL-12,CPQFC,TP-4,Unknown
366,Q6AVT6,82,IRD-387,RL-12,CPQFC,TP-4,Unknown
367,A2XLR0,82,IRD-387,RL-12,CPQFC,TP-4,Unknown
368,I1PF65,82,IRD-387,RL-12,CPQFC,TP-4,Unknown
369,A0A0E0GTG1,82,IRD-387,RL-12,CPQFC,TP-4,Unknown
370,A0A0E0P0X3,82,IRD-387,RL-12,CPQFC,TP-4,Unknown
371,A0A0D3FNQ1,82,IRD-387,RL-12,CPQFC,TP-4,Unknown
372,A0A0D9ZCR1,82,IRD-387,RL-12,CPQFC,TP-4,Unknown
373,B6SSS5,78,IRD-390,RL-12,CPQFC,TP-4,Unknown
374,A3FMA3,78,IRD-391,RL-12,CPQFC,TP-4,Unknown
375,A0A1B6Q2N4,81,IRD-394,RL-27,CPLYC,TP-2,Chymotrypsin
376,C5XFQ3,77,IRD-396,RL-33,CPQYC,TP-4,Unknown
377,I1HDV9,79,IRD-397,RL-33,CPQYC,TP-4,Unknown
378,A0A1S2Z6Q3,79,IRD-398,RL-39,CPLIC,TP-2,Chymotrypsin
379,R7WBW6,78,IRD-400,RL-59,CHQYC,TP-4,Unknown
380,A0A1S4A0N1,396,IRD-401,RL-5,CPFNC,TP-2,Chymotrypsin
381,B3F0C1,396,IRD-401,RL-5,CPFNC,TP-2,Chymotrypsin
382,A0A1S3Z2Q3,294,IRD-402,RL-5,CPFNC,TP-2,Chymotrypsin
383,M1AJ80,146,IRD-403,RL-5,CPFNC,TP-2,Chymotrypsin
384,P05119,148,IRD-405,RL-7,CTFNC,TP-2,Chymotrypsin
385,Q6H3X6,148,IRD-405,RL-7,CTFNC,TP-2,Chymotrypsin
386,I3QHF1,148,IRD-407,RL-7,CTFNC,TP-2,Chymotrypsin
387,Q8W2K6,148,IRD-408,RL-8,CTFEC,TP-2,Chymotrypsin
388,E9JGS8,147,IRD-409,RL-8,CTFEC,TP-2,Chymotrypsin
389,M1B8F8,205,IRD-411,RL-9,CTLEC,TP-2,Chymotrypsin
390,A0A1U8FXN6,199,IRD-412,RL-9,CTLEC,TP-2,Chymotrypsin
391,A0A097J9D4,199,IRD-412,RL-9,CTLEC,TP-2,Chymotrypsin
392,A0A097J9D8,199,IRD-412,RL-9,CTLEC,TP-2,Chymotrypsin
393,M0ZZR6,205,IRD-413,RL-9,CTLEC,TP-2,Chymotrypsin
394,A0A1U8GFH5,205,IRD-415,RL-9,CTLEC,TP-2,Chymotrypsin
395,Q3S493,154,IRD-417,RL-9,CTLEC,TP-2,Chymotrypsin
396,Q43502,201,IRD-418,RL-10,CTKEC,TP-1,Trypsin
397,K4BEX7,201,IRD-418,RL-10,CTKEC,TP-1,Trypsin
398,Q40561,197,IRD-419,RL-10,CTKEC,TP-1,Trypsin
399,A0A075EZT7,197,IRD-419,RL-10,CTKEC,TP-1,Trypsin
400,A0A1U7XB93,197,IRD-419,RL-10,CTKEC,TP-1,Trypsin
401,A0A1J6JJ91,197,IRD-420,RL-10,CTKEC,TP-1,Trypsin
402,K4BEX9,159,IRD-423,RL-10,CTKEC,TP-1,Trypsin
403,K4BEY0,159,IRD-424,RL-10,CTKEC,TP-1,Trypsin
404,Q40561,197,IRD-427,RL-12,CPQFC,TP-4,Unknown
405,A0A075EZT7,197,IRD-427,RL-12,CPQFC,TP-4,Unknown
406,A0A1J6JJ91,197,IRD-428,RL-12,CPQFC,TP-4,Unknown
407,A0A1U7XB93,197,IRD-428,RL-12,CPQFC,TP-4,Unknown
408,M1B8F7,207,IRD-429,RL-13,CSKEC,TP-1,Trypsin
409,M1B8F9,200,IRD-430,RL-18,CTQEC,TP-4,Unknown
410,K4BEX8,206,IRD-431,RL-19,CTMEC,TP-4,Unknown
411,K4BEX8,206,IRD-432,RL-19,CTMEC,TP-4,Unknown
412,A0A1U7VHX6,225,IRD-435,RL-32,CRRNC,TP-1,Trypsin
413,A0A1S3Z2Q3,294,IRD-435,RL-32,CRRNC,TP-1,Trypsin
414,Q8W2K1,152,IRD-436,RL-35,CPLFC,TP-2,Chymotrypsin
415,M1D0E9,145,IRD-437,RL-50,CSYEC,TP-2,Chymotrypsin
416,Q1WL45,394,IRD-441,RL-2,CPLNC,TP-2,Chymotrypsin
417,M1B8F8,205,IRD-442,RL-2,CPLNC,TP-2,Chymotrypsin
418,Q3S493,154,IRD-443,RL-2,CPLNC,TP-2,Chymotrypsin
419,O49146,204,IRD-444,RL-3,CTLNC,TP-2,Chymotrypsin
420,Q4ZIQ5,262,IRD-444,RL-3,CTLNC,TP-2,Chymotrypsin
421,Q4ZIQ3,262,IRD-444,RL-3,CTLNC,TP-2,Chymotrypsin
422,Q4ZIQ4,262,IRD-445,RL-3,CTLNC,TP-2,Chymotrypsin
423,Q4ZIQ2,262,IRD-446,RL-3,CTLNC,TP-2,Chymotrypsin
424,Q1WL50,279,IRD-449,RL-4,CTREC,TP-1,Trypsin
425,Q1WL47,330,IRD-449,RL-4,CTREC,TP-1,Trypsin
426,Q1WL49,395,IRD-449,RL-4,CTREC,TP-1,Trypsin
427,Q1WL48,330,IRD-450,RL-4,CTREC,TP-1,Trypsin
428,A0A1U8FXN6,199,IRD-451,RL-4,CTREC,TP-1,Trypsin
429,A0A097J9D4,199,IRD-451,RL-4,CTREC,TP-1,Trypsin
430,A0A097J9D8,199,IRD-451,RL-4,CTREC,TP-1,Trypsin
431,K4BEX6,207,IRD-452,RL-4,CTREC,TP-1,Trypsin
432,K4BEX5,207,IRD-453,RL-4,CTREC,TP-1,Trypsin
433,M1B8F7,207,IRD-454,RL-4,CTREC,TP-1,Trypsin
434,Q6JKN9,152,IRD-455,RL-4,CTREC,TP-1,Trypsin
435,Q8W2K1,152,IRD-455,RL-4,CTREC,TP-1,Trypsin
436,Q32YL3,81,IRD-455,RL-4,CTREC,TP-1,Trypsin
437,P05119,148,IRD-456,RL-4,CTREC,TP-1,Trypsin
438,Q6H3X6,148,IRD-456,RL-4,CTREC,TP-1,Trypsin
439,Q8W2K6,148,IRD-457,RL-4,CTREC,TP-1,Trypsin
440,E9JGS8,147,IRD-458,RL-4,CTREC,TP-1,Trypsin
441,I3QHF1,148,IRD-459,RL-4,CTREC,TP-1,Trypsin
442,Q8W2K6,148,IRD-460,RL-4,CTREC,TP-1,Trypsin
443,Q2TU74,76,IRD-460,RL-4,CTREC,TP-1,Trypsin
444,Q1WL45,394,IRD-462,RL-7,CTFNC,TP-2,Chymotrypsin
445,Q00782,158,IRD-464,RL-9,CTLEC,TP-2,Chymotrypsin
446,M0ZZR6,205,IRD-464,RL-9,CTLEC,TP-2,Chymotrypsin
447,Q3S483,154,IRD-466,RL-9,CTLEC,TP-2,Chymotrypsin
448,Q41488,154,IRD-467,RL-9,CTLEC,TP-2,Chymotrypsin
449,Q84L56,154,IRD-467,RL-9,CTLEC,TP-2,Chymotrypsin
450,J7EQ13,154,IRD-467,RL-9,CTLEC,TP-2,Chymotrypsin
451,A0A097H1D6,154,IRD-467,RL-9,CTLEC,TP-2,Chymotrypsin
452,A0A097H1A1,154,IRD-467,RL-9,CTLEC,TP-2,Chymotrypsin
453,J7EN94,154,IRD-467,RL-9,CTLEC,TP-2,Chymotrypsin
454,M1B8F8,205,IRD-469,RL-10,CTKEC,TP-1,Trypsin
455,K4BEX7,201,IRD-470,RL-10,CTKEC,TP-1,Trypsin
456,M1B8F9,200,IRD-470,RL-10,CTKEC,TP-1,Trypsin
457,Q43502,201,IRD-471,RL-10,CTKEC,TP-1,Trypsin
458,A0A1U8GHX6,230,IRD-472,RL-10,CTKEC,TP-1,Trypsin
459,A0A2G3AW51,197,IRD-472,RL-10,CTKEC,TP-1,Trypsin
460,M1D0E9,145,IRD-475,RL-17,CPRIC,TP-1,Trypsin
461,P01080,153,IRD-478,RL-48,CIREC,TP-1,Trypsin
462,M0ZZR6,205,IRD-481,RL-1,CPRNC,TP-1,Trypsin
463,A0A1U8GHX6,230,IRD-482,RL-1,CPRNC,TP-1,Trypsin
464,Q7M222,146,IRD-483,RL-1,CPRNC,TP-1,Trypsin
465,Q00782,158,IRD-484,RL-1,CPRNC,TP-1,Trypsin
466,Q41488,154,IRD-485,RL-1,CPRNC,TP-1,Trypsin
467,A0A097H1D6,154,IRD-485,RL-1,CPRNC,TP-1,Trypsin
468,K4BEX9,159,IRD-486,RL-1,CPRNC,TP-1,Trypsin
469,Q84L56,154,IRD-487,RL-1,CPRNC,TP-1,Trypsin
470,A0A097H1A1,154,IRD-488,RL-1,CPRNC,TP-1,Trypsin
471,A0A1X9QDN8,136,IRD-488,RL-1,CPRNC,TP-1,Trypsin
472,J7EQ45,148,IRD-488,RL-1,CPRNC,TP-1,Trypsin
473,J7EN94,154,IRD-489,RL-1,CPRNC,TP-1,Trypsin
474,P83241,52,IRD-491,RL-1,CPRNC,TP-1,Trypsin
475,A0A1U8FJ97,81,IRD-491,RL-1,CPRNC,TP-1,Trypsin
476,Q1WL45,394,IRD-492,RL-2,CPLNC,TP-2,Chymotrypsin
477,K4BEX8,206,IRD-493,RL-2,CPLNC,TP-2,Chymotrypsin
478,Q3S483,154,IRD-495,RL-2,CPLNC,TP-2,Chymotrypsin
479,P01080,153,IRD-496,RL-2,CPLNC,TP-2,Chymotrypsin
480,J7EQ13,154,IRD-496,RL-2,CPLNC,TP-2,Chymotrypsin
481,Q43652,154,IRD-497,RL-2,CPLNC,TP-2,Chymotrypsin
482,Q41435,147,IRD-499,RL-2,CPLNC,TP-2,Chymotrypsin
483,Q41489,147,IRD-499,RL-2,CPLNC,TP-2,Chymotrypsin
484,J7EQ46,147,IRD-500,RL-2,CPLNC,TP-2,Chymotrypsin
485,A0A1S3YZT7,396,IRD-501,RL-5,CPFNC,TP-2,Chymotrypsin
486,A0A2G3AW51,197,IRD-503,RL-22,CSRNC,TP-1,Trypsin
487,M1B8F9,200,IRD-504,RL-34,CPFYC,TP-2,Chymotrypsin
488,Q43502,201,IRD-505,RL-46,CPSYC,TP-4,Unknown
489,K4BEX7,201,IRD-505,RL-46,CPSYC,TP-4,Unknown
490,K4BEY0,159,IRD-507,RL-49,CHLNC,TP-2,Chymotrypsin
491,Q1WL48,330,IRD-509,RL-1,CPRNC,TP-1,Trypsin
492,Q1WL42,338,IRD-510,RL-1,CPRNC,TP-1,Trypsin
493,K4D750,360,IRD-511,RL-1,CPRNC,TP-1,Trypsin
494,K4D750,360,IRD-512,RL-1,CPRNC,TP-1,Trypsin
495,A0A1S3Z2Q3,294,IRD-514,RL-1,CPRNC,TP-1,Trypsin
496,E9JGT0,155,IRD-516,RL-1,CPRNC,TP-1,Trypsin
497,A0A1U8FXN6,199,IRD-519,RL-1,CPRNC,TP-1,Trypsin
498,A0A097J9D4,199,IRD-519,RL-1,CPRNC,TP-1,Trypsin
499,A0A097J9D8,199,IRD-520,RL-1,CPRNC,TP-1,Trypsin
500,A0A097J9D3,192,IRD-521,RL-1,CPRNC,TP-1,Trypsin
501,A0A1U7VHX6,225,IRD-522,RL-1,CPRNC,TP-1,Trypsin
502,A0A1S4BIG0,168,IRD-523,RL-1,CPRNC,TP-1,Trypsin
503,Q7M222,146,IRD-524,RL-1,CPRNC,TP-1,Trypsin
504,M1AJ80,146,IRD-525,RL-1,CPRNC,TP-1,Trypsin
505,E9JGT0,155,IRD-526,RL-4,CTREC,TP-1,Trypsin
506,K4D750,360,IRD-527,RL-5,CPFNC,TP-2,Chymotrypsin
507,A0A1U7VHX6,225,IRD-529,RL-30,CTRNC,TP-1,Trypsin
508,A0A1S3Z2Q3,294,IRD-529,RL-30,CTRNC,TP-1,Trypsin
509,A0A1S4BIG0,168,IRD-530,RL-30,CTRNC,TP-1,Trypsin
510,A0A1S4A0N1,396,IRD-531,RL-1,CPRNC,TP-1,Trypsin
511,B3F0C1,396,IRD-531,RL-1,CPRNC,TP-1,Trypsin
512,A0A1S3YZT7,396,IRD-532,RL-1,CPRNC,TP-1,Trypsin
513,Q1WL40,397,IRD-533,RL-1,CPRNC,TP-1,Trypsin
514,Q1WL42,338,IRD-535,RL-1,CPRNC,TP-1,Trypsin
515,Q1WL41,338,IRD-535,RL-1,CPRNC,TP-1,Trypsin
516,A0A1U8G7B9,204,IRD-536,RL-1,CPRNC,TP-1,Trypsin
517,Q4Z8K2,204,IRD-536,RL-1,CPRNC,TP-1,Trypsin
518,A0A097J9C5,192,IRD-536,RL-1,CPRNC,TP-1,Trypsin
519,A0A097J9B6,204,IRD-536,RL-1,CPRNC,TP-1,Trypsin
520,A0A097J9C0,201,IRD-536,RL-1,CPRNC,TP-1,Trypsin
521,Q4ZIQ3,262,IRD-539,RL-1,CPRNC,TP-1,Trypsin
522,Q4ZIQ4,262,IRD-540,RL-1,CPRNC,TP-1,Trypsin
523,Q4ZIQ2,262,IRD-540,RL-1,CPRNC,TP-1,Trypsin
524,Q4ZIQ5,262,IRD-540,RL-1,CPRNC,TP-1,Trypsin
525,Q9SDL4,204,IRD-550,RL-1,CPRNC,TP-1,Trypsin
526,O49146,204,IRD-551,RL-3,CTLNC,TP-2,Chymotrypsin
527,Q4ZIQ4,262,IRD-551,RL-3,CTLNC,TP-2,Chymotrypsin
528,Q4ZIQ2,262,IRD-551,RL-3,CTLNC,TP-2,Chymotrypsin
529,Q4ZIQ5,262,IRD-551,RL-3,CTLNC,TP-2,Chymotrypsin
530,A0A1U8G7B9,204,IRD-559,RL-6,CPRYC,TP-1,Trypsin
531,Q4Z8K3,204,IRD-559,RL-6,CPRYC,TP-1,Trypsin
532,Q4ZIQ6,204,IRD-559,RL-6,CPRYC,TP-1,Trypsin
533,A0A097J9D7,198,IRD-559,RL-6,CPRYC,TP-1,Trypsin
534,Q4Z8K2,204,IRD-560,RL-6,CPRYC,TP-1,Trypsin
535,Q4Z8K3,204,IRD-560,RL-6,CPRYC,TP-1,Trypsin
536,Q4ZIQ6,204,IRD-560,RL-6,CPRYC,TP-1,Trypsin
537,A0A097J9D3,192,IRD-560,RL-6,CPRYC,TP-1,Trypsin
538,A0A097J9C5,192,IRD-560,RL-6,CPRYC,TP-1,Trypsin
539,A0A097J9D7,198,IRD-560,RL-6,CPRYC,TP-1,Trypsin
540,A0A097J9B6,204,IRD-560,RL-6,CPRYC,TP-1,Trypsin
541,A0A097J9C0,201,IRD-560,RL-6,CPRYC,TP-1,Trypsin
542,Q4ZIQ3,262,IRD-560,RL-6,CPRYC,TP-1,Trypsin
543,Q9SDL4,204,IRD-563,RL-6,CPRYC,TP-1,Trypsin
544,A0A1U7Y2F0,434,IRD-565,RL-1,CPRNC,TP-1,Trypsin
545,A0A1U7Y2F0,434,IRD-566,RL-1,CPRNC,TP-1,Trypsin
546,A0A1U7Y2F0,434,IRD-567,RL-1,CPRNC,TP-1,Trypsin
547,A0A1U7Y2F0,434,IRD-568,RL-1,CPRNC,TP-1,Trypsin
548,Q1WL38,432,IRD-569,RL-1,CPRNC,TP-1,Trypsin
549,Q1WL38,432,IRD-570,RL-1,CPRNC,TP-1,Trypsin
550,Q1WL38,432,IRD-571,RL-1,CPRNC,TP-1,Trypsin
551,Q1WL38,432,IRD-572,RL-1,CPRNC,TP-1,Trypsin
552,A0A1S4A0N1,396,IRD-573,RL-1,CPRNC,TP-1,Trypsin
553,Q1WL29,389,IRD-574,RL-1,CPRNC,TP-1,Trypsin
554,Q1WL30,389,IRD-575,RL-1,CPRNC,TP-1,Trypsin
555,Q1WL37,147,IRD-577,RL-1,CPRNC,TP-1,Trypsin
556,B3F0C1,396,IRD-578,RL-14,CPPNC,TP-4,Unknown
557,A0A1U7Y2F0,434,IRD-582,RL-1,CPRNC,TP-1,Trypsin
558,A0A1U7Y2F0,434,IRD-583,RL-1,CPRNC,TP-1,Trypsin
559,Q1WL38,432,IRD-584,RL-1,CPRNC,TP-1,Trypsin
560,Q1WL38,432,IRD-585,RL-1,CPRNC,TP-1,Trypsin
561,A0A1S4A0N1,396,IRD-586,RL-1,CPRNC,TP-1,Trypsin
562,B3F0C1,396,IRD-586,RL-1,CPRNC,TP-1,Trypsin
563,Q1WL42,338,IRD-589,RL-1,CPRNC,TP-1,Trypsin
564,Q1WL41,338,IRD-590,RL-1,CPRNC,TP-1,Trypsin
565,Q1WL35,506,IRD-591,RL-1,CPRNC,TP-1,Trypsin
566,Q1WL31,516,IRD-591,RL-1,CPRNC,TP-1,Trypsin
567,Q1WL35,506,IRD-592,RL-1,CPRNC,TP-1,Trypsin
568,Q1WL31,516,IRD-592,RL-1,CPRNC,TP-1,Trypsin
569,Q1WL35,506,IRD-593,RL-1,CPRNC,TP-1,Trypsin
570,Q1WL31,516,IRD-593,RL-1,CPRNC,TP-1,Trypsin
571,Q1WL36,448,IRD-594,RL-1,CPRNC,TP-1,Trypsin
572,Q1WL36,448,IRD-594,RL-1,CPRNC,TP-1,Trypsin
573,A0A1S4CPA1,394,IRD-595,RL-1,CPRNC,TP-1,Trypsin
574,A0A1S4CNR9,389,IRD-595,RL-1,CPRNC,TP-1,Trypsin
575,A0A1S4CNP7,336,IRD-595,RL-1,CPRNC,TP-1,Trypsin
576,A0A1S4CPA1,394,IRD-596,RL-1,CPRNC,TP-1,Trypsin
577,A0A1S4CPA1,394,IRD-596,RL-1,CPRNC,TP-1,Trypsin
578,A0A1S4CNR9,389,IRD-596,RL-1,CPRNC,TP-1,Trypsin
579,A0A1S4CNR9,389,IRD-596,RL-1,CPRNC,TP-1,Trypsin
580,A0A1S4CNP7,336,IRD-596,RL-1,CPRNC,TP-1,Trypsin
581,A0A1S4CNP7,336,IRD-596,RL-1,CPRNC,TP-1,Trypsin
582,A0A1S4A0N1,396,IRD-597,RL-1,CPRNC,TP-1,Trypsin
583,B3F0C1,396,IRD-597,RL-1,CPRNC,TP-1,Trypsin
584,A0A1S4A0N1,396,IRD-598,RL-1,CPRNC,TP-1,Trypsin
585,A0A1S3YZT7,396,IRD-599,RL-1,CPRNC,TP-1,Trypsin
586,Q1WL29,389,IRD-600,RL-1,CPRNC,TP-1,Trypsin
587,Q1WL29,389,IRD-600,RL-1,CPRNC,TP-1,Trypsin
588,Q1WL30,389,IRD-600,RL-1,CPRNC,TP-1,Trypsin
589,Q1WL30,389,IRD-600,RL-1,CPRNC,TP-1,Trypsin
590,B3F0C1,396,IRD-601,RL-1,CPRNC,TP-1,Trypsin
591,A0A1S3YZT7,396,IRD-602,RL-2,CPLNC,TP-2,Chymotrypsin
592,A0A1S3YZT7,396,IRD-603,RL-2,CPLNC,TP-2,Chymotrypsin
593,A0A1U7WDA6,687,IRD-604,RL-1,CPRNC,TP-1,Trypsin
594,A0A1U7WDA6,687,IRD-604,RL-1,CPRNC,TP-1,Trypsin
595,A0A1U7WDA6,687,IRD-604,RL-1,CPRNC,TP-1,Trypsin
596,A0A1U7WDA6,687,IRD-604,RL-1,CPRNC,TP-1,Trypsin
597,A0A1U7WDA6,687,IRD-604,RL-1,CPRNC,TP-1,Trypsin
598,A0A1U7WDA6,687,IRD-604,RL-1,CPRNC,TP-1,Trypsin
599,A0A1U7WDA6,687,IRD-604,RL-1,CPRNC,TP-1,Trypsin
600,Q1WL44,397,IRD-604,RL-1,CPRNC,TP-1,Trypsin
601,A0A1U7WDA6,687,IRD-605,RL-1,CPRNC,TP-1,Trypsin
602,Q40378,397,IRD-606,RL-1,CPRNC,TP-1,Trypsin
603,A0A1U7WDA6,687,IRD-606,RL-1,CPRNC,TP-1,Trypsin
604,Q1WL44,397,IRD-606,RL-1,CPRNC,TP-1,Trypsin
605,Q1WL43,397,IRD-606,RL-1,CPRNC,TP-1,Trypsin
606,Q1WL30,389,IRD-607,RL-1,CPRNC,TP-1,Trypsin
607,Q1WL35,506,IRD-607,RL-1,CPRNC,TP-1,Trypsin
608,Q1WL31,516,IRD-607,RL-1,CPRNC,TP-1,Trypsin
609,Q1WL35,506,IRD-608,RL-1,CPRNC,TP-1,Trypsin
610,Q1WL31,516,IRD-608,RL-1,CPRNC,TP-1,Trypsin
611,Q1WL35,506,IRD-609,RL-1,CPRNC,TP-1,Trypsin
612,Q1WL35,506,IRD-609,RL-1,CPRNC,TP-1,Trypsin
613,Q1WL31,516,IRD-609,RL-1,CPRNC,TP-1,Trypsin
614,Q1WL31,516,IRD-609,RL-1,CPRNC,TP-1,Trypsin
615,Q1WL36,448,IRD-613,RL-1,CPRNC,TP-1,Trypsin
616,Q1WL36,448,IRD-614,RL-1,CPRNC,TP-1,Trypsin
617,Q84LJ9,455,IRD-615,RL-1,CPRNC,TP-1,Trypsin
618,Q84LJ9,455,IRD-615,RL-1,CPRNC,TP-1,Trypsin
619,Q84LJ9,455,IRD-615,RL-1,CPRNC,TP-1,Trypsin
620,A0A1J6J0L2,339,IRD-615,RL-1,CPRNC,TP-1,Trypsin
621,Q84LJ9,455,IRD-616,RL-1,CPRNC,TP-1,Trypsin
622,A0A1J6J0L2,339,IRD-616,RL-1,CPRNC,TP-1,Trypsin
623,Q84LJ9,455,IRD-617,RL-1,CPRNC,TP-1,Trypsin
624,A0A1J6J0L2,339,IRD-617,RL-1,CPRNC,TP-1,Trypsin
625,Q84LJ9,455,IRD-618,RL-1,CPRNC,TP-1,Trypsin
626,A0A1J6J0L2,339,IRD-618,RL-1,CPRNC,TP-1,Trypsin
627,Q84LJ9,455,IRD-619,RL-1,CPRNC,TP-1,Trypsin
628,A0A1J6J0L2,339,IRD-619,RL-1,CPRNC,TP-1,Trypsin
629,Q1WL39,397,IRD-619,RL-1,CPRNC,TP-1,Trypsin
630,Q1WL44,397,IRD-620,RL-1,CPRNC,TP-1,Trypsin
631,Q1WL43,397,IRD-621,RL-1,CPRNC,TP-1,Trypsin
632,Q1WL43,397,IRD-622,RL-1,CPRNC,TP-1,Trypsin
633,Q40378,397,IRD-623,RL-1,CPRNC,TP-1,Trypsin
634,Q40378,397,IRD-624,RL-1,CPRNC,TP-1,Trypsin
635,Q40378,397,IRD-624,RL-1,CPRNC,TP-1,Trypsin
636,A0A1S4CPA1,394,IRD-625,RL-1,CPRNC,TP-1,Trypsin
637,A0A1S4CNR9,389,IRD-625,RL-1,CPRNC,TP-1,Trypsin
638,A0A1S4CNP7,336,IRD-625,RL-1,CPRNC,TP-1,Trypsin
639,A0A1S4CPA1,394,IRD-626,RL-1,CPRNC,TP-1,Trypsin
640,A0A1S4CNR9,389,IRD-626,RL-1,CPRNC,TP-1,Trypsin
641,A0A1S4CNP7,336,IRD-626,RL-1,CPRNC,TP-1,Trypsin
642,A0A1S4CPA1,394,IRD-627,RL-1,CPRNC,TP-1,Trypsin
643,A0A1S4CNR9,389,IRD-628,RL-1,CPRNC,TP-1,Trypsin
644,Q1WL39,397,IRD-629,RL-1,CPRNC,TP-1,Trypsin
645,Q1WL39,397,IRD-630,RL-1,CPRNC,TP-1,Trypsin
646,Q1WL39,397,IRD-631,RL-1,CPRNC,TP-1,Trypsin
647,Q1WL39,397,IRD-631,RL-1,CPRNC,TP-1,Trypsin
648,A0A1S3YZT7,396,IRD-632,RL-1,CPRNC,TP-1,Trypsin
649,Q1WL40,397,IRD-633,RL-1,CPRNC,TP-1,Trypsin
650,Q1WL40,397,IRD-634,RL-1,CPRNC,TP-1,Trypsin
651,Q1WL40,397,IRD-635,RL-1,CPRNC,TP-1,Trypsin
652,Q1WL40,397,IRD-635,RL-1,CPRNC,TP-1,Trypsin
653,Q1WL29,389,IRD-636,RL-1,CPRNC,TP-1,Trypsin
654,Q1WL29,389,IRD-637,RL-1,CPRNC,TP-1,Trypsin
655,Q1WL30,389,IRD-637,RL-1,CPRNC,TP-1,Trypsin
656,Q1WL29,389,IRD-638,RL-1,CPRNC,TP-1,Trypsin
657,Q1WL30,389,IRD-638,RL-1,CPRNC,TP-1,Trypsin
658,Q1WL49,395,IRD-639,RL-1,CPRNC,TP-1,Trypsin
659,Q1WL50,279,IRD-640,RL-1,CPRNC,TP-1,Trypsin
660,Q1WL49,395,IRD-640,RL-1,CPRNC,TP-1,Trypsin
661,Q1WL49,395,IRD-641,RL-1,CPRNC,TP-1,Trypsin
662,Q1WL45,394,IRD-642,RL-1,CPRNC,TP-1,Trypsin
663,Q1WL48,330,IRD-643,RL-1,CPRNC,TP-1,Trypsin
664,Q1WL47,330,IRD-644,RL-1,CPRNC,TP-1,Trypsin
665,Q1WL48,330,IRD-644,RL-1,CPRNC,TP-1,Trypsin
666,Q1WL46,339,IRD-645,RL-1,CPRNC,TP-1,Trypsin
667,Q1WL46,339,IRD-646,RL-1,CPRNC,TP-1,Trypsin
668,Q1WL46,339,IRD-647,RL-1,CPRNC,TP-1,Trypsin
669,Q1WL47,330,IRD-648,RL-1,CPRNC,TP-1,Trypsin
670,Q1WL47,330,IRD-649,RL-1,CPRNC,TP-1,Trypsin
671,Q1WL42,338,IRD-650,RL-1,CPRNC,TP-1,Trypsin
672,Q1WL42,338,IRD-651,RL-1,CPRNC,TP-1,Trypsin
673,Q1WL41,338,IRD-651,RL-1,CPRNC,TP-1,Trypsin
674,Q1WL41,338,IRD-652,RL-1,CPRNC,TP-1,Trypsin
675,Q1WL50,279,IRD-654,RL-1,CPRNC,TP-1,Trypsin
676,A0A1U7WDA6,687,IRD-655,RL-2,CPLNC,TP-2,Chymotrypsin
677,Q1WL44,397,IRD-655,RL-2,CPLNC,TP-2,Chymotrypsin
678,Q1WL43,397,IRD-655,RL-2,CPLNC,TP-2,Chymotrypsin
679,Q1WL45,394,IRD-657,RL-2,CPLNC,TP-2,Chymotrypsin
680,A0A1U7WDA6,687,IRD-658,RL-3,CTLNC,TP-2,Chymotrypsin
681,Q1WL44,397,IRD-658,RL-3,CTLNC,TP-2,Chymotrypsin
682,Q1WL44,397,IRD-658,RL-3,CTLNC,TP-2,Chymotrypsin
683,Q1WL43,397,IRD-658,RL-3,CTLNC,TP-2,Chymotrypsin
684,Q1WL43,397,IRD-658,RL-3,CTLNC,TP-2,Chymotrypsin
685,Q1WL36,448,IRD-659,RL-3,CTLNC,TP-2,Chymotrypsin
686,Q1WL36,448,IRD-659,RL-3,CTLNC,TP-2,Chymotrypsin
687,Q1WL36,448,IRD-660,RL-3,CTLNC,TP-2,Chymotrypsin
688,Q40378,397,IRD-661,RL-3,CTLNC,TP-2,Chymotrypsin
689,Q40378,397,IRD-661,RL-3,CTLNC,TP-2,Chymotrypsin
690,Q1WL49,395,IRD-662,RL-4,CTREC,TP-1,Trypsin
691,Q1WL46,339,IRD-663,RL-4,CTREC,TP-1,Trypsin
692,Q1WL51,163,IRD-664,RL-4,CTREC,TP-1,Trypsin
693,Q1WL35,506,IRD-665,RL-5,CPFNC,TP-2,Chymotrypsin
694,Q1WL31,516,IRD-665,RL-5,CPFNC,TP-2,Chymotrypsin
695,Q1WL37,147,IRD-666,RL-5,CPFNC,TP-2,Chymotrypsin
696,Q1WL38,432,IRD-666,RL-5,CPFNC,TP-2,Chymotrypsin
697,Q1WL39,397,IRD-667,RL-5,CPFNC,TP-2,Chymotrypsin
698,Q1WL40,397,IRD-668,RL-7,CTFNC,TP-2,Chymotrypsin
699,Q1WL50,279,IRD-669,RL-8,CTFEC,TP-2,Chymotrypsin
700,Q1WL46,339,IRD-669,RL-8,CTFEC,TP-2,Chymotrypsin
701,Q1WL48,330,IRD-669,RL-8,CTFEC,TP-2,Chymotrypsin
702,Q1WL47,330,IRD-670,RL-8,CTFEC,TP-2,Chymotrypsin
703,Q1WL51,163,IRD-671,RL-8,CTFEC,TP-2,Chymotrypsin
704,Q1WL49,395,IRD-672,RL-15,CTIEC,TP-2,Chymotrypsin
705,Q1WL45,394,IRD-673,RL-16,CPQNC,TP-4,Unknown
706,Q1WL41,338,IRD-674,RL-17,CPRIC,TP-1,Trypsin
707,A0A1U7Y2F0,434,IRD-675,RL-45,CSFNC,TP-2,Chymotrypsin
708,A0A2G9H7E3,77,IRD-679,RL-27,CPLYC,TP-2,Chymotrypsin
709,D8RWY6,123,IRD-682,RL-33,CPQYC,TP-4,Unknown
710,D8SAC5,230,IRD-683,RL-39,CPLIC,TP-2,Chymotrypsin
711,D8SAC2,233,IRD-684,RL-39,CPLIC,TP-2,Chymotrypsin
712,D8QVL2,233,IRD-686,RL-60,CTFKC,TP-2,Chymotrypsin
713,A0A097H191,152,IRD-689,RL-13,CSKEC,TP-1,Trypsin
714,A0A097H1D1,152,IRD-689,RL-13,CSKEC,TP-1,Trypsin
715,M1AJ82,152,IRD-689,RL-13,CSKEC,TP-1,Trypsin
716,A0A097H193,152,IRD-690,RL-13,CSKEC,TP-1,Trypsin
717,B0FZ75,152,IRD-690,RL-13,CSKEC,TP-1,Trypsin
718,A0A1U8GFH5,205,IRD-692,RL-19,CTMEC,TP-4,Unknown
719,D8QVL0,230,IRD-694,RL-4,CTREC,TP-1,Trypsin
720,D8QVP9,230,IRD-695,RL-4,CTREC,TP-1,Trypsin
721,D8SAC5,230,IRD-695,RL-4,CTREC,TP-1,Trypsin
722,D8SAC0,233,IRD-696,RL-9,CTLEC,TP-2,Chymotrypsin
723,D8SAC2,233,IRD-697,RL-9,CTLEC,TP-2,Chymotrypsin
724,E9JGT1,174,IRD-2,RL-1,CPRNC,TP-1,Trypsin
725,E9JGT1,174,IRD-3,RL-1,CPRNC,TP-1,Trypsin
726,A0A2G3AT01,331,IRD-10,RL-9,CTLEC,TP-2,Chymotrypsin
727,A0A2G2XU31,199,IRD-10,RL-9,CTLEC,TP-2,Chymotrypsin
728,A0A2G2V3L6,199,IRD-11,RL-9,CTLEC,TP-2,Chymotrypsin
729,A0A097J9C9,199,IRD-12,RL-9,CTLEC,TP-2,Chymotrypsin
730,A0A097J9D5,181,IRD-12,RL-9,CTLEC,TP-2,Chymotrypsin
731,A0A2G3AW40,200,IRD-14,RL-9,CTLEC,TP-2,Chymotrypsin
732,A0A2G3A0X2,200,IRD-15,RL-9,CTLEC,TP-2,Chymotrypsin
733,I7AXR4,78,IRD-17,RL-10,CTKEC,TP-1,Trypsin
734,C0SKK6,152,IRD-22,RL-13,CSKEC,TP-1,Trypsin
735,K7W5K0,152,IRD-23,RL-13,CSKEC,TP-1,Trypsin
736,M1AJ83,139,IRD-25,RL-13,CSKEC,TP-1,Trypsin
737,A0A0V0GNA2,131,IRD-26,RL-13,CSKEC,TP-1,Trypsin
738,A0A2G3A0T9,228,IRD-28,RL-18,CTQEC,TP-4,Unknown
739,A0A2G2X8Q0,228,IRD-29,RL-18,CTQEC,TP-4,Unknown
740,M1DJV3,186,IRD-31,RL-20,CTQQC,TP-4,Unknown
741,A0A0V0GWC2,130,IRD-34,RL-20,CTQQC,TP-4,Unknown
742,A0A2G3AT15,363,IRD-35,RL-21,CPAIC,TP-3,Elastase
743,A0A2G3AW67,200,IRD-36,RL-21,CPAIC,TP-3,Elastase
744,A0A2G2X8T6,206,IRD-37,RL-21,CPAIC,TP-3,Elastase
745,A0A2G3AW40,200,IRD-43,RL-25,CTQHC,TP-4,Unknown
746,A0A2G3A0X2,200,IRD-43,RL-25,CTQHC,TP-4,Unknown
747,A0A2G3AW67,200,IRD-44,RL-29,CPANC,TP-3,Elastase
748,A0A2G2X8T6,206,IRD-45,RL-29,CPANC,TP-3,Elastase
749,T1PZ88,146,IRD-48,RL-1,CPRNC,TP-1,Trypsin
750,Q9M514,143,IRD-49,RL-1,CPRNC,TP-1,Trypsin
751,J7EQ14,154,IRD-56,RL-2,CPLNC,TP-2,Chymotrypsin
752,O82735,126,IRD-56,RL-2,CPLNC,TP-2,Chymotrypsin
753,Q3S485,129,IRD-57,RL-2,CPLNC,TP-2,Chymotrypsin
754,A0A1X9QDN7,142,IRD-58,RL-2,CPLNC,TP-2,Chymotrypsin
755,A0A0V0GZD4,129,IRD-58,RL-2,CPLNC,TP-2,Chymotrypsin
756,J7ENS8,137,IRD-58,RL-2,CPLNC,TP-2,Chymotrypsin
757,T1PZK4,204,IRD-60,RL-3,CTLNC,TP-2,Chymotrypsin
758,I3QHF0,148,IRD-62,RL-7,CTFNC,TP-2,Chymotrypsin
759,I6Q7H6,148,IRD-63,RL-7,CTFNC,TP-2,Chymotrypsin
760,M1DJV3,186,IRD-64,RL-11,CPKNC,TP-1,Trypsin
761,A0A1X9QDP7,154,IRD-66,RL-14,CPPNC,TP-4,Unknown
762,A0A2G3A0T9,228,IRD-67,RL-22,CSRNC,TP-1,Trypsin
763,A0A2G2X8Q0,228,IRD-72,RL-47,CLGNC,TP-3,Elastase
764,Q4U5Z5,262,IRD-78,RL-1,CPRNC,TP-1,Trypsin
765,A0A2G3A0S4,378,IRD-78,RL-1,CPRNC,TP-1,Trypsin
766,Q6H238,410,IRD-79,RL-1,CPRNC,TP-1,Trypsin
767,Q6H238,410,IRD-80,RL-1,CPRNC,TP-1,Trypsin
768,T1PZ85,262,IRD-82,RL-1,CPRNC,TP-1,Trypsin
769,D2CGT4,146,IRD-83,RL-1,CPRNC,TP-1,Trypsin
770,A0A2G2V3L7,262,IRD-83,RL-1,CPRNC,TP-1,Trypsin
771,T1PZF5,204,IRD-83,RL-1,CPRNC,TP-1,Trypsin
772,T1PZ64,262,IRD-83,RL-1,CPRNC,TP-1,Trypsin
773,T1PZ89,204,IRD-83,RL-1,CPRNC,TP-1,Trypsin
774,T1PZ73,204,IRD-83,RL-1,CPRNC,TP-1,Trypsin
775,T1PZB1,204,IRD-83,RL-1,CPRNC,TP-1,Trypsin
776,T1PZF0,204,IRD-83,RL-1,CPRNC,TP-1,Trypsin
777,T1PZ85,262,IRD-83,RL-1,CPRNC,TP-1,Trypsin
778,T1PZB3,204,IRD-83,RL-1,CPRNC,TP-1,Trypsin
779,T1PZB4,262,IRD-83,RL-1,CPRNC,TP-1,Trypsin
780,T1PZB2,204,IRD-83,RL-1,CPRNC,TP-1,Trypsin
781,T1PZK2,204,IRD-83,RL-1,CPRNC,TP-1,Trypsin
782,T1PZ91,204,IRD-83,RL-1,CPRNC,TP-1,Trypsin
783,D2CGT4,146,IRD-84,RL-1,CPRNC,TP-1,Trypsin
784,D2CGQ2,146,IRD-84,RL-1,CPRNC,TP-1,Trypsin
785,Q4U5Z4,204,IRD-84,RL-1,CPRNC,TP-1,Trypsin
786,D2CH22,133,IRD-84,RL-1,CPRNC,TP-1,Trypsin
787,T1PZE8,146,IRD-84,RL-1,CPRNC,TP-1,Trypsin
788,T1PZB1,204,IRD-84,RL-1,CPRNC,TP-1,Trypsin
789,T1PZ86,204,IRD-84,RL-1,CPRNC,TP-1,Trypsin
790,T1PZ78,204,IRD-84,RL-1,CPRNC,TP-1,Trypsin
791,T1PZF0,204,IRD-84,RL-1,CPRNC,TP-1,Trypsin
792,D2CGT5,146,IRD-84,RL-1,CPRNC,TP-1,Trypsin
793,D2CGT7,146,IRD-84,RL-1,CPRNC,TP-1,Trypsin
794,D2CGT9,88,IRD-84,RL-1,CPRNC,TP-1,Trypsin
795,T1PZB7,204,IRD-84,RL-1,CPRNC,TP-1,Trypsin
796,T1PZ85,262,IRD-84,RL-1,CPRNC,TP-1,Trypsin
797,T1PZK7,204,IRD-84,RL-1,CPRNC,TP-1,Trypsin
798,A0A2G3A0U2,205,IRD-84,RL-1,CPRNC,TP-1,Trypsin
799,A0A097J9C1,188,IRD-84,RL-1,CPRNC,TP-1,Trypsin
800,T1PZB2,204,IRD-84,RL-1,CPRNC,TP-1,Trypsin
801,T1PZJ8,204,IRD-84,RL-1,CPRNC,TP-1,Trypsin
802,D2CGT3,146,IRD-84,RL-1,CPRNC,TP-1,Trypsin
803,T1PZ91,204,IRD-84,RL-1,CPRNC,TP-1,Trypsin
804,T1PZ64,262,IRD-85,RL-1,CPRNC,TP-1,Trypsin
805,T1PZ64,262,IRD-86,RL-1,CPRNC,TP-1,Trypsin
806,A0A2G3AW63,262,IRD-87,RL-1,CPRNC,TP-1,Trypsin
807,A0A2G3AW63,262,IRD-87,RL-1,CPRNC,TP-1,Trypsin
808,A0A2G3AW63,262,IRD-88,RL-1,CPRNC,TP-1,Trypsin
809,T1PZB4,262,IRD-89,RL-1,CPRNC,TP-1,Trypsin
810,Q4U5Z4,204,IRD-90,RL-1,CPRNC,TP-1,Trypsin
811,D2CH22,133,IRD-90,RL-1,CPRNC,TP-1,Trypsin
812,T1PZL0,204,IRD-90,RL-1,CPRNC,TP-1,Trypsin
813,D2CGT5,146,IRD-90,RL-1,CPRNC,TP-1,Trypsin
814,D2CGT7,146,IRD-90,RL-1,CPRNC,TP-1,Trypsin
815,T1PZB7,204,IRD-90,RL-1,CPRNC,TP-1,Trypsin
816,T1PZF6,262,IRD-91,RL-1,CPRNC,TP-1,Trypsin
817,T1PZ89,204,IRD-92,RL-1,CPRNC,TP-1,Trypsin
818,A0A2G2X8V0,205,IRD-93,RL-1,CPRNC,TP-1,Trypsin
819,T1PZF8,204,IRD-93,RL-1,CPRNC,TP-1,Trypsin
820,T1PZF5,204,IRD-93,RL-1,CPRNC,TP-1,Trypsin
821,T1PZJ5,146,IRD-93,RL-1,CPRNC,TP-1,Trypsin
822,T1PZA9,146,IRD-93,RL-1,CPRNC,TP-1,Trypsin
823,T1PZB5,204,IRD-93,RL-1,CPRNC,TP-1,Trypsin
824,T1PZ89,204,IRD-93,RL-1,CPRNC,TP-1,Trypsin
825,T1PZ84,146,IRD-93,RL-1,CPRNC,TP-1,Trypsin
826,T1PZ68,204,IRD-93,RL-1,CPRNC,TP-1,Trypsin
827,T1PZF9,204,IRD-93,RL-1,CPRNC,TP-1,Trypsin
828,T1PZ72,204,IRD-93,RL-1,CPRNC,TP-1,Trypsin
829,T1PZB6,204,IRD-93,RL-1,CPRNC,TP-1,Trypsin
830,T1PZB0,146,IRD-93,RL-1,CPRNC,TP-1,Trypsin
831,T1PZE6,160,IRD-93,RL-1,CPRNC,TP-1,Trypsin
832,T1PZ65,204,IRD-93,RL-1,CPRNC,TP-1,Trypsin
833,T1PZF2,204,IRD-93,RL-1,CPRNC,TP-1,Trypsin
834,T1PZ75,204,IRD-93,RL-1,CPRNC,TP-1,Trypsin
835,T1PZK7,204,IRD-94,RL-1,CPRNC,TP-1,Trypsin
836,T1PZB5,204,IRD-95,RL-1,CPRNC,TP-1,Trypsin
837,T1PZB3,204,IRD-96,RL-1,CPRNC,TP-1,Trypsin
838,T1PZ76,204,IRD-97,RL-1,CPRNC,TP-1,Trypsin
839,T1PZ76,204,IRD-98,RL-1,CPRNC,TP-1,Trypsin
840,T1PZL0,204,IRD-99,RL-1,CPRNC,TP-1,Trypsin
841,T1PZ73,204,IRD-100,RL-1,CPRNC,TP-1,Trypsin
842,T1PZK0,204,IRD-101,RL-1,CPRNC,TP-1,Trypsin
843,T1PZ65,204,IRD-102,RL-1,CPRNC,TP-1,Trypsin
844,T1PZ68,204,IRD-103,RL-1,CPRNC,TP-1,Trypsin
845,T1PZ72,204,IRD-103,RL-1,CPRNC,TP-1,Trypsin
846,T1PZK4,204,IRD-103,RL-1,CPRNC,TP-1,Trypsin
847,T1PZ90,204,IRD-103,RL-1,CPRNC,TP-1,Trypsin
848,T1PZJ7,204,IRD-103,RL-1,CPRNC,TP-1,Trypsin
849,T1PZF2,204,IRD-103,RL-1,CPRNC,TP-1,Trypsin
850,T1PZ75,204,IRD-104,RL-1,CPRNC,TP-1,Trypsin
851,T1PZK2,204,IRD-107,RL-1,CPRNC,TP-1,Trypsin
852,T1PZ86,204,IRD-108,RL-1,CPRNC,TP-1,Trypsin
853,T1PZ78,204,IRD-108,RL-1,CPRNC,TP-1,Trypsin
854,A0A2G3A0U2,205,IRD-109,RL-1,CPRNC,TP-1,Trypsin
855,T1PZ90,204,IRD-110,RL-1,CPRNC,TP-1,Trypsin
856,T1PZF8,204,IRD-111,RL-1,CPRNC,TP-1,Trypsin
857,T1PZF7,204,IRD-112,RL-1,CPRNC,TP-1,Trypsin
858,T1PZF7,204,IRD-113,RL-1,CPRNC,TP-1,Trypsin
859,T1PZB6,204,IRD-114,RL-1,CPRNC,TP-1,Trypsin
860,T1PZF9,204,IRD-115,RL-1,CPRNC,TP-1,Trypsin
861,Q4U5Z3,220,IRD-116,RL-1,CPRNC,TP-1,Trypsin
862,T1PZK4,204,IRD-117,RL-1,CPRNC,TP-1,Trypsin
863,D2CGT6,146,IRD-118,RL-1,CPRNC,TP-1,Trypsin
864,A0A2G2V3L6,199,IRD-119,RL-1,CPRNC,TP-1,Trypsin
865,Q9M514,143,IRD-120,RL-1,CPRNC,TP-1,Trypsin
866,T1PZF9,204,IRD-121,RL-3,CTLNC,TP-2,Chymotrypsin
867,Q4U5Z5,262,IRD-121,RL-3,CTLNC,TP-2,Chymotrypsin
868,T1PZF6,262,IRD-121,RL-3,CTLNC,TP-2,Chymotrypsin
869,T1PZ63,146,IRD-121,RL-3,CTLNC,TP-2,Chymotrypsin
870,A0A2G3A0S4,378,IRD-121,RL-3,CTLNC,TP-2,Chymotrypsin
871,T1PZB4,262,IRD-121,RL-3,CTLNC,TP-2,Chymotrypsin
872,T1PZJ8,204,IRD-121,RL-3,CTLNC,TP-2,Chymotrypsin
873,D2CGT8,146,IRD-121,RL-3,CTLNC,TP-2,Chymotrypsin
874,D2CGT3,146,IRD-121,RL-3,CTLNC,TP-2,Chymotrypsin
875,A0A2G3AT14,262,IRD-122,RL-3,CTLNC,TP-2,Chymotrypsin
876,T1PZF7,204,IRD-122,RL-3,CTLNC,TP-2,Chymotrypsin
877,T1PZ68,204,IRD-122,RL-3,CTLNC,TP-2,Chymotrypsin
878,T1PZ86,204,IRD-122,RL-3,CTLNC,TP-2,Chymotrypsin
879,T1PZ78,204,IRD-122,RL-3,CTLNC,TP-2,Chymotrypsin
880,Q4U5Z5,262,IRD-122,RL-3,CTLNC,TP-2,Chymotrypsin
881,T1PZ72,204,IRD-122,RL-3,CTLNC,TP-2,Chymotrypsin
882,T1PZB6,204,IRD-122,RL-3,CTLNC,TP-2,Chymotrypsin
883,A0A2G3A0S4,378,IRD-122,RL-3,CTLNC,TP-2,Chymotrypsin
884,A0A2G3A0S4,378,IRD-122,RL-3,CTLNC,TP-2,Chymotrypsin
885,T1PZ65,204,IRD-122,RL-3,CTLNC,TP-2,Chymotrypsin
886,T1PZ90,204,IRD-122,RL-3,CTLNC,TP-2,Chymotrypsin
887,T1PZB2,204,IRD-122,RL-3,CTLNC,TP-2,Chymotrypsin
888,T1PZF2,204,IRD-122,RL-3,CTLNC,TP-2,Chymotrypsin
889,T1PZ75,204,IRD-122,RL-3,CTLNC,TP-2,Chymotrypsin
890,A0A2G3A0S4,378,IRD-123,RL-3,CTLNC,TP-2,Chymotrypsin
891,T1PZF6,262,IRD-125,RL-3,CTLNC,TP-2,Chymotrypsin
892,T1PZF8,204,IRD-126,RL-3,CTLNC,TP-2,Chymotrypsin
893,T1PZJ7,204,IRD-127,RL-3,CTLNC,TP-2,Chymotrypsin
894,T1PZ88,146,IRD-128,RL-3,CTLNC,TP-2,Chymotrypsin
895,T1PZB0,146,IRD-129,RL-3,CTLNC,TP-2,Chymotrypsin
896,T1PZJ5,146,IRD-130,RL-3,CTLNC,TP-2,Chymotrypsin
897,A0A2G3AT15,363,IRD-131,RL-3,CTLNC,TP-2,Chymotrypsin
898,Q4U5Z3,220,IRD-133,RL-6,CPRYC,TP-1,Trypsin
899,Q4U5Z3,220,IRD-133,RL-6,CPRYC,TP-1,Trypsin
900,D2CGQ2,146,IRD-133,RL-6,CPRYC,TP-1,Trypsin
901,D2CGT6,146,IRD-133,RL-6,CPRYC,TP-1,Trypsin
902,A0A2G2X8V0,205,IRD-133,RL-6,CPRYC,TP-1,Trypsin
903,T1PZ76,204,IRD-133,RL-6,CPRYC,TP-1,Trypsin
904,T1PZF5,204,IRD-133,RL-6,CPRYC,TP-1,Trypsin
905,T1PZ64,262,IRD-133,RL-6,CPRYC,TP-1,Trypsin
906,T1PZE8,146,IRD-133,RL-6,CPRYC,TP-1,Trypsin
907,T1PZL0,204,IRD-133,RL-6,CPRYC,TP-1,Trypsin
908,T1PZA9,146,IRD-133,RL-6,CPRYC,TP-1,Trypsin
909,T1PZB5,204,IRD-133,RL-6,CPRYC,TP-1,Trypsin
910,T1PZ73,204,IRD-133,RL-6,CPRYC,TP-1,Trypsin
911,T1PZB1,204,IRD-133,RL-6,CPRYC,TP-1,Trypsin
912,T1PZK0,204,IRD-133,RL-6,CPRYC,TP-1,Trypsin
913,T1PZK0,204,IRD-133,RL-6,CPRYC,TP-1,Trypsin
914,T1PZF0,204,IRD-133,RL-6,CPRYC,TP-1,Trypsin
915,T1PZ85,262,IRD-133,RL-6,CPRYC,TP-1,Trypsin
916,T1PZB3,204,IRD-133,RL-6,CPRYC,TP-1,Trypsin
917,T1PZK7,204,IRD-133,RL-6,CPRYC,TP-1,Trypsin
918,T1PZE6,160,IRD-133,RL-6,CPRYC,TP-1,Trypsin
919,T1PZB4,262,IRD-133,RL-6,CPRYC,TP-1,Trypsin
920,A0A097J9C1,188,IRD-133,RL-6,CPRYC,TP-1,Trypsin
921,A0A097J9C1,188,IRD-133,RL-6,CPRYC,TP-1,Trypsin
922,T1PZJ8,204,IRD-133,RL-6,CPRYC,TP-1,Trypsin
923,T1PZ91,204,IRD-133,RL-6,CPRYC,TP-1,Trypsin
924,A0A2G3AW63,262,IRD-134,RL-6,CPRYC,TP-1,Trypsin
925,Q4U5Z4,204,IRD-135,RL-6,CPRYC,TP-1,Trypsin
926,T1PZB7,204,IRD-136,RL-6,CPRYC,TP-1,Trypsin
927,T1PZK2,204,IRD-139,RL-6,CPRYC,TP-1,Trypsin
928,A0A2G2X8V0,205,IRD-140,RL-6,CPRYC,TP-1,Trypsin
929,A0A2G3A0U2,205,IRD-141,RL-6,CPRYC,TP-1,Trypsin
930,A0A2G2V3L7,262,IRD-142,RL-9,CTLEC,TP-2,Chymotrypsin
931,A0A2G3AT14,262,IRD-143,RL-11,CPKNC,TP-1,Trypsin
932,Q4U5Z5,262,IRD-143,RL-11,CPKNC,TP-1,Trypsin
933,T1PZF6,262,IRD-143,RL-11,CPKNC,TP-1,Trypsin
934,D2CGU1,88,IRD-143,RL-11,CPKNC,TP-1,Trypsin
935,T1PZ63,146,IRD-143,RL-11,CPKNC,TP-1,Trypsin
936,A0A2G3A0S4,378,IRD-143,RL-11,CPKNC,TP-1,Trypsin
937,A0A2G2V3L7,262,IRD-144,RL-11,CPKNC,TP-1,Trypsin
938,D2CGT8,146,IRD-145,RL-11,CPKNC,TP-1,Trypsin
939,D2CGU0,88,IRD-146,RL-11,CPKNC,TP-1,Trypsin
940,T1PZ84,146,IRD-147,RL-28,CTPNC,TP-4,Unknown
941,T1PZJ7,204,IRD-149,RL-43,CPRDC,TP-1,Trypsin
942,A0A1U7XTK4,229,IRD-150,RL-1,CPRNC,TP-1,Trypsin
943,Q3SBE6,281,IRD-152,RL-1,CPRNC,TP-1,Trypsin
944,Q2XVY5,397,IRD-152,RL-1,CPRNC,TP-1,Trypsin
945,Q7M1P5,53,IRD-152,RL-1,CPRNC,TP-1,Trypsin
946,Q9SQ77,281,IRD-153,RL-1,CPRNC,TP-1,Trypsin
947,Q3SBE6,281,IRD-153,RL-1,CPRNC,TP-1,Trypsin
948,Q2XVY5,397,IRD-153,RL-1,CPRNC,TP-1,Trypsin
949,Q9SDW8,506,IRD-160,RL-1,CPRNC,TP-1,Trypsin
950,Q9SDW7,390,IRD-160,RL-1,CPRNC,TP-1,Trypsin
951,Q9SDW8,506,IRD-161,RL-1,CPRNC,TP-1,Trypsin
952,Q9SDW8,506,IRD-161,RL-1,CPRNC,TP-1,Trypsin
953,Q9SDW8,506,IRD-162,RL-1,CPRNC,TP-1,Trypsin
954,Q9SDW7,390,IRD-162,RL-1,CPRNC,TP-1,Trypsin
955,Q9SDW8,506,IRD-163,RL-1,CPRNC,TP-1,Trypsin
956,Q9SDW7,390,IRD-163,RL-1,CPRNC,TP-1,Trypsin
957,Q9SDW8,506,IRD-164,RL-1,CPRNC,TP-1,Trypsin
958,Q9SDW7,390,IRD-164,RL-1,CPRNC,TP-1,Trypsin
959,Q5YLI5,395,IRD-165,RL-1,CPRNC,TP-1,Trypsin
960,Q5YLI5,395,IRD-165,RL-1,CPRNC,TP-1,Trypsin
961,Q5YLI5,395,IRD-166,RL-1,CPRNC,TP-1,Trypsin
962,Q5YLI5,395,IRD-168,RL-1,CPRNC,TP-1,Trypsin
963,Q5YLI5,395,IRD-169,RL-1,CPRNC,TP-1,Trypsin
964,Q6H238,410,IRD-176,RL-1,CPRNC,TP-1,Trypsin
965,A0A1U7XTK4,229,IRD-199,RL-1,CPRNC,TP-1,Trypsin
966,Q2XVY5,397,IRD-202,RL-1,CPRNC,TP-1,Trypsin
967,Q6H238,410,IRD-219,RL-1,CPRNC,TP-1,Trypsin
968,Q6H238,410,IRD-220,RL-1,CPRNC,TP-1,Trypsin
969,Q9SQ77,281,IRD-229,RL-1,CPRNC,TP-1,Trypsin
970,A0A2G3AT14,262,IRD-231,RL-1,CPRNC,TP-1,Trypsin
971,A0A097J9C9,199,IRD-232,RL-1,CPRNC,TP-1,Trypsin
972,A0A2G2XU31,199,IRD-232,RL-1,CPRNC,TP-1,Trypsin
973,A0A097J9D5,181,IRD-232,RL-1,CPRNC,TP-1,Trypsin
974,A0A2G3AT01,331,IRD-234,RL-1,CPRNC,TP-1,Trypsin
975,A0A023UDB8,154,IRD-237,RL-1,CPRNC,TP-1,Trypsin
976,J7EN93,154,IRD-238,RL-1,CPRNC,TP-1,Trypsin
977,A0A023UDB8,154,IRD-240,RL-1,CPRNC,TP-1,Trypsin
978,Q9SDW8,506,IRD-241,RL-2,CPLNC,TP-2,Chymotrypsin
979,Q9SDW7,390,IRD-241,RL-2,CPLNC,TP-2,Chymotrypsin
980,A0A1X9QDP2,100,IRD-248,RL-2,CPLNC,TP-2,Chymotrypsin
981,A0A0V0HBN9,147,IRD-249,RL-2,CPLNC,TP-2,Chymotrypsin
982,Q9SQ77,281,IRD-253,RL-3,CTLNC,TP-2,Chymotrypsin
983,Q2XVY5,397,IRD-254,RL-3,CTLNC,TP-2,Chymotrypsin
984,Q3SBE6,281,IRD-255,RL-3,CTLNC,TP-2,Chymotrypsin
985,Q2XVY5,397,IRD-255,RL-3,CTLNC,TP-2,Chymotrypsin
986,A0A2G3AT14,262,IRD-256,RL-3,CTLNC,TP-2,Chymotrypsin
987,A0A2G2V3L7,262,IRD-273,RL-31,CTLDC,TP-2,Chymotrypsin
988,A0A0V0H1C2,143,IRD-278,RL-50,CSYEC,TP-2,Chymotrypsin
989,A0A1X9QDP7,154,IRD-279,RL-14,CPPNC,TP-4,Unknown
990,A0A2G2X8Q0,228,IRD-281,RL-18,CTQEC,TP-4,Unknown
991,A0A2G3A0T9,228,IRD-282,RL-18,CTQEC,TP-4,Unknown
992,A0A328EAU2,59,IRD-284,RL-18,CTQEC,TP-4,Unknown
993,A0A2G3AW67,200,IRD-287,RL-21,CPAIC,TP-3,Elastase
994,A0A2G2X8T6,206,IRD-288,RL-21,CPAIC,TP-3,Elastase
995,A0A2G3AW40,200,IRD-294,RL-25,CTQHC,TP-4,Unknown
996,A0A2G3A0X2,200,IRD-296,RL-25,CTQHC,TP-4,Unknown
997,A0A022Q5A4,66,IRD-300,RL-27,CPLYC,TP-2,Chymotrypsin
998,B9IQG0,78,IRD-301,RL-27,CPLYC,TP-2,Chymotrypsin
999,A0A2I4FPH4,87,IRD-305,RL-27,CPLYC,TP-2,Chymotrypsin
1000,A0A2I0AC47,82,IRD-309,RL-27,CPLYC,TP-2,Chymotrypsin
1001,T1PZ84,146,IRD-316,RL-28,CTPNC,TP-4,Unknown
1002,A0A2G3AW67,200,IRD-317,RL-29,CPANC,TP-3,Elastase
1003,A0A2G2X8T6,206,IRD-318,RL-29,CPANC,TP-3,Elastase
1004,A0A2G3AT15,363,IRD-319,RL-29,CPANC,TP-3,Elastase
1005,M5XRU0,80,IRD-325,RL-33,CPQYC,TP-4,Unknown
1006,A0A2P4JMZ9,80,IRD-326,RL-33,CPQYC,TP-4,Unknown
1007,A0A2P4LIH7,80,IRD-326,RL-33,CPQYC,TP-4,Unknown
1008,A0A218XK76,79,IRD-327,RL-33,CPQYC,TP-4,Unknown
1009,A0A2P4JN08,66,IRD-328,RL-33,CPQYC,TP-4,Unknown
1010,W5ADU4,78,IRD-329,RL-33,CPQYC,TP-4,Unknown
1011,A0A2I0XG42,168,IRD-330,RL-33,CPQYC,TP-4,Unknown
1012,A0A2S3HWR8,78,IRD-332,RL-33,CPQYC,TP-4,Unknown
1013,A0A287GT10,95,IRD-333,RL-33,CPQYC,TP-4,Unknown
1014,A0A1E5VFG3,79,IRD-334,RL-33,CPQYC,TP-4,Unknown
1015,A0A068UQV4,95,IRD-335,RL-33,CPQYC,TP-4,Unknown
1016,A0A199UJF1,78,IRD-337,RL-33,CPQYC,TP-4,Unknown
1017,A0A2T7DPN3,81,IRD-338,RL-33,CPQYC,TP-4,Unknown
1018,A0A2T7DPK9,78,IRD-338,RL-33,CPQYC,TP-4,Unknown
1019,S8C5T1,93,IRD-339,RL-35,CPLFC,TP-2,Chymotrypsin
1020,M0ZPU4,53,IRD-341,RL-36,CLQVC,TP-4,Unknown
1021,A0A2G2WK73,84,IRD-343,RL-36,CLQVC,TP-4,Unknown
1022,A0A2G3C7I2,84,IRD-344,RL-36,CLQVC,TP-4,Unknown
1023,A0A2G2ZAL9,109,IRD-344,RL-36,CLQVC,TP-4,Unknown
1024,A0A2G3CKE7,83,IRD-347,RL-37,CLQFC,TP-4,Unknown
1025,A0A2G2WX27,83,IRD-347,RL-37,CLQFC,TP-4,Unknown
1026,A0A2G2WK87,84,IRD-348,RL-38,CIQVC,TP-4,Unknown
1027,A0A1U8HFS2,84,IRD-348,RL-38,CIQVC,TP-4,Unknown
1028,A0A2G3C7G8,84,IRD-349,RL-38,CIQVC,TP-4,Unknown
1029,A0A2P6PET9,83,IRD-350,RL-39,CPLIC,TP-2,Chymotrypsin
1030,A0A2P6PEU3,87,IRD-353,RL-39,CPLIC,TP-2,Chymotrypsin
1031,A0A2G3C8B9,81,IRD-354,RL-40,CPQIC,TP-4,Unknown
1032,A0A2G2WK98,81,IRD-354,RL-40,CPQIC,TP-4,Unknown
1033,A0A2G2ZB86,57,IRD-354,RL-40,CPQIC,TP-4,Unknown
1034,A0A2P6PEV5,79,IRD-355,RL-40,CPQIC,TP-4,Unknown
1035,A0A059BUH3,80,IRD-356,RL-41,CPLVC,TP-2,Chymotrypsin
1036,A0A314Y0L5,81,IRD-358,RL-42,CNKIC,TP-1,Trypsin
1037,A0A2G2WK91,110,IRD-361,RL-43,CPRDC,TP-1,Trypsin
1038,K4AKH4,92,IRD-362,RL-44,CAMYC,TP-4,Unknown
1039,A0A368SF18,90,IRD-363,RL-44,CAMYC,TP-4,Unknown
1040,A0A2T7C1D7,65,IRD-364,RL-44,CAMYC,TP-4,Unknown
1041,A0A2T7C1D4,82,IRD-364,RL-44,CAMYC,TP-4,Unknown
1042,A0A1U7VLC3,73,IRD-365,RL-51,CLQKC,TP-4,Unknown
1043,A0A068UQY4,80,IRD-366,RL-52,CPRFC,TP-1,Trypsin
1044,A0A068VJU5,79,IRD-367,RL-53,CPFFC,TP-2,Chymotrypsin
1045,A0A2P6PET4,79,IRD-369,RL-55,CIQIC,TP-4,Unknown
1046,S8C608,73,IRD-370,RL-56,CYLIC,TP-2,Chymotrypsin
1047,A0A166GCC0,936,IRD-371,RL-57,CYLYC,TP-2,Chymotrypsin
1048,A0A2P4JMZ0,78,IRD-374,RL-63,CPDIC,TP-4,Unknown
1049,A0A2G2WDG3,81,IRD-377,RL-12,CPQFC,TP-4,Unknown
1050,A0A1U8H7N7,81,IRD-377,RL-12,CPQFC,TP-4,Unknown
1051,K7X8A9,77,IRD-380,RL-12,CPQFC,TP-4,Unknown
1052,A0A0E0D682,82,IRD-384,RL-12,CPQFC,TP-4,Unknown
1053,A0A0D9VYN1,79,IRD-385,RL-12,CPQFC,TP-4,Unknown
1054,J3LSK1,114,IRD-386,RL-12,CPQFC,TP-4,Unknown
1055,A0A0D9VYN2,82,IRD-388,RL-12,CPQFC,TP-4,Unknown
1056,A0A2P6PEW5,77,IRD-389,RL-12,CPQFC,TP-4,Unknown
1057,A0A1E5UMZ8,77,IRD-392,RL-12,CPQFC,TP-4,Unknown
1058,A0A0K9S2T0,92,IRD-393,RL-12,CPQFC,TP-4,Unknown
1059,A0A1E5UNA0,123,IRD-395,RL-27,CPLYC,TP-2,Chymotrypsin
1060,A0A371H7D0,77,IRD-399,RL-40,CPQIC,TP-4,Unknown
1061,T1PZB7,204,IRD-404,RL-6,CPRYC,TP-1,Trypsin
1062,I3QHE9,148,IRD-405,RL-7,CTFNC,TP-2,Chymotrypsin
1063,I3QHF0,148,IRD-405,RL-7,CTFNC,TP-2,Chymotrypsin
1064,I6Q7H6,148,IRD-406,RL-7,CTFNC,TP-2,Chymotrypsin
1065,A0A2G2V3L6,199,IRD-410,RL-9,CTLEC,TP-2,Chymotrypsin
1066,A0A2G3AT01,331,IRD-412,RL-9,CTLEC,TP-2,Chymotrypsin
1067,A0A097J9C9,199,IRD-412,RL-9,CTLEC,TP-2,Chymotrypsin
1068,A0A2G2XU31,199,IRD-412,RL-9,CTLEC,TP-2,Chymotrypsin
1069,A0A097J9D5,181,IRD-412,RL-9,CTLEC,TP-2,Chymotrypsin
1070,A0A2G3AW40,200,IRD-414,RL-9,CTLEC,TP-2,Chymotrypsin
1071,A0A2G3A0X2,200,IRD-416,RL-9,CTLEC,TP-2,Chymotrypsin
1072,A0A2G3AW67,200,IRD-421,RL-10,CTKEC,TP-1,Trypsin
1073,A0A2G2X8T6,206,IRD-422,RL-10,CTKEC,TP-1,Trypsin
1074,M1DJV3,186,IRD-425,RL-11,CPKNC,TP-1,Trypsin
1075,A0A0V0GWC2,130,IRD-426,RL-11,CPKNC,TP-1,Trypsin
1076,M1DJV3,186,IRD-433,RL-20,CTQQC,TP-4,Unknown
1077,A0A0V0GWC2,130,IRD-434,RL-20,CTQQC,TP-4,Unknown
1078,A0A0V0H1C2,143,IRD-437,RL-50,CSYEC,TP-2,Chymotrypsin
1079,A0A2G3C875,79,IRD-438,RL-1,CPRNC,TP-1,Trypsin
1080,A0A328DK31,58,IRD-439,RL-1,CPRNC,TP-1,Trypsin
1081,Q9SDW8,506,IRD-440,RL-2,CPLNC,TP-2,Chymotrypsin
1082,Q9SDW7,390,IRD-440,RL-2,CPLNC,TP-2,Chymotrypsin
1083,A0A2G3AT14,262,IRD-444,RL-3,CTLNC,TP-2,Chymotrypsin
1084,Q4U5Z5,262,IRD-444,RL-3,CTLNC,TP-2,Chymotrypsin
1085,T1PZF6,262,IRD-444,RL-3,CTLNC,TP-2,Chymotrypsin
1086,T1PZ63,146,IRD-444,RL-3,CTLNC,TP-2,Chymotrypsin
1087,A0A2G3A0S4,378,IRD-444,RL-3,CTLNC,TP-2,Chymotrypsin
1088,T1PZB0,146,IRD-447,RL-3,CTLNC,TP-2,Chymotrypsin
1089,D2CGT8,146,IRD-448,RL-3,CTLNC,TP-2,Chymotrypsin
1090,A0A2G2V3L6,199,IRD-451,RL-4,CTREC,TP-1,Trypsin
1091,A0A097J9C9,199,IRD-451,RL-4,CTREC,TP-1,Trypsin
1092,A0A2G2XU31,199,IRD-451,RL-4,CTREC,TP-1,Trypsin
1093,A0A097J9D5,181,IRD-451,RL-4,CTREC,TP-1,Trypsin
1094,I3QHF0,148,IRD-456,RL-4,CTREC,TP-1,Trypsin
1095,I6Q7H6,148,IRD-459,RL-4,CTREC,TP-1,Trypsin
1096,A0A2G3AW63,262,IRD-461,RL-6,CPRYC,TP-1,Trypsin
1097,A0A2G2V3L7,262,IRD-463,RL-9,CTLEC,TP-2,Chymotrypsin
1098,J7EQ14,154,IRD-465,RL-9,CTLEC,TP-2,Chymotrypsin
1099,O82735,126,IRD-465,RL-9,CTLEC,TP-2,Chymotrypsin
1100,Q3S485,129,IRD-466,RL-9,CTLEC,TP-2,Chymotrypsin
1101,A0A023UDB8,154,IRD-467,RL-9,CTLEC,TP-2,Chymotrypsin
1102,J7EN93,154,IRD-467,RL-9,CTLEC,TP-2,Chymotrypsin
1103,A0A1X9QDN7,142,IRD-467,RL-9,CTLEC,TP-2,Chymotrypsin
1104,A0A0V0GZD4,129,IRD-467,RL-9,CTLEC,TP-2,Chymotrypsin
1105,J7ENS8,137,IRD-467,RL-9,CTLEC,TP-2,Chymotrypsin
1106,A0A1X9QDP7,154,IRD-468,RL-9,CTLEC,TP-2,Chymotrypsin
1107,A0A2G2X8Q0,228,IRD-473,RL-10,CTKEC,TP-1,Trypsin
1108,A0A2G3A0T9,228,IRD-474,RL-10,CTKEC,TP-1,Trypsin
1109,A0A0V0H1C2,143,IRD-475,RL-17,CPRIC,TP-1,Trypsin
1110,M1DJV3,186,IRD-476,RL-19,CTMEC,TP-4,Unknown
1111,A0A2G2V3L7,262,IRD-477,RL-31,CTLDC,TP-2,Chymotrypsin
1112,T1PZB1,204,IRD-479,RL-1,CPRNC,TP-1,Trypsin
1113,A0A1U7XTK4,229,IRD-480,RL-1,CPRNC,TP-1,Trypsin
1114,A0A023UDB8,154,IRD-489,RL-1,CPRNC,TP-1,Trypsin
1115,J7EN93,154,IRD-490,RL-1,CPRNC,TP-1,Trypsin
1116,J7EQ14,154,IRD-494,RL-2,CPLNC,TP-2,Chymotrypsin
1117,O82735,126,IRD-494,RL-2,CPLNC,TP-2,Chymotrypsin
1118,Q3S485,129,IRD-495,RL-2,CPLNC,TP-2,Chymotrypsin
1119,A0A1X9QDN7,142,IRD-496,RL-2,CPLNC,TP-2,Chymotrypsin
1120,A0A0V0GZD4,129,IRD-496,RL-2,CPLNC,TP-2,Chymotrypsin
1121,A0A0V0HBN9,147,IRD-498,RL-2,CPLNC,TP-2,Chymotrypsin
1122,A0A1X9QDP2,100,IRD-500,RL-2,CPLNC,TP-2,Chymotrypsin
1123,A0A2G3A0T9,228,IRD-502,RL-22,CSRNC,TP-1,Trypsin
1124,A0A2G2X8Q0,228,IRD-506,RL-47,CLGNC,TP-3,Elastase
1125,Q6H238,410,IRD-508,RL-1,CPRNC,TP-1,Trypsin
1126,Q6H238,410,IRD-508,RL-1,CPRNC,TP-1,Trypsin
1127,A0A2G3AT14,262,IRD-513,RL-1,CPRNC,TP-1,Trypsin
1128,E9JGT1,174,IRD-515,RL-1,CPRNC,TP-1,Trypsin
1129,E9JGT1,174,IRD-516,RL-1,CPRNC,TP-1,Trypsin
1130,A0A2G2V3L6,199,IRD-517,RL-1,CPRNC,TP-1,Trypsin
1131,A0A2G3AT01,331,IRD-518,RL-1,CPRNC,TP-1,Trypsin
1132,A0A2G2XU31,199,IRD-518,RL-1,CPRNC,TP-1,Trypsin
1133,A0A097J9C9,199,IRD-519,RL-1,CPRNC,TP-1,Trypsin
1134,A0A097J9D5,181,IRD-519,RL-1,CPRNC,TP-1,Trypsin
1135,A0A2G3A0U2,205,IRD-528,RL-6,CPRYC,TP-1,Trypsin
1136,A0A2G3A0S4,378,IRD-534,RL-1,CPRNC,TP-1,Trypsin
1137,D2CGT4,146,IRD-536,RL-1,CPRNC,TP-1,Trypsin
1138,Q4U5Z4,204,IRD-536,RL-1,CPRNC,TP-1,Trypsin
1139,D2CH22,133,IRD-536,RL-1,CPRNC,TP-1,Trypsin
1140,T1PZ76,204,IRD-536,RL-1,CPRNC,TP-1,Trypsin
1141,T1PZ64,262,IRD-536,RL-1,CPRNC,TP-1,Trypsin
1142,T1PZ89,204,IRD-536,RL-1,CPRNC,TP-1,Trypsin
1143,T1PZ73,204,IRD-536,RL-1,CPRNC,TP-1,Trypsin
1144,T1PZ86,204,IRD-536,RL-1,CPRNC,TP-1,Trypsin
1145,T1PZ78,204,IRD-536,RL-1,CPRNC,TP-1,Trypsin
1146,T1PZF0,204,IRD-536,RL-1,CPRNC,TP-1,Trypsin
1147,D2CGT5,146,IRD-536,RL-1,CPRNC,TP-1,Trypsin
1148,D2CGT7,146,IRD-536,RL-1,CPRNC,TP-1,Trypsin
1149,T1PZB7,204,IRD-536,RL-1,CPRNC,TP-1,Trypsin
1150,T1PZ85,262,IRD-536,RL-1,CPRNC,TP-1,Trypsin
1151,T1PZB3,204,IRD-536,RL-1,CPRNC,TP-1,Trypsin
1152,T1PZK7,204,IRD-536,RL-1,CPRNC,TP-1,Trypsin
1153,A0A2G3A0U2,205,IRD-536,RL-1,CPRNC,TP-1,Trypsin
1154,T1PZB4,262,IRD-536,RL-1,CPRNC,TP-1,Trypsin
1155,T1PZB2,204,IRD-536,RL-1,CPRNC,TP-1,Trypsin
1156,T1PZ91,204,IRD-536,RL-1,CPRNC,TP-1,Trypsin
1157,T1PZ64,262,IRD-537,RL-1,CPRNC,TP-1,Trypsin
1158,A0A2G2V3L7,262,IRD-538,RL-1,CPRNC,TP-1,Trypsin
1159,T1PZF5,204,IRD-539,RL-1,CPRNC,TP-1,Trypsin
1160,Q4U5Z5,262,IRD-540,RL-1,CPRNC,TP-1,Trypsin
1161,T1PZF8,204,IRD-541,RL-1,CPRNC,TP-1,Trypsin
1162,T1PZF7,204,IRD-541,RL-1,CPRNC,TP-1,Trypsin
1163,T1PZB5,204,IRD-541,RL-1,CPRNC,TP-1,Trypsin
1164,T1PZ89,204,IRD-541,RL-1,CPRNC,TP-1,Trypsin
1165,T1PZ68,204,IRD-541,RL-1,CPRNC,TP-1,Trypsin
1166,T1PZ72,204,IRD-541,RL-1,CPRNC,TP-1,Trypsin
1167,T1PZB6,204,IRD-541,RL-1,CPRNC,TP-1,Trypsin
1168,T1PZ85,262,IRD-541,RL-1,CPRNC,TP-1,Trypsin
1169,T1PZ90,204,IRD-541,RL-1,CPRNC,TP-1,Trypsin
1170,T1PZJ7,204,IRD-541,RL-1,CPRNC,TP-1,Trypsin
1171,T1PZF2,204,IRD-541,RL-1,CPRNC,TP-1,Trypsin
1172,T1PZ75,204,IRD-541,RL-1,CPRNC,TP-1,Trypsin
1173,A0A2G3AW63,262,IRD-542,RL-1,CPRNC,TP-1,Trypsin
1174,A0A2G3AW63,262,IRD-543,RL-1,CPRNC,TP-1,Trypsin
1175,T1PZF6,262,IRD-544,RL-1,CPRNC,TP-1,Trypsin
1176,T1PZL0,204,IRD-545,RL-1,CPRNC,TP-1,Trypsin
1177,T1PZF9,204,IRD-546,RL-1,CPRNC,TP-1,Trypsin
1178,T1PZ65,204,IRD-547,RL-1,CPRNC,TP-1,Trypsin
1179,T1PZK2,204,IRD-548,RL-1,CPRNC,TP-1,Trypsin
1180,T1PZK4,204,IRD-549,RL-1,CPRNC,TP-1,Trypsin
1181,A0A2G3AT14,262,IRD-551,RL-3,CTLNC,TP-2,Chymotrypsin
1182,T1PZJ5,146,IRD-551,RL-3,CTLNC,TP-2,Chymotrypsin
1183,T1PZF9,204,IRD-551,RL-3,CTLNC,TP-2,Chymotrypsin
1184,Q4U5Z5,262,IRD-551,RL-3,CTLNC,TP-2,Chymotrypsin
1185,T1PZF6,262,IRD-551,RL-3,CTLNC,TP-2,Chymotrypsin
1186,A0A2G3A0S4,378,IRD-551,RL-3,CTLNC,TP-2,Chymotrypsin
1187,A0A2G3A0S4,378,IRD-551,RL-3,CTLNC,TP-2,Chymotrypsin
1188,A0A2G3A0S4,378,IRD-551,RL-3,CTLNC,TP-2,Chymotrypsin
1189,T1PZB4,262,IRD-551,RL-3,CTLNC,TP-2,Chymotrypsin
1190,T1PZB2,204,IRD-551,RL-3,CTLNC,TP-2,Chymotrypsin
1191,T1PZJ8,204,IRD-551,RL-3,CTLNC,TP-2,Chymotrypsin
1192,T1PZ68,204,IRD-552,RL-3,CTLNC,TP-2,Chymotrypsin
1193,T1PZ86,204,IRD-552,RL-3,CTLNC,TP-2,Chymotrypsin
1194,T1PZ78,204,IRD-552,RL-3,CTLNC,TP-2,Chymotrypsin
1195,T1PZ72,204,IRD-552,RL-3,CTLNC,TP-2,Chymotrypsin
1196,T1PZK4,204,IRD-552,RL-3,CTLNC,TP-2,Chymotrypsin
1197,T1PZ65,204,IRD-552,RL-3,CTLNC,TP-2,Chymotrypsin
1198,T1PZ90,204,IRD-552,RL-3,CTLNC,TP-2,Chymotrypsin
1199,T1PZF2,204,IRD-552,RL-3,CTLNC,TP-2,Chymotrypsin
1200,T1PZ75,204,IRD-552,RL-3,CTLNC,TP-2,Chymotrypsin
1201,T1PZF8,204,IRD-553,RL-3,CTLNC,TP-2,Chymotrypsin
1202,T1PZB6,204,IRD-554,RL-3,CTLNC,TP-2,Chymotrypsin
1203,T1PZJ7,204,IRD-555,RL-3,CTLNC,TP-2,Chymotrypsin
1204,T1PZF7,204,IRD-556,RL-3,CTLNC,TP-2,Chymotrypsin
1205,T1PZ88,146,IRD-557,RL-3,CTLNC,TP-2,Chymotrypsin
1206,D2CGT3,146,IRD-558,RL-3,CTLNC,TP-2,Chymotrypsin
1207,Q4U5Z3,220,IRD-559,RL-6,CPRYC,TP-1,Trypsin
1208,A0A2G2X8V0,205,IRD-559,RL-6,CPRYC,TP-1,Trypsin
1209,A0A2G2X8V0,205,IRD-559,RL-6,CPRYC,TP-1,Trypsin
1210,T1PZ76,204,IRD-559,RL-6,CPRYC,TP-1,Trypsin
1211,T1PZF5,204,IRD-559,RL-6,CPRYC,TP-1,Trypsin
1212,T1PZ64,262,IRD-559,RL-6,CPRYC,TP-1,Trypsin
1213,T1PZA9,146,IRD-559,RL-6,CPRYC,TP-1,Trypsin
1214,T1PZB5,204,IRD-559,RL-6,CPRYC,TP-1,Trypsin
1215,T1PZ73,204,IRD-559,RL-6,CPRYC,TP-1,Trypsin
1216,T1PZB1,204,IRD-559,RL-6,CPRYC,TP-1,Trypsin
1217,T1PZK0,204,IRD-559,RL-6,CPRYC,TP-1,Trypsin
1218,T1PZF0,204,IRD-559,RL-6,CPRYC,TP-1,Trypsin
1219,T1PZ85,262,IRD-559,RL-6,CPRYC,TP-1,Trypsin
1220,T1PZB3,204,IRD-559,RL-6,CPRYC,TP-1,Trypsin
1221,T1PZE6,160,IRD-559,RL-6,CPRYC,TP-1,Trypsin
1222,T1PZE6,160,IRD-559,RL-6,CPRYC,TP-1,Trypsin
1223,T1PZB4,262,IRD-559,RL-6,CPRYC,TP-1,Trypsin
1224,A0A097J9C1,188,IRD-559,RL-6,CPRYC,TP-1,Trypsin
1225,T1PZ91,204,IRD-559,RL-6,CPRYC,TP-1,Trypsin
1226,D2CGQ2,146,IRD-560,RL-6,CPRYC,TP-1,Trypsin
1227,D2CGT6,146,IRD-560,RL-6,CPRYC,TP-1,Trypsin
1228,Q4U5Z4,204,IRD-560,RL-6,CPRYC,TP-1,Trypsin
1229,T1PZE8,146,IRD-560,RL-6,CPRYC,TP-1,Trypsin
1230,T1PZL0,204,IRD-560,RL-6,CPRYC,TP-1,Trypsin
1231,T1PZK0,204,IRD-560,RL-6,CPRYC,TP-1,Trypsin
1232,A0A097J9C1,188,IRD-560,RL-6,CPRYC,TP-1,Trypsin
1233,T1PZJ8,204,IRD-560,RL-6,CPRYC,TP-1,Trypsin
1234,T1PZK7,204,IRD-561,RL-6,CPRYC,TP-1,Trypsin
1235,T1PZK2,204,IRD-562,RL-6,CPRYC,TP-1,Trypsin
1236,Q4U5Z3,220,IRD-564,RL-6,CPRYC,TP-1,Trypsin
1237,Q6H238,410,IRD-576,RL-1,CPRNC,TP-1,Trypsin
1238,Q9SDW8,506,IRD-579,RL-1,CPRNC,TP-1,Trypsin
1239,Q9SDW7,390,IRD-579,RL-1,CPRNC,TP-1,Trypsin
1240,Q9SDW8,506,IRD-580,RL-1,CPRNC,TP-1,Trypsin
1241,Q9SDW7,390,IRD-580,RL-1,CPRNC,TP-1,Trypsin
1242,Q9SDW8,506,IRD-581,RL-1,CPRNC,TP-1,Trypsin
1243,Q9SDW7,390,IRD-581,RL-1,CPRNC,TP-1,Trypsin
1244,Q6H238,410,IRD-587,RL-1,CPRNC,TP-1,Trypsin
1245,Q6H238,410,IRD-588,RL-1,CPRNC,TP-1,Trypsin
1246,A0A1U7XTK4,229,IRD-604,RL-1,CPRNC,TP-1,Trypsin
1247,Q9SQ77,281,IRD-606,RL-1,CPRNC,TP-1,Trypsin
1248,Q3SBE6,281,IRD-606,RL-1,CPRNC,TP-1,Trypsin
1249,Q2XVY5,397,IRD-606,RL-1,CPRNC,TP-1,Trypsin
1250,Q9SDW8,506,IRD-610,RL-1,CPRNC,TP-1,Trypsin
1251,Q9SDW8,506,IRD-610,RL-1,CPRNC,TP-1,Trypsin
1252,Q9SDW8,506,IRD-611,RL-1,CPRNC,TP-1,Trypsin
1253,Q9SDW7,390,IRD-611,RL-1,CPRNC,TP-1,Trypsin
1254,Q9SDW8,506,IRD-612,RL-1,CPRNC,TP-1,Trypsin
1255,Q9SDW7,390,IRD-612,RL-1,CPRNC,TP-1,Trypsin
1256,Q5YLI5,395,IRD-615,RL-1,CPRNC,TP-1,Trypsin
1257,Q5YLI5,395,IRD-615,RL-1,CPRNC,TP-1,Trypsin
1258,Q5YLI5,395,IRD-616,RL-1,CPRNC,TP-1,Trypsin
1259,Q5YLI5,395,IRD-616,RL-1,CPRNC,TP-1,Trypsin
1260,Q5YLI5,395,IRD-618,RL-1,CPRNC,TP-1,Trypsin
1261,Q5YLI5,395,IRD-619,RL-1,CPRNC,TP-1,Trypsin
1262,Q2XVY5,397,IRD-620,RL-1,CPRNC,TP-1,Trypsin
1263,Q2XVY5,397,IRD-621,RL-1,CPRNC,TP-1,Trypsin
1264,Q9SQ77,281,IRD-653,RL-1,CPRNC,TP-1,Trypsin
1265,Q3SBE6,281,IRD-653,RL-1,CPRNC,TP-1,Trypsin
1266,Q3SBE6,281,IRD-655,RL-2,CPLNC,TP-2,Chymotrypsin
1267,Q2XVY5,397,IRD-656,RL-2,CPLNC,TP-2,Chymotrypsin
1268,Q3SBE6,281,IRD-658,RL-3,CTLNC,TP-2,Chymotrypsin
1269,Q2XVY5,397,IRD-658,RL-3,CTLNC,TP-2,Chymotrypsin
1270,Q2XVY5,397,IRD-658,RL-3,CTLNC,TP-2,Chymotrypsin
1271,Q9SQ77,281,IRD-661,RL-3,CTLNC,TP-2,Chymotrypsin
1272,Q9SQ77,281,IRD-661,RL-3,CTLNC,TP-2,Chymotrypsin
1273,A0A2P5BLP1,78,IRD-676,RL-12,CPQFC,TP-4,Unknown
1274,A0A2Z7C1T8,60,IRD-677,RL-27,CPLYC,TP-2,Chymotrypsin
1275,A0A2G9G784,77,IRD-678,RL-27,CPLYC,TP-2,Chymotrypsin
1276,A0A2G9G672,77,IRD-679,RL-27,CPLYC,TP-2,Chymotrypsin
1277,A0A068UQ46,77,IRD-680,RL-33,CPQYC,TP-4,Unknown
1278,W9RZD9,117,IRD-681,RL-33,CPQYC,TP-4,Unknown
1279,A0A068UQG0,79,IRD-685,RL-41,CPLVC,TP-2,Chymotrypsin
1280,A0A059Q2U6,66,IRD-687,RL-61,CIEIC,TP-4,Unknown
1281,C0SKK6,152,IRD-689,RL-13,CSKEC,TP-1,Trypsin
1282,K7W5K0,152,IRD-689,RL-13,CSKEC,TP-1,Trypsin
1283,M1AJ83,139,IRD-689,RL-13,CSKEC,TP-1,Trypsin
1284,A0A0V0GNA2,131,IRD-691,RL-13,CSKEC,TP-1,Trypsin
1285,A0A2G3AW40,200,IRD-692,RL-19,CTMEC,TP-4,Unknown
1286,A0A2G3A0X2,200,IRD-692,RL-19,CTMEC,TP-4,Unknown
1287,Q9M514,143,IRD-693,RL-1,CPRNC,TP-1,Trypsin
1288,A0A328DMQ9,86,IRD-698,RL-9,CTLEC,TP-2,Chymotrypsin
