,Entry,OrganismID,Organism,Length,Mass,GeneOntology_ID,Sequence
0,A0A022Q5A4,4155,Erythranthe guttata (Yellow monkey flower) (Mimulus guttatus),66,7094,GO:0004867,ILLVLESNAQYASAKVCPLYCIINQGIYMTCPSSGSQKLEPVCNCCLAKTGCKLYRDNGTLICTAT
1,A0A023UDB8,4113,Solanum tuberosum (Potato),154,16657,GO:0004867,MAVHKEVNFVAYLLIVLGLLVLVSAMEHVDAKACTLECGNLGFGICPRSEGSPENRICTNCCAGYKGCNYYSANGAFICEGESDPKNPNVCPRNCDTNIAYSKCLRSEGKSLIYPTGCTTCCTGYKGCYYFGKNGKFVCEGESDEPKANMYPAM
2,A0A059BUH3,71139,Eucalyptus grandis (Flooded gum),80,8212,GO:0004867,MARSNACCLALLLLCGAILLGMNPGTMVMSAVACPLVCLDVDYMTCPSTGDEHLSPQCNCCLAPKGCTLHLTDGTSVSCS
3,A0A059PYZ4,131158,Saccharum hybrid cultivar R570,83,9123,GO:0004867; GO:0016021,MASSTFFFPNIAGLMVIGCSIQTTEAWAWRARARFCPMYCLDFEYMTCNSTGTKQLPGVCNCCLAAQKGCTIHLRNGGVQKCP
4,A0A059Q2U6,131158,Saccharum hybrid cultivar R570,66,7077,GO:0004867,MGSIPGLEAKDKDGKVCIEICLEANYMTCPSTGNAELNPACNCYLANEDGCTIYLKDGTVEKCPRT
5,A0A067L586,180498,Jatropha curcas (Barbados nut),75,8141,GO:0004867,MANSKLLVLPLLILYGIIAASVRAEACPLYCLDVEYMTCESSGEEKLSPRCNCCLAPKNCTLHLSDGTSIFCKPN
6,A0A068UQ46,49390,Coffea canephora (Robusta coffee),77,8276,GO:0004867,MAISRINGVMAILLCGMILLSSNVEVKVVEACPQYCLDVEYMTCGNSETKLPPRCNCCLAPKGCTLHLADGTSQYCS
7,A0A068UQG0,49390,Coffea canephora (Robusta coffee),79,8531,GO:0004867,MAGAKVGIITLLFCATILLGWKPEHASAKVCPLVCFKAAYMICPHPPHKKLRPVCNCCLAKPHCKLYRHDGTVICTAAG
8,A0A068UQV4,49390,Coffea canephora (Robusta coffee),95,10053,GO:0004867,MGISLSSFKSKQGFGRQGIMAINRMNGVMAILLCGMILLGGANVEVEACPQYCLDVEYMTCGNSGTKQYPSCINCCLAPKGCTLHLADGTTQYCG
9,A0A068UQY4,49390,Coffea canephora (Robusta coffee),80,8300,GO:0004867,MAGTKVGVITLLLCAATILLGLKPELASAKVCPRFCYAAVAYMTCPPAPYKKLGPVCNCCMAKPGCKLFRADGTVICTAS
10,A0A068VAL0,49390,Coffea canephora (Robusta coffee),86,9390,GO:0004867,MAINKIGAMAILFCGMILLGANIEVKAVRQAPLRPCPRNCIGGTVYKVCNGTKTYTDCTNCCVSDGCTLYFEDGSSLYCDWPYAKY
11,A0A068VJU5,49390,Coffea canephora (Robusta coffee),79,8284,GO:0004867,MAGTKVGVITLLLCATILLGLKPEHASAKVCPFFCYAEVAYMTCPPAPYKKLGPVCNCCLAKPGCKLFRADGTVICTAS
12,A0A072UHW5,3880,Medicago truncatula (Barrel medic) (Medicago tribuloides),80,8468,GO:0004867,MALKVETILLVLVCGAIFSGGNLKNVDAQKICPQFCYDTVAYMTCPSTGGQHLYPKCNCCLASIGCILYEADGTPICTAV
13,A0A075EZT7,4097,Nicotiana tabacum (Common tobacco),197,20985,GO:0004867,MAVHKVSFVAHLLVLGMFLLLVDAKACTKECGNFAYGICPRSQGTPDDPICTTCCAGYKGCNYYSANGTFICEGSSDPKNPNVCPQFCDPDIAYSKCPRSEGETIINPTGCTTCCTGYKGCYYFGQDGEFVCEGESDEPKSCTTECDPRVATISCPFSGLVKINQECINCCNADKGCELYDNDGSLICTGGEPQSAA
14,A0A097H191,4113,Solanum tuberosum (Potato),152,16829,GO:0004867,MAIHKVALLLVFGIILLASDFEHADAKECDPRIDFGICPYLGTKKVDGICINCCSGYKECKYFSKDYTFICDGESTDWQSGKACSKECDRRIEFGICVTDLTKTVNGLCTTCSAGKKGCKYFNNNGTYICDGEYEWLSEGENDLQKSNVAIS
15,A0A097H193,4113,Solanum tuberosum (Potato),152,16949,GO:0004867,MAIHKVALLLVFGMILLASDFEHANAKKCDPRIDFGICPYLGTKKVDGICINCCSGFKECKYFSKDYTFICDGESKDWESRKACSKECDRRIEIGICVTDLTKTVNGLCTTCSAGKKGCKYFNNNGTYICDGEYEWLSEGENDLQKINVAIS
16,A0A097H1A1,4113,Solanum tuberosum (Potato),154,16729,GO:0004867,MAVHKEVNFVAYLLIVLGLLVLVSAMEHVDAKACTLECGNLGFGICPRSEGSPENRICTNCCAGYKGCNYYSANGAFICEGESDPKNPNVCPRNCDTNIAYSKCLRSEGKSLIYPTECTTCCTGYKGCYYFGKNGKFVCEGESDEPKANMYPAM
17,A0A097H1D1,4113,Solanum tuberosum (Potato),152,16956,GO:0004867,MAIHKVALLLVFGMILLASDFEHANAKKCDPRIDFGICPYLGTKKVDGICINCCSGFKECKYFSKDYTFICDGESKDWESRKACSKECDRRIEFGICVTDLTKTVNGLCTTCSAGKKGCKYFNNNGTYICDGEYEWLSEGENDLQKSNVAIS
18,A0A097H1D6,4113,Solanum tuberosum (Potato),154,16660,GO:0004867,MAVHKEVNFVAYLLIVLGLLVLVSAMEHVDAKACTLECGNLGFGICPRSEGSPENRICTNCCAGYKGCNYYSANGAFICEGESDPKKPKACPRNCDPHIAYSKCPRSEGKSLIYPTGCTTCCTGYKGCYYFGKNGKFVCEGESDEPKANMYPAM
19,A0A097J9B6,4072,Capsicum annuum (Bell pepper),204,22388,GO:0004867,MAVHKEVSFLAFLLVLEILLLHVDAKACSEENAENRICTNCCAGRKGCNYYSADGTFICEGESDPNNPKACPRYCDTRIAYSKCPRSEGNAENRLCTNCCAGRKGCNYYSADGTFICEGESDPNNPKACPRNCDTRIAYSKCPRSEGNAENRLCTNCCAGRKGCNYYSADGTFICEGESDPNNPKACPRNCDPNIAYSLCLYEK
20,A0A097J9C0,4072,Capsicum annuum (Bell pepper),201,22081,GO:0004867,PKEVSFLAFLLVLEILLLHVDAKACSEENAENHICTNCCAGRKGCNYYSADGTFICEGESDPNNPKACPRYCDTRIAYSKCPRSEGNAENRLCTNCCAGRKGCNYYSADGTFICEGESDPNNPKACPRNCDTRIAYSKCPRSEGNAENRLCTNCCAGRKGCNYYSADGTFICEGESDPNNPKACPRNRDPNIAYSLCLYEK
21,A0A097J9C1,4072,Capsicum annuum (Bell pepper),188,20638,GO:0004867,EILLLHVDAKACSEENAENRICTNCCAGRKGCNYYSADGTFICEGESDPNNPKACPRYCDTRIAYSKCPRSEGNAENRICTNCCAGRKGCNYYSADGTFICEGESDPNNPKACPRYCDTRIAYSKCPRSEGNAENRLCTNCCAGRKGCNYYSADGTFICEGESDPNNPKACPRNCDPNIAYSLCLYEK
22,A0A097J9C5,4072,Capsicum annuum (Bell pepper),192,21027,GO:0004867,LLVLEILLLHVDAKACSEENAENRICTNCCAGRKGCNYYSADGTFICEGESDPNNPKACPRYCDTRIAYSKCPRSEGNAENRLCTNCCAGRKGCNYYSADGTFICEGESDPNNPKACPRNCDTRIAYSKCPRSEGNAENRLCTNCCAGRKGCNYYSADGTFICEGESDPNNPKACPRNCDPNIAYSLCLYEK
23,A0A097J9C9,4072,Capsicum annuum (Bell pepper),199,21279,GO:0004867,MAVHKEVSFLGYLLVLGIFLHHVDGKACTRECGNLGYGICPRSEGSAEEPICTNCCAGYKGCKYYSADGTFICEGESDPKNPKGCPRNCDPRIAYSKCPRSQGETLIYPTGCTTCCTGYKGCYYFGKDGKFLCEGESTEPKACTLECDPRVAYMTCPSTGLAKIKDVCVNCCTAGEGCKLYGHNGSLLCTGESQSISTA
24,A0A097J9D1,4072,Capsicum annuum (Bell pepper),76,8258,GO:0004867,LLVLGILLLHVDAKACSQRNAKEPICTNCCAGRKGCNYYSADGTFICEGESDPNNPKPCTLNCDPNIAYSLCLYEK
25,A0A097J9D3,4072,Capsicum annuum (Bell pepper),192,21100,GO:0004867,LLVLEILLLHVDAKACSEENAENRICTNCCAGRKGCNYYSADGTFICEGESDPNNPKACPRYCDTRIAYSKCPRSEGNAENRLCTNCCAGRKGCNYYSADGTFICEGESDPNNPKACPRNCDTRIAYSKCPRSEENAENRLCTNCCAGRKGCNYYSADGTFICEGESDPNNPKACPRNCDPNIAYSLCLYEK
26,A0A097J9D4,4072,Capsicum annuum (Bell pepper),199,21239,GO:0004867,MAVPKEVSFLGYLLVLGIFLHHVDGKACTRECGNLGYGICPRSEGSAEEPICTNCCAGYKGCKYYSADGTFICEGESDPKNPKGCPRNCDPRIAYSKCPRSQGETLIYPTGCTTCCTGYKGCYYFGKDGKFLCEGESTEPKACTLECDPRVAYMTCPSTGLAKIKDVCVNCCTAGEGCKLYGHNGSLLCTGESQSISTA
27,A0A097J9D5,4072,Capsicum annuum (Bell pepper),181,19308,GO:0004867,FLHHVDGKACTRECGNLGYGICPRSEGSAEEPICTNCCAGYKGCKYYSADGTFICEGESDPKNPKGCPRNCDPRIAYSKCPRSQGETLIYPTGCTTCCTGYKGCYYFGKDGKFLCEGESTEPKACTLECDPRVAYMTCPSTGLAKIKDVCVNCCTAGEGCKLYGHNGSLLCTGESQSISTA
28,A0A097J9D6,4072,Capsicum annuum (Bell pepper),87,9536,GO:0004867,AVPKEVSFPAFLLVLEILLLHVDAKACSEENAENRICTNCCAGRKGCNYYSADGTFICEGESDPNNPKACPRNCDPNIAYSLCLYEK
29,A0A097J9D7,4072,Capsicum annuum (Bell pepper),198,21623,GO:0004867,VSFLASLLVLEILLLHVDAKACSEENAENRICTNCCAGRKGCNYYSADGTFICEGESGPNNPKACPRYCDTRIAYSKCPRSEGNAENRICTNCCAGRKGCNYYSADGTFICEGESDPNNPKACPRYCDTRIAYSKCPRSEGNAENRLCTNCCAGRKGCNYYSADGTFICEGESDPNNPKACPRNCDPNIAYSLCLYEK
30,A0A097J9D8,4072,Capsicum annuum (Bell pepper),199,21267,GO:0004867,MAVPKEVSFLGYLLVLGIFLHHVDGKACTRECGNLGYGICPRSEGSAEEPICTNCCAGYKGCKYYSADGTFICEGESDPKNPKGCPRNCDPRIAYSRCPRSQGETLIYPTGCTTCCTGYKGCYYFGKDGKFLCEGESTEPKACTLECDPRVAYMTCPSTGLAKIKDVCVNCCTAGEGCKLYGHNGSLLCTGESQSISTA
31,A0A0D3APY5,109376,Brassica oleracea var. oleracea,81,8738,GO:0004867; GO:0006979,MATYKIWLMSLMITGAILADVIPGVTITKTAIACPLYCLEVEYMTCPSSGDEKLPPRCNCCLAPKNCTLHLSGSTSIHCTK
32,A0A0D3FNQ1,65489,Oryza barthii,82,8637,GO:0004867,MASIKLALPMALLLCGLMVIGSIQSAEAQGGKFCPQFCYDGLEYMTCPSTGSQHLKPACNCCIAGEKGCVLYLNNGQVINCT
33,A0A0D9VYN1,77586,Leersia perrieri,79,8449,GO:0004867,MASIKFALPVALLLCGIMVIGCIQVTEAKICPQFCFDGIEYMTCPSTGDKHLKPACNCCIADEKGCAIYLNNGQVVNCT
34,A0A0D9VYN2,77586,Leersia perrieri,82,8785,GO:0004867,MASIKLALPVALLLCGFMLIGSIQITEAKDTKFCPQFCYEGIEYMTCPSTGSKHLRPVCNCCLASEKGCAIYLSSGQVVNCA
35,A0A0D9ZCR1,40148,Oryza glumipatula,82,8637,GO:0004867,MASIKLALPMALLLCGLMVIGSIQSAEAQGGKFCPQFCYDGLEYMTCPSTGSQHLKPACNCCIAGEKGCVLYLNNGQVINCT
36,A0A0E0D682,40149,Oryza meridionalis,82,8573,GO:0004867,MASIKLALPTALLLCGIMVIGSIQSAEAQGGKICPQFCYDGLEYMTCPSTGSQHLKPACNCCIAGEKGCVLYLNNGQVINCT
37,A0A0E0GTG1,4536,Oryza nivara (Indian wild rice) (Oryza sativa f. spontanea),82,8637,GO:0004867,MASIKLALPMALLLCGLMVIGSIQSAEAQGGKFCPQFCYDGLEYMTCPSTGSQHLKPACNCCIAGEKGCVLYLNNGQVINCT
38,A0A0E0KIP4,4537,Oryza punctata (Red rice),82,8561,GO:0004867,MASIKLALPMALLLCGLMVIGSIQSAEAQGGKICPQFCYDGLEYMTCPSTGSQHLKPACNCCIAGEKGCALYLNNGQVVNCT
39,A0A0E0P0X3,4529,Oryza rufipogon (Brownbeard rice) (Asian wild rice),82,8637,GO:0004867,MASIKLALPMALLLCGLMVIGSIQSAEAQGGKFCPQFCYDGLEYMTCPSTGSQHLKPACNCCIAGEKGCVLYLNNGQVINCT
40,A0A0K9S2T0,3562,Spinacia oleracea (Spinach),92,10089,GO:0004867,MEIKKIRVAALLLVFGVILIMGIGNMKKVDAQSDGDDDDEKICPQFCYDNLDYMTCRSTGDQKRTPSCNCCLAPTNDGCILYFANGDAPIVC
41,A0A0Q3GR06,15368,Brachypodium distachyon (Purple false brome) (Trachynia distachya),46,4969,GO:0004867,MECLAGEYMTCPSTGCDKLAPACNCCVASEERCTIYLKNGEVKKCT
42,A0A0V0GNA2,4108,Solanum chacoense (Chaco potato),131,14238,GO:0004867,MAIHKVALLLVFGMILLASDFKHADAKVWTKESDRRIDYGICPYLGTKKVGGPLCVNCCSGKIGCKYFNKNGTFICDGGSEWDGRKACSKECDPRIDIGFCAYVQTKIVNGLSTNCSAGKKGCKYFSNDGT
43,A0A0V0GWC2,4108,Solanum chacoense (Chaco potato),130,14252,GO:0004867,NGTFICEGNYDPRKQNTCPKNCDSKIAYSKCLLSEGNRVIENIECTSCCTGYKGCYYFGLDGKFVCEGKRSEPKICTQQCDPKVAYMICPSSGSTKLLTQICVNCCTAKADCKLYGHDGSLLCTGKPKIH
44,A0A0V0GZD4,4108,Solanum chacoense (Chaco potato),129,13922,GO:0004867,MEHVDAKACTLECGNLGFGICPRSEGSPENRICTNCCAGYKGCNYYSANGAFICEGQSDPKKPKACPLNCDPHIAYSKCPRSEGKSLIYPTGCTTCCTGYKGCYYFGKNGKFVCEGESDEPKANMYPAM
45,A0A0V0H1C2,4108,Solanum chacoense (Chaco potato),143,15553,GO:0004867,MAFHKVSFIACLLVLGMFLNTVDAKVCPRICGNFGYGLCPRSEGSPEKPICTNCCSGYKGCKYYSANGDLVCEGESDPRNPNDCSYECDTQIAYSKCPRSEGKMIIKPTGCTTCCTGYQGCYYFDQEGDFVCEGESPEPKAVA
46,A0A0V0HBN9,4108,Solanum chacoense (Chaco potato),147,15892,GO:0004867,MAVHKEVSFVAYLLIVLGMFLHVDALGCTKECGNLGFGICPRSEGSPTNPICINCCSGYKGCNYYSAFGRFICQGESDPKNPNACPLNCDPNIAYSRCPRSEGKSLIYPTGCTTCCTGYKGCYYFGKNGKFVCEGESDEPKAYMSTA
47,A0A166GCC0,79200,Daucus carota subsp. sativus,936,105465,GO:0004867; GO:0042578,MAKSSKSSSKPPIVQLNDLEFDSNSYSLEKFTLYETRARFYLIGSDRKKRYFRVLKIDRMEASELNISEDPVVYSSKEINSLLQRIDEGNRATGGLSVVAKVYGIAGCIKFLEPYYLILVTKRRQIGCICGHAVYSIDESQIISIPHVSVQTEAAYSKTELRYKKLLSCVDLTRDFFYSYTYPIMQSLQKNVISISEERMPYENIFVWNAFLTEPIRSRCNNTIWTLALVHGNFKQTRLSVFGRDFSVTLVARRSRHFAGTRYLKRGVNDRGRVANDVETEQIILDEEAGSCKGKMSSVVQMRGSIPLFWSQEASRFSPKPDIILQRYDPTYEATKMHFEDLAERYGNPIIVLNLIKTVEKRPREMMLRREFTTAVGYLNQILPEEKQLKFIHWDFNKFAKSKSANVLAVLGGVASEALDLTGFYYSGKPSAIKRKSSQISRTSITRDASLRDLRANSGDLARIGSNIDTLNSALMQNRDCTGPQHSSNNNYGNAAPRFQSGVLRTNCIDCLDRTNVAQYAYGLAALGRQLHAMSLTDEPKVDADSSIAAALMEMYQSMGDALAQQYAGSAAQNTVFPERQGKWKATTQSKELLKSIQRYYSNTYTDGEKQDAINLFLGYFKPQDSRPTIWDLDSDYYLHVTGIEDNFTPEKRSHSNSRSVAVLSPVPAWREDFSRIKLTSFDKLLQQTCSSIKNVRLWAEPAQRTGNSGMAPDAAEIQLKTPNWLFGQRKLDKSSSPRKVVSNECADEESKIESRVEYLLDIDWPSYIGNTNEEEVSQRYLSMTSVDEANGWYGGTLIGDQDENSEIYKHYAELCQGPAMEPFQLDTETEKLYADFLQAGTFDGSNDASVEKEMEEALKEFNRISADLGIIPSSCMLLEAGGVAKACYLYCLQVDYMTCPSSGEEKLEPKCNCCLAPKGCTLHLSGGSSMLCSKT
48,A0A199UJF1,4615,Ananas comosus (Pineapple) (Ananas ananas),78,8209,GO:0004867,MGRTRLSMAPFLVLSGILLVGLFQSSAKAVACPQYCLDVSYVTCTSSGKERLPARCNCCLAGKGCTLHLSDGSQMTCS
49,A0A199VFN3,4615,Ananas comosus (Pineapple) (Ananas ananas),82,8986,GO:0004867,MLESQSKEATWKSNKHEKRTVLLGWELQSAAAQAPCNLICFDNVLYVTCTSSGGKKLPPMCSCCYLPDDCTLHLSDGTSINC
50,A0A199W8X6,4615,Ananas comosus (Pineapple) (Ananas ananas),79,8323,GO:0004867,MGRTRLSMAPFLVLSGIILLVGLFQSSAKAVACPQYCLDVSYVTCTSSGEERLPARCNCCLAGKGCTLHLSDGSQMTCS
51,A0A1B6Q2N4,4558,Sorghum bicolor (Sorghum) (Sorghum vulgare),81,8629,GO:0004867,MATSRFHMTCALLLLGAVLLGQQEQMGTEAVVCPLYCLQVDYMTCPSSGSEKLPAKCNCCLARAPKGCTLHLSDGTQQTCS
52,A0A1E5UMZ8,888268,Dichanthelium oligosanthes,77,7983,GO:0004867,MATTKIQITCALLLIGLVLLGQEGMESAVAACPQFCLDVAYVTCPSSGSEQLPARCNCCMTPAGCTLHLSDGTQQTC
53,A0A1E5UNA0,888268,Dichanthelium oligosanthes,123,13085,GO:0004867,MKQTPLAVAVLDLNSLRLESEGHDDRQDPHHLRSPSDWRFAAGAAGAGGRGGRRPLPPGVVLLGQEQTMGTEAVVCPLYCLQVDYVTCPSSGSEKLPARCNCCLAPKGCTLHLSDGRQQNCSS
54,A0A1E5VFG3,888268,Dichanthelium oligosanthes,79,8348,GO:0004867,MATSRVHITCALLLIGLVLLGQQGQEGMEGAVACPQYCLEVDYVTCPSSGAEKLPARCNCCMTPKGCTLHLSDGTRQTC
55,A0A1E5W186,888268,Dichanthelium oligosanthes,126,13716,GO:0004867; GO:0016021,MATVKLALPVALLLCGLVVMGYSMQSAEAKPGREIIRERKLQNMATIKLGLPVALLLCVMVIDYSIQSTEAKDDGRGACIMNCLNATYMTCPPKRTERLQPACSCCLAQKRGCIIHLSNGVVEKCR
56,A0A1J3DYX7,107243,Noccaea caerulescens (Alpine penny-cress) (Thlaspi caerulescens),84,9008,GO:0004867; GO:0016021,ESMATYKIWVMSLIIIGAVLVGGVIPGVTTTKTAIACPLYCLQVEYMTCLSSGDDKLPPRCNCCLAPKNCTLHLSDSTSIHCNK
57,A0A1J3G2U3,107243,Noccaea caerulescens (Alpine penny-cress) (Thlaspi caerulescens),90,9704,GO:0004867; GO:0016021,KMIIPLESMATYKIWVMSLIIIGAVLVGGVIPGVTTTKTAIACPLYCLQVEYMTCLSSGDDKLPPRCNCCLAPKNCTLHLSDSTSIHCNK
58,A0A1J3HRR4,107243,Noccaea caerulescens (Alpine penny-cress) (Thlaspi caerulescens),93,10046,GO:0004867; GO:0016021,GERKMIIPLESMATYKIWVMSLIIIGAVLVGGVIPGVTTTKTAIACPLYCLQVEYMTCLSSGDDKLPPRCNCCLAPKNCTLHLSDSTSIHCNK
59,A0A1J3ILC6,107243,Noccaea caerulescens (Alpine penny-cress) (Thlaspi caerulescens),97,10542,GO:0004867; GO:0016021,MYEPGEMKMIIPLESMATYKIWVMSLIIIGAVLVGGVIPGVTTTKTAIACPLYCLQVEYMTCLSSGDDKLPPRCNCCLAPKNCTLHLSDSTSIHCNK
60,A0A1J6J0L2,49451,Nicotiana attenuata (Coyote tobacco),339,37614,GO:0004867,MAVHRVSFLALLLLFGMSMLVSNVEHADAKACPRNCDGRIAYEICPRSEEKKNDRICTNCCAGTKGCKYFSDDGTFICEGESDPRNPKACPRNCDGRIAYGICPRSEEKKNDRICTNCCAGTKGCKYFSDDGTFICEGESDPRNPKACPRNCDGRIAYEICPRSEEKKNDRICTNCCTGTKGCKYFSDDGTFVCEGESDPRNPKACPRNCDGRIAYEICPRTEEKKNDRICTNCCAGTKGCKYFSDDGTFVCEGESDPRNPKACPRNCDERIAYGICPRTEEKKNNQICTNCCAGTKGCNYFSANGTFICEGESEYVSKVDEYVHEVENDLQKSRVAVS
61,A0A1J6JJ91,49451,Nicotiana attenuata (Coyote tobacco),197,21088,GO:0004867,MAVHKVSFLAHLLVLGMFLLLVDAKACTKECGNFAYGICPRSQGTPDHPICTTCCAGYKGCNYYNANGTFICEGLSDPKNPNFCPQFCDPDIAYSKCPRSEGETIINPTGCTTCCTGYKGCYYFGQDGEFVCEGESDEPKSCTTECDPRVATISCPISGLVKINQECINCCNADKGCELYDNDGSLICTGGEPQSAA
62,A0A1J6JY14,49451,Nicotiana attenuata (Coyote tobacco),84,9042,GO:0004867,MAFYKAGILSLLLLSGIFLLGINEVKYVNAKSCLQFCDNEVAYMTCPSSGDEQISPVCVNCCTADEGCKLFRTDGSLICTGTQD
63,A0A1J6KQH3,49451,Nicotiana attenuata (Coyote tobacco),87,9600,GO:0004867,MAIHKVGFLAVLLLFGTHVLGSKMATAAEEEKSCPRDCISDAAYMVCPTRHGRHKLIESYCDNCCTLPENCKLFKENGDLICTGTDY
64,A0A1S2Z6Q3,3827,Cicer arietinum (Chickpea) (Garbanzo),79,8151,GO:0004867,MAFKVGAILLVLVFGAILLGGNLNFVDAKVCPLICYDSAGYMTCPSSGDQHLSPPCNCCLASTGCKIYKADGTLICTAS
65,A0A1S3X5H6,4097,Nicotiana tabacum (Common tobacco),103,12060,GO:0004867,MASSKFGVFTLLFLCVFLLGRNYVESKETKYCTQDCLPNVWYMTCPSSGNKKLYPLCINCCRTPKGCKLFGPNDYLILYWPNVIDHFENYQMGYYFTSIISWL
66,A0A1S3XF39,4097,Nicotiana tabacum (Common tobacco),87,9661,GO:0004867,MAIHKVGFLALLLLFGTLVLGSKMATAAEEEKSCPRDCISDAAYMVCPTRHRQHKLIESYCDNCCTLPENCKLFKENGDLICTGTDY
67,A0A1S3Y6L6,4097,Nicotiana tabacum (Common tobacco),80,8365,GO:0004867,MAIHRVAFLALLLLSGAVLLGSKVEGADGKACTRNCDPDVAYMVCPSTGQRITKPCVNCCSARKGCKLFRSNGSVKCTGT
68,A0A1S3YL26,4097,Nicotiana tabacum (Common tobacco),84,9015,GO:0004867,MAFYKASILSLLLLSGIFLLGIGEVKYVNAKSCLQFCDNEVAYMTCPSSGDEQISPVCVNCCTADEGCKLFRTDGSLICTGTQD
69,A0A1S3YTB5,4097,Nicotiana tabacum (Common tobacco),160,17480,GO:0003676; GO:0004523; GO:0004867; GO:0016021,MKGVGIGAVLISETGHHYPVTTQLRFYCTNNMAEYEACILGPRLAVDMGIQEVLVLGDSYLLLKRITSSNQRIQRKMAFYKASILSLLLLSGIFLLGIGEVKYVNAKSCLQFCDNEVAYMTCPSSGDEQISPVCVNCCTADEGCKLFRTDGSLICTGTQD
70,A0A1S3YZT7,4097,Nicotiana tabacum (Common tobacco),396,43227,GO:0004867,MAVHRVSFLALLLLFGMSLLVSNVEHAHAKACPFNCDPRIAYGVCPRLKEKKNNQICTNCCAGTKGCNYFSTDGTFICKGESDPRNPKACPRNCDPRIAYGLCPLSKEKDNRICINCCAGTKGCNYFSADGTFVCKGESDPRNPKVCPLNCDPRIAYGLCPLSEEKKDNQICTNCCAGTKGCNYFSANGTFVCKGESDPRNPKACPRNCDPRIAYGLCPLSEEKKDNRICTNCCAGKKGCNYFSADGTFVCKGESDPRNPKVCPLNCDPRIAYGLCPLSEEKKDNQICTNCCAGTKGCNYFSADGTFVCKGESDPRNPKACPRNCDPRIAYGVCPRSEEKKNNQICTNCCAGMKGCNYFSANGTFICEGESEYVSKVDEYVREVENDLQKSKVAVS
71,A0A1S3Z2Q3,4097,Nicotiana tabacum (Common tobacco),294,31843,GO:0004867,MAVHKVGFLSLLLLFGTFLLLSEVDYADAKACTRNCNPRIRYGRCPKSGNKKFNVGCTNCCAGSLGCNYYSANGTFVCEGESETKVETIETDVETIETEVETMVESNKVCPRNCDPKIRYGRCPKSGNKKFNVGCTNCCAAKKGCNYFSANGTFVCEGETETKVETIETEVETMVELNKVCPFNCDGRISYSVCGNKKSSGRICTNCCAARKGCNYFSADGTFVCKGESVVESMIEAVKPCRRNCDGRISYSVCGNKKSSGRICTNCCAGKKGCNYFSADGTFVCEGESGVESI
72,A0A1S3ZJX9,4097,Nicotiana tabacum (Common tobacco),87,9614,GO:0004867,MAIHKVGFLALLLLFGTHVLGSKMATAAEEEKSCPRDCISDAAYMVCPTRHGRHKLIESYCDNCCTLPENCKLFKENGDLICTGTDY
73,A0A1S4A0N1,4097,Nicotiana tabacum (Common tobacco),396,43323,GO:0004867,MAVHRVSFLALVLLFGMSLLVSNVEHADAKACPFNCDPRIAYGVCPRLEEDKNNQICTNCCAGTKGCNYFSADGTFICKGQSDPRNPKACPRNCDPRIAYGVCPRLEEKKDNQICTNCCAGTKGCNYFSADGTFVCKGQSDPRNPKACPRNCDPRIAYGVCPRSEEKKDNQICTNCCAGTKGCNYFSADGTFVCKGQSDPRNPKACPRNCDPRIDYGVCPRSEEKDNQICTNCCAGTKGCNYFSADGTFVCKGQSDPRNPKACPRNCDPRIAYRVCPRSEEKEDNQICTNCCAGTKGCNYFSANGTFVCKGQSDPRNPKACPRNCDPRIAYGVCPRSEEEKNNQICTNCCGGTKGCNYFSANGTFICEGESEYVSKVDEYVREVENDLQKSKVAVS
74,A0A1S4BIG0,4097,Nicotiana tabacum (Common tobacco),168,18564,GO:0004867,MAVHKAGFLSLLLLFGIFLLLSELEYADAKACTRNCNPRIRYGRCPKSGNKKFSLGCTNCCAGSLGCNYYSANGTFICEGESEIKVETIETEVETMVEPNKICPRNCDPKIRYGRCPKSGNKKFNVGCTNCCAARKGCNYFSANGTFVCEGETETKVEIIETKVEMRK
75,A0A1S4CNP7,4097,Nicotiana tabacum (Common tobacco),336,36558,GO:0004867,MAVHRVSFLALLLFGMSLLVSNVEYADAKACPRNCDGRIAYGICPRSEEKKDNQICTNCCAGTKGCNYFSADGTFVCEGESDPRNPKACPRNCDGRIAYGVCPRSEEKKDNQICTNCCAGTKGCNYFSADGTFVCEGESDPRNPKACPRNCDGRIAYGVCPRSEEKKDNQICTNCCAGTKGCNYFSADGTFVCEGESDPRNSKACPRNCDGRIAYGVCRSSEEKKNNQICTNCCAGTKGCNYFSADGTFVCKGKFDPRNPRPCPRNCDPRITYGVCPRSEEKKNNQICTNCCAGIKGCNYFSVDGTFVCEGESDPRNSKACPRNCDPRYALIVAQA
76,A0A1S4CNR9,4097,Nicotiana tabacum (Common tobacco),389,42475,GO:0004867,MAVHRVSFLALLLFGMSLLVSNVEYADAKACPRNCDGRIAYGICPRSEEKKDNQICTNCCAGTKGCNYFSADGTFVCEGESDPRNPKACPRNCDGRIAYGVCPRSEEKKDNQICTNCCAGTKGCNYFSADGTFVCEGESDPRNPKACPRNCDGRIAYGVCPRSEEKKDNQICTNCCAGTKGCNYFSADGTFVCEGESDPRNSKACPRNCDGRIAYGVCRSSEEKKNNQICTNCCAGTKGCNYFSADGTFVCKGKFDPRNPRPCPRNCDPRITYGVCPRSEEKKNNQICTNCCAGIKGCNYFSVDGTFVCEGESDPRNSKACPRNCDPRITYGVCPRSEEKKNNQICTNCCAGMKGCNYFSVNGTFICEGESEYANKVENDLQKSKVAVF
77,A0A1S4CPA1,4097,Nicotiana tabacum (Common tobacco),394,42920,GO:0004867,MAVHRVSFLALLLFGMSLLVSNVEYADAKACPRNCDGRIAYGICPRSEEKKDNQICTNCCAGTKGCNYFSADGTFVCEGESDPRNPKACPRNCDGRIAYGVCPRSEEKKDNQICTNCCAGTKGCNYFSADGTFVCEGESDPRNPKACPRNCDGRIAYGVCPRSEEKKDNQICTNCCAGTKGCNYFSADGTFVCEGESDPRNSKACPRNCDGRIAYGVCRSSEEKKNNQICTNCCAGTKGCNYFSADGTFVCKGKFDPRNPRPCPRNCDPRITYGVCPRSEEKKNNQICTNCCAGIKGCNYFSVDGTFVCEGESDPRNSKACPRNCDPRITYGVCPRSEEKKNNQICTNCCAGIKGCNYFSVDGTFVCEGESDPRNSKACPRNCDPRYALIVAQA
78,A0A1S4DR24,4097,Nicotiana tabacum (Common tobacco),90,9690,GO:0004867; GO:0016021,MGLLLYQDNFMAIHRVAFLAILLLSGAILLGNKVKCADGKACTRNCDPDVAYMVCPSTRQKITKPCVNCCSAKKGCKLFRSNGSVKCTGT
79,A0A1U7VHX6,4096,Nicotiana sylvestris (Wood tobacco) (South American tobacco),225,24333,GO:0004867,MAVHKVGFLSLLLLFGTFLLLSEVDYADAKACTRNCNPRIRYGRCPKSGNKKFNVGCTNCCAGSLGCNYYSANGTFVCEGESETKVETIETDVETIETEVETMVESNKVCPRNCDPKIRYGRCPKSGNKKFNVGCTNCCAAKKGCNYFSANGTFVCKGESVVESMIEAVKPCRRNCDGRISYSVCGNKKSSGRICTNCCAGKKGCNYFSADGTFVCEGESGVESI
80,A0A1U7VLC3,4096,Nicotiana sylvestris (Wood tobacco) (South American tobacco),73,7993,GO:0004867,MFFLGSKVENANAKACLQKCNNEVEYMTCPSSGDEKIMPTCTNCCLAEVGCKLFRADGSLICVGNWNPDDPHE
81,A0A1U7WDA6,4096,Nicotiana sylvestris (Wood tobacco) (South American tobacco),687,75345,GO:0004867,MAVHRVSFLALLLLLGMSLLVSNVEHADAKACPLNCDPRIAYGVCPRSEEKKNDRICTNCCAGTKGCKYFSDDGTFVCEGESDPRNPKACPRNCDPRIAYGICPLSEEKKNDRICTNCCAGTKGCKYFSDDGTFVCEGESDPRNPKACPRNCDPRIAYGICPLSEEKKNDRICTNCCAGTKGCKYFSDDGTFVCEGESDPRNPKACPRNCDPRIAYGICPLSEEKKNDRICTNCCAGTKGCKYFSDDGTFVCEGESDPRNPKACPRNCDPRIAYGICPLSEEKKNDRICTNCCAGTKGCKYFSDDGTFVCEGESDPRNPKACPRNCDPRIAYGICPLSEEKKNDRICTNCCAGTKGCKYFSDDGTFVCEGESDPRNPKACPRNCDPRIAYGICPLSEEKKNDRICTNCCAGTKGCKYFSDDGTFVCEGESDPRNPKACPRNCDPRIAYGICPLSEEKKNDRICTNCCAGTKGCKYFSDDGTFVCEGESDPRNPKACPRNCDPRIAYGICPLSEEKKNDRICTNCCAGTKGCKYFSNDGTFVCEGESDPRNPKACTLNCDPRIAYGICPLSEEKKNDRICTNCCAGKKGCKYFSDDGTFVCEGESDPRNPKACPRNCDGRIAYGICPLSEEKKNDRICTNCCAGKKGCKYFSDDGTFICEGESEYASKVDEYVREVENDLQKSKVAVS
82,A0A1U7XB93,4096,Nicotiana sylvestris (Wood tobacco) (South American tobacco),197,21033,GO:0004867,MAVHKVSFVAHLLVLGMFLLLVDAKACTKECGNFAYGICPRSQGTPDDPICTTCCAGYKGCNYYSANGTFICEGSSDPKNPNFCPQFCDPDIAYSKCPRSEGETIINPTGCTTCCTGYKGCYYFGQDGEFVCEGESDEPKSCTTECDPRVATISCPFSGLVKINQECINCCNADKGCELYDNDGSLICTGGEPQSAA
83,A0A1U7XBN8,4096,Nicotiana sylvestris (Wood tobacco) (South American tobacco),90,9718,GO:0004867; GO:0016021,MGLLLYQDNFMAIHRVAFLAILLLSGAILLGNKVKCADGKACTRNCDPDVAYMVCPSTRQKITKPCVNCCSARKGCKLFRSNGSVKCTGT
84,A0A1U7XKN6,4096,Nicotiana sylvestris (Wood tobacco) (South American tobacco),87,9614,GO:0004867,MAIHKVGFLALLLLFGTHVLGSKMATAAEEEKSCPRDCISDAAYMVCPTRHGRHKLIESYCDNCCTLPENCKLFKENGDLICTGTDY
85,A0A1U7XTK4,4096,Nicotiana sylvestris (Wood tobacco) (South American tobacco),229,25380,GO:0004867,RICTNCCAGKKGCKYFSDDGTFICEGESEYASKVDEYVREVENDLQKSKVAVSEVLTNNMYGAFPLPYFSDDGTFVCEGESDPRNPKACPRNCDPRIAYGICPLSEEKKNDRICTNCCAGTKGCKYFSDDGTFVCEGESDPRNPKACPRNCDGRIAYGICPLSKEKKNDRICTNCCAGKKGCKYFSDDGTFICEGESEYASKVDEYVREVENDLQKSKVAVSEVLTNNM
86,A0A1U7Y2F0,4096,Nicotiana sylvestris (Wood tobacco) (South American tobacco),434,47793,GO:0004867,MAVHRVNFLAFLLLFGMSLLVNNVEHADAKACSFNCDPRIAYGVCPRSEEKKNNQICTNCCAGTKGCNYFSADGTFVCEGQFDPRNPKACPRNCDPRIAYGVCPRSKEKKDNQICTNCCAGTKGCNYFSADGTFVCEGEFDPRNPKACPRNCDPRIAYGVCPRSKEKKDNQICTNCCAGTKGCNYFSADGTFVCKGESDPRNPKACPRNCDPRIDYRVCPRSEEKDNQICTNCCAGMKGCNYFSADGTFVCKGESDPRNPKACPRNCDPRIAYGVCPRSEEKDNQICTNCCAGTKGCNYFSADGTFVCKGESDPRNPKACPRNCDPRIDYRVCPRSEEKNNQICTNCCAGTKGCNYFSADGTFVCEGESDPRNPKACPRNCDPRIDYRVCPYSEEKNNQICTNCCAGTKGCNYFSANGTFICNGESEYISKVDE
87,A0A1U7YPZ0,4096,Nicotiana sylvestris (Wood tobacco) (South American tobacco),84,9015,GO:0004867,MAFYKASILSLLLLSGIFLLGIGEVKYVNAKSCLQFCDNEVAYMTCPSSGDEQISPVCVNCCTADEGCKLFRTDGSLICTGTQD
88,A0A1U8FAF4,4072,Capsicum annuum (Bell pepper),82,8701,GO:0004867,MATHRVVFLALFLLSGILLLGSTVESAADKGCSRNCDTEVDYMVCPSGGETITRNVCTNCCSAQKSCKLFRSDGSVKCSGRS
89,A0A1U8FJ97,4072,Capsicum annuum (Bell pepper),81,8594,GO:0004867,MAIHRVVFLALLLLSGTVLLGSRVESAAAKACPRNCDTDIAYMVCPSSGERIIRKVCTNCCAAQKGCKLFRSNGSIKCTGT
90,A0A1U8FXN6,4072,Capsicum annuum (Bell pepper),199,21279,GO:0004867,MAVHKEVSFLGYLLVLGIFLHHVDGKACTRECGNLGYGICPRSEGSAEEPICTNCCAGYKGCKYYSADGTFICEGESDPKNPKGCPRNCDPRIAYSKCPRSQGETLIYPTGCTTCCTGYKGCYYFGKDGKFLCEGESTEPKACTLECDPRVAYMTCPSTGLAKIKDVCVNCCTAGEGCKLYGHNGSLLCTGESQSISTA
91,A0A1U8G7B9,4072,Capsicum annuum (Bell pepper),204,22388,GO:0004867,MAVHKEVSFLAFLLVLEILLLHVDAKACSEENAENRICTNCCAGRKGCNYYSADGTFICEGESDPNNPKACPRYCDTRIAYSKCPRSEGNAENRICTNCCAGRKGCNYYSADGTFICEGESDPNNPKACPRNCDTRIAYSKCPRSEGNAENRLCTNCCAGRKGCNYYSADGTFICEGESDPNNPKACPRNCDPNIAYSLCLYEK
92,A0A1U8GFH5,4072,Capsicum annuum (Bell pepper),205,22363,GO:0004867,MAVPKEVSFPACLLVLGMFVIANAVELGDDIKVCTMECGNFAYGICPRSEGSPICTNCCSGYKGCNYYSANGTFICEGRSDPRKTNICTQHCDPRVAYSKCPRSGRNTIIKHTGCTTCCTGYKGCYYFGHDGKFVCEGQSSEPRACTLECDPKVAYMTCPSSGSTKLTRICVNCCTARVQGCKLYGHDEFLLCTGDPRNYLSFTR
93,A0A1U8GHX6,4072,Capsicum annuum (Bell pepper),230,25453,GO:0004867,MAAHKEVSFLTYLLVLGLMFLLVSASTKHDHDDDDDDHDHDHDHDDDDDDDHNPKPPKPCTKECGNFAYGICPRSEGSPKNPICTTCCAGYKGCYYYDANGKLICEGQSDPRKPNKHCPRNCDPKIAYSKCPGRSEGKTIIKPTGCTTCCTGYKGCYYYGKDDKFVCEGESIEPRVCTQECDPRVAYMTCPSTGSTKHTRICVNCCTAKSGCKLYDRNGSQLCTGDPKNH
94,A0A1U8GZH1,4072,Capsicum annuum (Bell pepper),106,12046,GO:0004867,MFYVGNDSLLLVSNVRHADAKANTEDAKVILIEYALTIMEEKRCRYFSAGGTFIFKGESEYVRHHCRTGKKGCNYFSVDGTFICEEESEYVIEGENNLQKSKVDVS
95,A0A1U8H7N7,4072,Capsicum annuum (Bell pepper),81,8693,GO:0004867,MASSKVGVLTLLLLCVLLVGSNYVESADAKICPQFCEPNIGYMTCPSTGHKKLYPKCINCCKAGKGCKLYRKNGSLRCTGT
96,A0A1U8HFR9,4072,Capsicum annuum (Bell pepper),84,8928,GO:0004867,MAFCKVGILSLLLLSGIFLLGIEVEYGNAQKMCLQVCDPEVAYMTCPSSGDEKMSDVCVNCCTAAVGCKLFRSDGSFICTGTPE
97,A0A1U8HFS2,4072,Capsicum annuum (Bell pepper),84,8812,GO:0004867,MAFCKVGILSLLLVSGIFLLGIEVEFGNAQKMCIQVCDPEVASMTCPSSGDEKINDVCVNCCTAAVGCKLFRSDGSLICTGTLE
98,A0A1X9QDN7,4113,Solanum tuberosum (Potato),142,15325,GO:0004867,MDVHKEVNFVAYLLIVLGLLVLVSAMEHVDAKACTLECGNLGFGICPRSEGSPENRICTNCCAGYKGCNYYSANGAFICEGQSDPKKPKACPLNCDPHIAYSKCPRSEGKSLIYPTGCTTCCTGYKGCYYFGKNGKFVCEGE
99,A0A1X9QDN8,4113,Solanum tuberosum (Potato),136,14905,GO:0004867; GO:0016021,MDVHKEVSFVAYLLIVLGMFLYVDALGCTKECGNLGFGTCPRSEGSPTNPICINCCSGYKGCNYYSAFGRFICEGESDPKNPNVCPRNCDTNIAYSKCLRSEGKSLIYPTECTTCCTGYKGCYYFGKNGKFVCEGE
100,A0A1X9QDP2,4113,Solanum tuberosum (Potato),100,10938,GO:0004867,SEGSPTNPICINCCSGYKGCNYYSAFGRFICEGESDPKNPKACPLNCDTNIAYSRCPRSEGKSLIYPTGCTTCCTGYKDCYYFDKNGKFVCEGESDEPKA
101,A0A1X9QDP7,4113,Solanum tuberosum (Potato),154,16743,GO:0004867,MDVHMEVNFVAYLLIVLGLLVLVSAMEHVDAKACTLECGNLGFGICPRSEGSPENRICTNCCAGYKGCNYYSANGVFICEGQSDPKKPKACPPNCDPHIAYSKCPPSKGKSLIYPTGCTTCCTGYKGCYYFGKNGKFECERKSDEPKANMYPAM
102,A0A218XK76,22663,Punica granatum (Pomegranate),79,8200,GO:0004867,MGGRKAYLGVLLLLVCALLGDNNGGLVTSAKACPQYCLDVEYMTCPSTGEQQLSPKCNCCLAPKGCILHLSDGTSVTCS
103,A0A251RIY1,3760,Prunus persica (Peach) (Amygdalus persica),79,8182,GO:0004867,MARDKNIGPMVLLLVFGSILLGINPSTAKICPQYCTDQAGYMTCPSSGNTQLSPSCNCCLAPAGCTLYRADGTSICTGT
104,A0A287GT10,112509,Hordeum vulgare subsp. vulgare (Domesticated barley),95,10250,GO:0004867; GO:0006979,GFRTNHLKSQECVQSTDMATSRLHIACALLLIGVVLLGQNQEGMEAVACPQYCLEVDYVTCPSSEQQKLPARCNCCMAPKGCTLHLSDGISQTCS
105,A0A2C9U1Z6,3983,Manihot esculenta (Cassava) (Jatropha manihot),80,8700,GO:0004867,MGRVRAAFMLLLFVYGSISIGMSPGRAIVCPLYCLDVDYMTCPSSGEEKLSPSCNCCLAPKNCTLHLSDGSSIYCKPHEF
106,A0A2C9U386,3983,Manihot esculenta (Cassava) (Jatropha manihot),79,8474,GO:0004867,MGGVRAALMLLFFYGSISIGMSPGRAIACPLYCLDVDYMTCPSSGEEKLSPSCNCCLAPKNCTLHLSDGSSLYCKPHEF
107,A0A2G2V3L6,33114,Capsicum baccatum (Peruvian pepper),199,21245,GO:0004867,MAVHKEVSFLGYLLVLGIFLHHVDGKACTRECGNLGYGICPRSEGSAEEPICTNCCAGYKGCKYYSADGTFICEGESDPNNPKACPRNCDPRIAYSKCPRSQGETLIYPTGCTTCCTGYKGCYYFGKDGKFVCEGESTEPKACTLECDPRVAYMTCPSAGLAKIKDVCVNCCTAGEGCKLYGHNGSLLCTGEPQSISTA
108,A0A2G2V3L7,33114,Capsicum baccatum (Peruvian pepper),262,28475,GO:0004867,MAVPKEVSFLASLLVLGILLLHVDAKACSQRNAKEPICTNCCAGRKGCNYYSADGTFICEGESDPNNPKPCTLECDPRIFYSKCPRSEASAENRICTNCCAGRKGCNYYSADGTFICEGESDPNNPKACPRNCDTRIAYSKCPRSEGNAENRICTNCCAGRKGCNYYSADGTFVCEGESDPKNPKACTLDCDPRIFYSKCPRSEASAEEPICTNCCAGRKGCNYYSADGTFVCEGESDPNHPKACPKNCDPNIAYSLCLYEK
109,A0A2G2WDG3,33114,Capsicum baccatum (Peruvian pepper),81,8693,GO:0004867,MASSKVGVLTLLLLCVLLVGSNYVESADAKICPQFCEPNIGYMTCPSTGHKKLYPKCINCCKAGKGCKLYRKNGSLRCTGT
110,A0A2G2WK73,33114,Capsicum baccatum (Peruvian pepper),84,8875,GO:0004867,MAFCKVGILSLLLLSGIFLLGIEVEYGNAQKMCLQVCDPEVAYMTCPSSGDEKISDVCVNCCTAAVGCKLFRSDGSLICTGTPE
111,A0A2G2WK87,33114,Capsicum baccatum (Peruvian pepper),84,8810,GO:0004867,MAFCKVGILSLLLLSGIFLLGIEVEFGNAQKMCIQVCDPEVASMTCPSSGDEKINDVCVNCCTAAVGCKLFRSDGSLICTGTPE
112,A0A2G2WK91,33114,Capsicum baccatum (Peruvian pepper),110,12098,GO:0004867,MDEARVGAPHELNFERFLLDVGRVIKFQVSIFGCAFVGTLALESCNVATAADDEKSCPRDCISDAAYMVCPTHHGRHKLIESYCDNCCTLPGNCKLFKENGDLICTGTDY
113,A0A2G2WK98,33114,Capsicum baccatum (Peruvian pepper),81,8629,GO:0004867,MAISKIGILSLLLFSVVILLGISNMEKVEGKICPQICFDAAAYMMCPSSGTQKLAPTCNCCLAPQGCSLYYADRTLICTST
114,A0A2G2WX27,33114,Capsicum baccatum (Peruvian pepper),83,9042,GO:0004867,MAFYKVGILSLLLLSGVFLLGIQVEYTSAKSCLQFCDNEVAYMTCPSSRDEQISPVCVNCCTANEGCKLFRKNGSLICTGTQD
115,A0A2G2X8Q0,33114,Capsicum baccatum (Peruvian pepper),228,25121,GO:0004867,MAAHKEVSFLTYLLVLGLMFLLVSASTKHDHDDDDDHDHDHDHDDDDDDHNPKPPKPCTKECGNFDYGICPRSEGSPKNPICTTCCAGYKGCYYYDANGKLICEGQSDPRKPNKHCLGNCDPKIAYSKCPGRSEGKTIIKPTGCTTCCTGYKGCYYYGKDGKFVCEGESIEPRVCTQECDPRVAYMTCPSTGSTKHTRICVNCCTAKPGCKLYDRNGSLLCTGDPKNH
116,A0A2G2X8T6,33114,Capsicum baccatum (Peruvian pepper),206,22077,GO:0004867,MAVPKEVSFLAYLLVLAFSVTRGIFLLHADAKACTKECGNFAYGICPRSEGSAKEPICTNCCSGYKGCNYYSADGTFICEGEFDPKEGPKACPANCDPRIAYSKCPRSQGRRIDYPTGCTNCCTGYKGCYYFGKDGKFVCEGESTEPKKCPAICIIAAYMTCPSSGSVKIKVHCGNCCSLSEGCKLYRKDGSLICTGEPQISISAA
117,A0A2G2X8V0,33114,Capsicum baccatum (Peruvian pepper),205,22521,GO:0004867,MAVHKEVSFLAFLLVLGILLLHVDAKACSEENAENRICTNCCAGRRKGCNYYSADGTFICEGESDPNNPKACPRYCDTRIAYSKCPRSEGNAENRICTNCCAGRKGCNYYSADGTFICEGESDPNNPKACPRYCDTRIAYSKCPRSEGNAENRICTNCCAGRKGCNYYSADGTFICEGESDPNNPKACPRNCDPNIAYSLCLYEK
118,A0A2G2XU31,4072,Capsicum annuum (Bell pepper),199,21216,GO:0004867,MAVHKEVSFLGNLLVLGIFLHHVDGKACTRECGNLGYGICPRSEGSAEEPICTNCCAGYKGCKYYSADGTFICEGESDPKNPKGCPRNCDPRIAYSKCPRSQGETLIYPTGCTTCCTGYKGCYYFGKDGKFVCEGESTEPKACTLECDPRVAYMTCPSTGLAKIKDVCVNCCTAGEGCKLYGHNGSLLCTGESQSISTA
119,A0A2G2Z3H2,4072,Capsicum annuum (Bell pepper),81,8693,GO:0004867,MASSKVGVLTLLLLCVLLVGSNYVESADAKICPQFCEPNIGYMTCPSTGHKKLYPKCINCCKAGKGCKLYRKNGSLRCTGT
120,A0A2G2ZAE0,4072,Capsicum annuum (Bell pepper),84,8812,GO:0004867,MAFCKVGILSLLLVSGIFLLGIEVEFGNAQKMCIQVCDPEVASMTCPSSGDEKINDVCVNCCTAAVGCKLFRSDGSLICTGTLE
121,A0A2G2ZAL9,4072,Capsicum annuum (Bell pepper),109,11832,GO:0004867,MQASSFHQGRHGLSLQGSIIRHYGYAIVDSIFFVMDLSLEGIFLLGIEVEYGNAQKMCLQVCDPEVAYMTCPSSGDEKMSDVCVNCCTAAVGCKLFRSDGSFICTGTPE
122,A0A2G2ZB86,4072,Capsicum annuum (Bell pepper),57,6160,GO:0004867,MERVEGKICPQICFDAAAYMMCPSSGTQKLAPTCNCCLAPQGCSLYYADRTLICTST
123,A0A2G3A0S4,4072,Capsicum annuum (Bell pepper),378,41283,GO:0004867,MAVPKEVCFLASLLVLGILLLHVDAKACSQRNAKEPICTNCCAGRKGCNYYSADGTFICEGESDPNNPKPCTLNCDPRIFYSKCPRSEGNAENRICTNCCAGRKGCNYYSADGTFICEGESDPNNPKPCTLNCDPRIFYSKCPRSEGNAENRICTNCCAGRKGCNYYSADGTFICEGESDPNNPKPCTLNCDPRIFYSKCPRSEGNAENRICTNCCAGRKGCNYYSADGTFICEGESDPNNPKPCPRNCDTRIAYSKCPRSEGNAENRICINCCAGRKGCNYYSADGTFICEGESDPNNPKPCTLNCDPRIFYSKCPRSEASAEQPICTNCCAGLKGCNYYNADGTFICEGESDPNHPKACPKNCDPNIAYSLCLYEK
124,A0A2G3A0T9,4072,Capsicum annuum (Bell pepper),228,25213,GO:0004867,MAAHKEVSFLTYLLVLGLMFLLVSASTKHDHDDDDDHDHDHDHDDDDDDHNPKPPKSCTKECGNFAYGICPRSEGSPKNPICTTCCAGYKGCYYYDANGKLICEGQSDPRKPNKHCSRNCDPKIAYSKCPGRSEGKTIIKPTGCTTCCTGYKGCYYYGKDDKFVCEGESIEPRVCTQECDPRVAYMTCPSTGSTKHTRICVNCCTAKPGCKLYDRNGSQLCTGDPKNH
125,A0A2G3A0U2,4072,Capsicum annuum (Bell pepper),205,22545,GO:0004867,MAVHKEVSFLAFLLVLGILLLHVDAKACSEENAENRICTNCCAGRKGCNYYSADGTFICEGESDPNNPKACPRYCDTRIAYSKXKACSEENAENRICTNCCAGRKGCNYYSADRTFICEGESDPNNPKACPRNCDTRIAYSKCPRSEGNAENRLCTNCCAGRKGCNYYSADGTFICEGESDPNNPKACPRNCDPNIAYSLCLYEK
126,A0A2G3A0X2,4072,Capsicum annuum (Bell pepper),200,21691,GO:0004867,MAVPKEVSFPACLLVLGMFVIANAVELGDDIKVCTMECGNFAYGICPRSEGSPICTNCCSGYKGCNYYSANGTFICEGRSDPRKTNICTQHCDPRVAYSKCPRSGGNTIIKHTECTTCCTGYKGCYYFGHDGKFVCEGQSSEPRACTLECDPKVAYMTCPSSGSTKLTRICVNCCTARVQGCKLYGPDEFLLCTGDPRNY
127,A0A2G3AT01,80379,Capsicum chinense (Scotch bonnet) (Bonnet pepper),331,36506,GO:0004867,MAASKKTKDEQYQTTNEDSNESIQPKIQRKQQTNTAAKKFGAPPRTPYGGALPPVPPSELTAEFDPRSRCLLQNLQSTDMDRTSSXVTTCEIIWLRWLLADMGVHISMPTPLHCDNKSVVQIAKNSVFHERTKHIEIDCHFTRHHLQLGTISLPFVPSSLQIADLFTKAQSASRFRFLCDKLSMLIAVAFSINSKYYRADGTFICEGESDPKNPKGCPRNCDPRIAYSKCPRSQGETLIYPTGCTTCCTGYKGCYYFGKDGKFVCEGESTEPKACTLECDPRVAYMTCPSTGLAKIKDVCVNCCTAGEGCKLYGHNGSLLCTGESQSISTA
128,A0A2G3AT14,80379,Capsicum chinense (Scotch bonnet) (Bonnet pepper),262,28625,GO:0004867,MAVPKEVSFLASLLVLGILLLHVDAKACSQRNAKEPICTNCCAGRKGCNYYSADGTFICEGESDPKNPKPCTLNCDPRIFYSKCPRSEGNAENRICTNCCAGRKGCNYYSADGTFICEGESDPKNPKACPRNCDPRIFYSKCPRSEGNTENRICTNCCAGRKGCNYYSADGTFICEGESDPNNPKPCTLNCDPRIFYSKCPRSEASAEQPICTNCCAGLKGCNYYNADGTFICEGESDPNHPKACPKNCDPNIAYSLCLYEK
129,A0A2G3AT15,80379,Capsicum chinense (Scotch bonnet) (Bonnet pepper),363,40570,GO:0004867,MTGEAPHFQPPLPMLLLSSLVPSFSLFLSQIRIPPRPIHPRNNSPPLQLLAGEFDPKEGPKACPANCDRRIAYSKCPRSQGRRIHYPTGCTNCCTGYKGCYYFGEDGKFVCKGESPEPKICPAICDLTAAYMTCPSSGSIKIKFERNRDGVIGFVDSDFAGDHDKRSQCVIFLTKDQIFHERTKHIDVLYHFVRKIITRGDIVVTKISTHDNPADMITKTLPSAKFEHCLDLISVQNSESAKNASNQRSLDLWNRETKLESPELLPRLLKFALTVALQERVIRLGILLLHVDAKACSEENAENRICTNCCAGRKGCRYYSADGTFICNGESDPNNPKPCTLNCDPRIFYSKCLYEEPKSISAA
130,A0A2G3AW40,80379,Capsicum chinense (Scotch bonnet) (Bonnet pepper),200,21647,GO:0004867,MAVPKEVSFPACLLVLGMFVIANAVELGDDIKVCTMECGNFAYGICPRSEGSPICTNCCSGYKGCNYYSANGTFICEGRSDPRKTNICTQHCDPRVAYSKCPRSGGNTIIKHTGCTTCCTGYKGCYYFGHDGKFVCEGQSSEPRACTLECDPKVAYMTCPSSGSTKLTRICFNCCTARVQGCKLYGHDESLLCTGDPRNY
131,A0A2G3AW51,80379,Capsicum chinense (Scotch bonnet) (Bonnet pepper),197,21658,GO:0004867; GO:0016021,MAAHKEVSFLTYLLVLGLMFLLPPKPCTKECGNFAYGICPRSEGSPKNPICTTCCAGYKGCYYYDANGKLICEGQSDPRKPNKHCSRNCDSKIAYSKCPGRSEGKTIIKPTGCTTCCTGYKGCYYYGKDDKFVCEGESIEPRVCTQECDPRVAYMTCPSDGSTKHTRICENCCTAKPGCKLYDRNGSQLCTGDPKNH
132,A0A2G3AW63,80379,Capsicum chinense (Scotch bonnet) (Bonnet pepper),262,28808,GO:0004867,MAVHKEVSFLAFLLVLGILLLHVDAKACSEENAENRICTNCCAGRKGCNYFSADGTFICEGESDPNNPKACPRYCDTRIAYSKCPRSEASAENRLCTNCCAGRKGCNYYSADGTFICEGESDPNNPKPCPRNCDPRIFYSKCPRSEGNAENRLCTNCCAGRKGCNYYSADGTFICEGESDPNNPKPCPRNCDPRIFYSKCPRSEGNAENFLCTNCCAGRKGCNYYSADGTFICEGESDPNNPKPCPRNCDPNIAYSLCLYEK
133,A0A2G3AW67,80379,Capsicum chinense (Scotch bonnet) (Bonnet pepper),200,21575,GO:0004867,MAVHKEVSFLAFLLVLGIFLLHADAKACTKECGNFAYGICPRSEGSAKEPICTNCCSGYKGCNYYSADGTFVCEGEFDPKEGPKACPANCDPRIAYSKCPRSQGRRIHYPTGCTNCCTGYKGCYYFGKDGKFVCEGESTEPKKCPAICIIDAYMTCPSSGSVKIKVHCGNCCTLREGCKLYRKDGSLICTGEPQISISAA
134,A0A2G3C7G8,80379,Capsicum chinense (Scotch bonnet) (Bonnet pepper),84,8822,GO:0004867,MAFCKVGILSLLLLSGIFLLGIEVEFGNAQKMCIQVCDPEVASMTCPSSGDEKINDVCVNCCTAAVGCKLFRSDGSLICIGTPE
135,A0A2G3C7I2,80379,Capsicum chinense (Scotch bonnet) (Bonnet pepper),84,8928,GO:0004867,MAFCKVGILSLLLLSGIFLLGIEVEYGNAQKMCLQVCDPEVAYMTCPSSGDEKMSDVCVNCCTAAVGCKLFRSDGSFICTGTPE
136,A0A2G3C875,80379,Capsicum chinense (Scotch bonnet) (Bonnet pepper),79,8424,GO:0004867,MAIHRVVFLALLLLSVLLGSRVESAAAKACPRNCDTDIAYMVCPSSGERTIRKVCTNCCAAQKGCKLFRSNGSIKCTGT
137,A0A2G3C896,80379,Capsicum chinense (Scotch bonnet) (Bonnet pepper),128,13712,GO:0004867; GO:0016021,MNFPKSMTSTLGTFSDPRSFSISLLFSLGASIVFAISIISTDSGCRGGSTTFVRKGTLALESCNVATAADDEKSCPRDCISDAAYMVCPTHHGRHKLIESYCDNCCTLPGNCKLFKENGDLICTGTDY
138,A0A2G3C8B9,80379,Capsicum chinense (Scotch bonnet) (Bonnet pepper),81,8629,GO:0004867,MAISKIGILSLLLFSVVILLGISNMEKVEGKICPQICFDAAAYMMCPSSGTQKLAPTCNCCLAPQGCSLYYADRTLICTST
139,A0A2G3CKE7,80379,Capsicum chinense (Scotch bonnet) (Bonnet pepper),83,9056,GO:0004867,MAFYKVGILSLLLLSGIFLLGIQVEYTSAKSCLQFCDNEVAYMTCPSSRDEQISPVCVNCCTANEGCKLFRKNGSLICTGTQD
140,A0A2G9G672,429701,Handroanthus impetiginosus,77,8199,GO:0004867,MAPSAGLRFQLLSILIYACVISVGINMVSSKACPLYCLDVVSMTCNGTEVNFTRCNCCLAPKGCTLHLADGRSVYCS
141,A0A2G9G784,429701,Handroanthus impetiginosus,77,7992,GO:0004867,MAPSAGSRLQFLTILIYGILLVGINIVSSVKACPLYCLDVVSMTCNGTEVNFTSCNCCLAPKGCTLHLADGGSVYCG
142,A0A2G9H7E3,429701,Handroanthus impetiginosus,77,8312,GO:0004867; GO:0016021,MAPSARLRFQLLSILIYACVISVGINMISSKACPLYCLDVVSMTCNGTEVNFTRCNCCLAPKGCTLHLADGRSVYCS
143,A0A2I0AC47,1088818,Apostasia shenzhenica,82,8879,GO:0004867,MGSPKLSLGLMLILCGIILQCEVEEIKGALACPLYCLDVKYMTCTSSGGERLPGRCNCCLAPKGCTLHLTDGTTRFCVRYFP
144,A0A2I0XG42,906689,Dendrobium catenatum,168,18453,GO:0004867,MKANSPYSEAGLANELKSSQILGKKNGQNSNLAATARRFLPSEIHLISVQIKIKTKSFTEIIITRKDRYNSASLYIQEAKLLTKNHQRRQMGLPKPSLALMLLLCGMILLSDLQEIKGAVACPQYCLDVDYMTCASSGDEKLAARCNCCLAPKGCTLHLVDGQNVYCA
145,A0A2I4FPH4,51240,Juglans regia (English walnut),87,9506,GO:0004867,MAKYMSFGLTVLLLVYGAILLGSINPQIKIFMIMSVKACPLYCLDVEYMTCQSSGEKKLNPSCNCCLAPKNCTVHLVDGTSIYCKGN
146,A0A2K1WRD3,3694,Populus trichocarpa (Western balsam poplar) (Populus balsamifera subsp. trichocarpa),76,7820,GO:0004867; GO:0006979,MGGARLAASAVVLLVLVLLGASGGNLIAKACPLYCLDVDYMTCESSGDKKLNSACNCCLAPKNCTLHLADGRMVQC
147,A0A2N9F3Z0,28930,Fagus sylvatica (Beechnut),1643,181670,GO:0003676; GO:0004523; GO:0004867,MNPEEMSAKACPLYCLDVEYMTCQSSGEKKLNPKCNCCLAPKNCTLHLVDGNSLELVPPLQGLQLATSLPPVGLLGGGVAAEMAEELEVLCRRLHLSDREKLHTRLRQDPVAQSHLEAKHSLLFKLLSTRPFNGMALLHYVRSLWASPNGMTIREIEDNLFMAVFQVEADLERIIVQSPWTFDKKLIHIVRLVGDIQPREVKFQYSAFWIHILNLPIKSMIREVGEDIGNGIGRFIEADVPEDGIGWGRYLRIRVDIDISLPLFRGKILEGVDGSPFWVDFQYEHLPTFCYQCGLLGHGGSEFIVGRGLSDKMVDGASDLYGSWLRAPPHQKTVSSRNRVSNTASAPLRRPHVAPARGNSRSSDSVPVGVFSFTARAKVVNNPVSQEPDSPKSMPGVQGGDNARSPRLDANGFKPVGFQVDDTMVGESQLFHAKTKGFGTSACGESFVKKTVGSDDVGESSTNISHAPVAMPPVSTPGGTPPVEVKGKSTSPHLGTWKKRARAQAGTGVSTPTRVTRTGKRPLQAGESDLHGLGIGSRSHKKHIKGGKADSVLVVDPETVEATEQPRRHGFGGGLALLWDGSVSLHVKSYSNFHIDVEVLNNDGLRWRMTGFYGHPEVGLRPNTWALLRQLGGLSSSPWMVLGDFNEIMSLDEQAGRGDKSLTQMGAFRNAVADCALQDLGFHGPDFTWSNKRRGAALVRVRLDRALANSDWLQLFPTAFVSHVVVVNSDHMGVMVDFQPAQCNPCPRRRKLFRFDHTWIREDGCEEVIREAWCAHTSGIHMFRLSNKIKQCRMHLLQWSKSQVRLNPHLIASKRTQLLELENQPEEYYDGGAVNALRRELSRLMGKEEVFWRQRSRVLWLKGGDRNTSFFHESASQRKKVNTIVGLRDLNDVWQTDLGSVERIAVAYFNNLFTSYIPSAVGGVVQYVDSVVTPDTNADLMRPFTHDEVKIALFQMHHSKAPGPDGWANVQMAAKLDMSKAYDRVEWEYLKAILLKLGFHERWVQLVMTCVTSATYSIMINALLRKAEKDSLIKGISICRGGPRISHLFFADDSIIFCKATVSECSALQDILYLYERASGQMINTGKTALFFSHNTPPNTRSAITNLFGTSVTTQFEKYLGLPPVIGRSKKGAFNDIKDRVHRRLQGWKEKLLSQAGRKVLIKAVIQAIPTYAMSCFKFPASLCEELSSMATGFWWGRKNGERKIHWLSRKKFLTSKKEGGMGFRDLQLFNDALLARQGYGGINGCLVQSLTVVTSPPTILSESATVDQLIHSDSMTWNKELISQIFCTRDAEMILSIPLSRRCPRDSLIWHGTRNGSFSVKSAYHVLFSLSNRQEPSSSSGSRDMSRFWASVWSAQVPPKVRLFIWKACKGILPTRVRLFARKITSSSVCPWCLEEAETVIMFCGGAICQKVWMAVSFSGLSRFSDEMGFLDVVGGVVTDFPSPAVEVFLTTAWAIWNARNATIWENKTPIVDEICQGAAALAIAFLEEGANDSEGAQALYSADVVGVGILIRDSMGLVVAVLETTVVGSGDMTQVQATAIGTALQFAFDIGLRNLVVEMGCQELLSLIQRGTPCGAPCGVLVDDICWWIPSFYVLSFSFIPKLCNKAAIALAAEALSSGSVQVWLDDQPDCVTSFVLADLA
148,A0A2P4JMZ0,58331,Quercus suber (Cork oak),78,8330,GO:0004867,MENMEGHKIGIMVLLFCGTILLGVNPTNAAKPCPDICLDYAYMTCPSSGNQKLDPACNCCFAPGCTLYLPDGTSTYCN
149,A0A2P4JMZ9,58331,Quercus suber (Cork oak),80,8316,GO:0004867,MAGNKVGVIYLLLLSSAILLVFNPEIASAKVCPQYCTQDAGYMTCPSSGNKQLNPPCNCCLAPKGCTVYHADGTAICTGT
150,A0A2P4JN08,58331,Quercus suber (Cork oak),66,6923,GO:0004867,MVILICGAILLGSVVNPTNACPQYCLDYAYMTCPSSGSQKLDPACNCCLAQGCTLYLADGTSTYCD
151,A0A2P4LIH7,58331,Quercus suber (Cork oak),80,8320,GO:0004867,MAGNKVGVMYLVLLSSAILLVFNPEIASAKVCPQYCTQDAGYMTCPSSGNKQLNPPCNCCLAPKGCTVYHADGTAICTGT
152,A0A2P5BLP1,3476,Parasponia andersonii (Sponia andersonii),78,8239,GO:0004867,MAATNKLSVILPLLVIAATLVALQPENVAGKVCPQFCLDAEYMTCGSSDERLNPSCNCCLAPQGCTLYFSDGTSQYCA
153,A0A2P5EHN1,63057,Trema orientale (Charcoal tree) (Celtis orientalis),78,8146,GO:0004867,MAATNKLSVILPLLVIAATLVALQPENVAGKVCPQLCLGAEYMTCGSSDERLNPSCNCCLAPQGCTLYFSDGTSQYCA
154,A0A2P6PET4,74649,Rosa chinensis (China rose),79,8284,GO:0004867,MARDKSMGAIVLLLICGSILLGMNPTEAKVCIQICYEAAYMTCPSSGSTHLSPSCNCCLAPEVGCKIYNSDGTQICTST
155,A0A2P6PET9,74649,Rosa chinensis (China rose),83,8795,GO:0004867,MCMHVHKGFCSIMRVDVYAGSIILGGIPTEAKVCPLICYDVAAYMTCPSSGNEHLSPLCNCCLASEPGCAIYLSDGTRLCTST
156,A0A2P6PEU3,74649,Rosa chinensis (China rose),87,9154,GO:0004867,MCMHVHKGFCSIMRVDVYAGSIILGGIPTEAKVCPLICYDAAAYMTCPSSGNEHLSPLCNCCLASEPGCALDLSDGTRLDASVLVLE
157,A0A2P6PEV5,74649,Rosa chinensis (China rose),79,8200,GO:0004867,MATDKSMGAIVLLLVCGSILLGMSPTEAKVCPQICYEAAYMTCPSSGSTHLSPSCNCCLAPEVGCKIYNSDGTRICTST
158,A0A2P6PEW5,74649,Rosa chinensis (China rose),77,8108,GO:0004867,MARDKSMGAIVLLLVCGSILLGMSPTEACPQFCYEAAYMTCPSSGSTHISPSCNCCLAPQVGCKIYYSDGTLICTKT
159,A0A2S3HWR8,206008,Panicum hallii,78,8119,GO:0004867,MAASRVHITCALLLIGAVLLGQGQEGMEGAVACPQYCLEVDYVTCPSSGAEKLPARCNCCMTPKGCTLHLSDGTQQTC
160,A0A2T7C1D4,1504633,Panicum hallii var. hallii,82,8688,GO:0004867,MATIKLALPVALLLCGLMVIGCSVQSAEAKPGRMCAMYCLDAKYMTCPPKDTEQLPPACNCCVAEKRGCTIYLSNGGVEKCP
161,A0A2T7C1D7,1504633,Panicum hallii var. hallii,65,6966,GO:0004867,MVIGCSVQSAEAKPGRMCAMYCLDAKYMTCPPKDTEQLPPACNCCVAEKRGCTIYLSNGGVEKCP
162,A0A2T7DPK9,1504633,Panicum hallii var. hallii,78,8168,GO:0004867,MAASRVHITCALLLIGAVLLGQGQEGMEGAFACPQYCLEVDYVTCPSSGAEKLPARCNCCMTPKGCTLHISDGTQQTC
163,A0A2T7DPN3,1504633,Panicum hallii var. hallii,81,8372,GO:0004867,MCTVGCLCLTMMAAILAAGAVLLGQGQEGMEGAFACPQYCLEVDYVTCPSSGAEKLPARCNCCMTPKGCTLHISDGTQQTC
164,A0A2Z7C1T8,472368,Dorcoceras hygrometricum,60,6434,GO:0004867,MFLLGMNESVVRVMACPLYCLDVEYMTCNGTKVTPGRCNCCLAPKGCILHLSDGTSVNCG
165,A0A314KVL0,49451,Nicotiana attenuata (Coyote tobacco),88,9486,GO:0004867,MATSEVGILTPLFLCVLLLGSTDVEYAEGKICRPKYCDPRVSYMSCPPSGAAPKEFFQFVTCYNCCELEPGCKLFDAAGSVLCTGISQ
166,A0A314KX99,49451,Nicotiana attenuata (Coyote tobacco),80,8419,GO:0004867,MAIHRVAFLALLLLSGAVLLGNKVECADGKACTRNCDPDVAYMVCPSTGQRITKPCVNCCSARKGCKLFHSNGSVKCTGT
167,A0A314Y0L5,2094558,Prunus yedoensis var. nudiflora,81,8292,GO:0004867,MAADKNIGAMVLLLVCGSILLLAINPTEAKVCNKICYGAAAYMTCPSSGNTQLDPVCNCCLAPALGCTLYESDGTPICTST
168,A0A328D7B9,267555,Cuscuta australis,82,9311,GO:0004867,MRGTDFVTPPSVTKWAFHGENGVRVNADEIYCSDYCNPIVAYMRCPPNDTRFEDVCKNCCNIKNQPQYKGCHLFQANGTLIC
169,A0A328DK31,267555,Cuscuta australis,58,6232,GO:0004867,MGKNVDAQAAGCPRNCDPDAAYIKCPPNPKKTEAGCTNCCVSTSRGCRLYYSNNTRLC
170,A0A328DMQ9,267555,Cuscuta australis,86,9376,GO:0004867,MALSNKIGFFIILLVCGMILEGKNGNAETICTLECNTKAVYIRCLPDKKKTKIGSGGCTNCCVSRKRGCQLYDSNDRRLCAPLIAN
171,A0A328EAU2,267555,Cuscuta australis,59,6612,GO:0004867,MGNNVEQVNAQICTQECNPNAAYMICQPNNKKTKNVCTNCCKIQNTRCHIYTSKDGLIC
172,A0A368SF18,4555,Setaria italica (Foxtail millet) (Panicum italicum),90,9572,,MVIGCSIQSAEAKPGRVCAMYCLNGTYMTCPPKDPEKLPPACNCCLAKKRGCTIYLSDGGAVSGEMPMESLIMKSKSKNEIDSCCLARTA
173,A0A371H7D0,157652,Mucuna pruriens (Velvet bean) (Dolichos pruriens),77,7971,,MAFNKVGVILLVFVCGAIVLGGNNEKVVACPQICYEAAYMTCPSSGDQHLTPACNCCIASTGCTLYNEDGTSICTAT
174,A2XLR0,39946,Oryza sativa subsp. indica (Rice),82,8637,GO:0004867,MASIKLALPMALLLCGLMVIGSIQSAEAQGGKFCPQFCYDGLEYMTCPSTGSQHLKPACNCCIAGEKGCVLYLNNGQVINCT
175,A3FMA3,4577,Zea mays (Maize),78,8091,GO:0004867; GO:0006979,MAASKFYVASCALLLIGVVLLGQQGIDGAVACPQFCLDVDYVTCPSSGSEKLPARCNCCMTPKGCTLHLSDGTQQTCS
176,A7TUH6,49451,Nicotiana attenuata (Coyote tobacco),47,5202,GO:0004867,MAVHRVSFLALLLLFGMSLLVSNVEHADAKACPRNCDGRIAYEICPR
177,B0FZ75,4113,Solanum tuberosum (Potato),152,16906,GO:0004867,MAIHKVALLPVFGMILLASDFEHANAKKCDPRIDFGICPYLGTKKVDGICINCCSGFKECKYFSKDYTFICDGESKDWESRKACSKECDRRIEIGICVTDLTKTVNGLCTTCSAGKKGCKYFNNNGTYICDGEYEWLSEGENDLQKSNVAIS
178,B3F0C1,4097,Nicotiana tabacum (Common tobacco),396,43274,GO:0004867,MAVHKVSFLALVLLFGMSLLVSNVEHADAKACPFNCDPRIAYGVCPRLEEDKNNQICTNCCAGTKGCNYFSADGTFICKGQSDPRNPKACPRNCDPRIAYGVCPRLEEKKDNQICTNCCAGTKGCNYFSADGTFVCKGQSDPRNPKACPRNCDPRIAYGVCPRSEEKKDNQICTNCCAGTKGCNYFSADGTFFCKGQSDPRNPKACPPNCDSRIDYGVCPRSEEKDNQICTNCCAGTKGCNYFSADGTFVCKGQSDPRNPKACPRNCDPRIAYRVCPRSEEKEDNQICTNCCAGTKGCNYFSANGTFVCKGQSDPRNPKACPRNCDPRIAYGVCPRSEEEKNNQICTNCCGGTKGCNYFSANGTFICEGESEYVSKVDEYVREVENDLQKSKVAVS
179,B6SSS5,4577,Zea mays (Maize),78,8006,GO:0004867,MAASKFYVASCALLLIGVVLLGQQGIVGAVACPQFCLDVDYVTCPSSGSEKLPASCNCCMTPKGCTLHLSDGTQQTCS
180,B9IQG0,3694,Populus trichocarpa (Western balsam poplar) (Populus balsamifera subsp. trichocarpa),78,7976,GO:0004867,MGGARLAASAVVLLVLGVVLLGASGGNLIAKACPLYCLDVDYMTCESSGDKKLNSACNCCLAPKNCTLHLADGRMVQC
181,B9S759,3988,Ricinus communis (Castor bean),75,8011,GO:0004867,MATYKVALALLLLYGAISLQATSGKACPLYCLDVEYMTCQSSGDEKLNPSCNCCLAPKNCTLHLSDGTSLFCKPN
182,C0SKK6,4113,Solanum tuberosum (Potato),152,16973,GO:0004867,MAIHKVALLLVFGMILLASDFEHADAKECDPRIDFGICPYLGTKKVDGICINCCSGYKECKYFSKDYTFICDGESKDWQSRKACSKECDRRIEFGICVTDLTKTVNGLCTTCSAGKKGCKYFNNNGTYICDGEYEWLSEGENDLQKSNVAIS
183,C5WLW2,4558,Sorghum bicolor (Sorghum) (Sorghum vulgare),91,9626,GO:0004867,MATIKACSSRLVPVALLLCGLIVMGSISGLEAKDKDGKVCIETCQEAYYMTCPSTGNAKLNPACNCCLASLKEDGCTIYLKDGTVEKCPRT
184,C5XFQ3,4558,Sorghum bicolor (Sorghum) (Sorghum vulgare),77,8058,GO:0004867,MAASRFYVTCALLLIGVVLLGQQGIEGAVACPQYCLEVDYVTCPSSGSEKLPARCNCCLAPKGCTLHLSDGTQQTCS
185,D2CGQ2,4072,Capsicum annuum (Bell pepper),146,16040,GO:0004867,MAVPKEVSFLAFLLVLEILLLHVDAKACSEENAENRICTNCCAGRKGCNYYSADGTFICEGESDPNNPKACPRYCDTRIAYSKCPRSEGNAENRLCTNCCAGRKGCNYYSADGTFICEGESDPNNPKACPRNCDPNIAYSLCLYEK
186,D2CGT3,4072,Capsicum annuum (Bell pepper),146,15899,GO:0004867,MAVPKEVSFLASLLVLGILLLHVDAKACSQRNAKEPICTNCCAGRKGCNYYSADGTFICEGESDPNNPKPCTLNCDPRIFYSKCPRSEGNAENRLCTNCCAGRKGCNYYSADGTFICEGESDPNNPKACPRNCDPNIAYSLCLYEK
187,D2CGT4,4072,Capsicum annuum (Bell pepper),146,15991,GO:0004867,MAVPKEVSFLAFLLVLEILLLHVDAKACSEENAENRICTNCCAGRKGCNYYSADGTFICEGESDPNNPKACPRNCDTRIAYSKCPRSEGNAENRLCTNCCAGRKGCNYYSADGTFICEGESDPNNPKACPRNCDPNIAYSLCLYEK
188,D2CGT5,4072,Capsicum annuum (Bell pepper),146,15991,GO:0004867,MAVPKEVSFLAFLLVLEILLLHVDAKACSEENAENRLCTNCCAGRKGCNYYSADGTFICEGESDPNNPKACPRNCDTRIAYSKCPRSEGNAENRLCTNCCAGRKGCNYYSADGTFICEGESDPNNPKACPRNCDPNIAYSLCLYEK
189,D2CGT6,4072,Capsicum annuum (Bell pepper),146,16086,GO:0004867,MAVPKEVSFLAFLLVLEILLLHVDAKACSEENAENRICTNCCAGRKGCNYYSADGTFICEGESDPNNPKACPRYCDTRIAYSKCPRSEGNAENRLCTNCCAGRKGCNYYSADGTFICEGESDPNNPKACPRNCDTRIAYSLCLYEK
190,D2CGT7,4072,Capsicum annuum (Bell pepper),146,15919,GO:0004867,MAVPKEVSFLAFLLVLEILLLHVDAKACSEGNAENRLCTNCCAGRKGCNYYSADGTFICEGESDPNNPKACPRNCDTRIAYSKCPRSEGNAENRLCTNCCAGRKGCNYYSADGTFICEGESDPNNPKACPRNCDPNIAYSLCLYEK
191,D2CGT8,4072,Capsicum annuum (Bell pepper),146,15788,GO:0004867,MAVPKEVSFLASLLVLGILLLHVDAKACSQRNAKEPICTNCCAGRKGCNYYSADGTFICEGESDPNNPKPCTLNCDPRIFYSKCPRSEASAEQPICTNSSAGLKGCNYYNADGTFICEGESDPNHPKACPKNCDPNIAYSLCLYEK
192,D2CGT9,4072,Capsicum annuum (Bell pepper),88,9683,GO:0004867,MAVPKEVSFLAFLLVLEILLLHVDAKACSEENAENRLCTNCCAGRKGCNYYSADGTFICEGESDPNNPKACPRNCDPNIAYSLCLYEK
193,D2CGU0,4072,Capsicum annuum (Bell pepper),88,9655,GO:0004867,MAVPKEVSFLAFLLVLEILLLHVDAKACSEENAENRICTNCCAGRKGCNYYSADGTFICEGESDPNNPKACPKNCDPNIAYSLCLYEK
194,D2CGU1,4072,Capsicum annuum (Bell pepper),88,9511,GO:0004867,MAVPKEVSFLASLLVLGILLLHVDAKACSQRNAKEPICTNCCAGLKGCNYYNADGTFICEGESDPNHPKACPKNCDPNIAYSLCLYEK
195,D2CH22,4072,Capsicum annuum (Bell pepper),133,14597,GO:0004867,MAVPKEVSFLAFLLVLEENAENRLCTNCCAGRKGCNYYSADGTFICEGESDPNNPKACPRNCDTRIAYSKCPRSEGNAENRLCTNCCAGRKGCNYYSADGTFICEGESDPNNPKACPRNCDPNIAYSLCLYEK
196,D7KZ92,81972,Arabidopsis lyrata subsp. lyrata (Lyre-leaved rock-cress),82,8792,GO:0004867; GO:0006979; GO:0016021,MASIYKIWVMSLIVAGAILGGVIPGVTTTKTAIACPLYCLQVEYMTCRSSGEEKLPPKCNCCLAPKNCTLHLSDSTSIHCNK
197,D7TGT1,29760,Vitis vinifera (Grape),78,8329,GO:0004867; GO:0006979,MGNMKFSVFVLLLVCGVVLLGETSKSFGAKACPLYCLDVDYMTCVSSGEEKLTAPCNCCLAPKQCTLHLVDGSEVQCD
198,D8QVL0,88036,Selaginella moellendorffii (Spikemoss),230,24199,GO:0004867,MAASFLFLTILSFQLLLISAAGSHRLQVCSDAVVTLDECSNCCALKAGCIYLEPGTGSPVCLGGTSASRLCPLICEPPKIKVCPSRGTNQIPISVLPPDKEPSNGCHLYNLKTGAPLPVNGDDKSCLKDAVEICGGTVHPWTPGSCATCCTIPQGCLDLGHGKSICVSGPGKVCTRECGFVSYVCPGPKSVALDFNSCHTCKKPLREGCKLYNRQGHQLCVKEDDLLQLA
199,D8QVL2,88036,Selaginella moellendorffii (Spikemoss),233,24618,GO:0004867,MAASFLFLTILSFQLLLISADDFAASGHRLQVCSDAVVTLDECSNCCTLEPGCIYLEPGTGSPVCLGGTSPARACLPICLPPKIKVCPSRWTNQIPISVLPPGKEPSNGCHLYNLKTGAPLPNGDDNSCLKDAVEICGGTVHPWKPGSCATCCSIPQGCLDLGHGKSICVSGPDKTCTFKCGSASYVCPGPKSVALDFNSCHTCRKPLKEGCKLYNRQGHQLCVKEDDLLQLV
200,D8QVP9,88036,Selaginella moellendorffii (Spikemoss),230,24225,GO:0004867,MAASFLFLTILSFQLLLISAASSHRLQVCSDAVVTLEECSNCCALKAGCIYLEPGTGSPVCLGGTSPFRPCPLICQPPKIKVCPSPGTNQIPISVLPPDKEPSNGCHLYNLKTGAPLPVNGDDKSCLKDAVEICGGTVHPWTPGSCATCCTIPQGCLDLGHGKSICVSGPGKVCTRECGFVSYVCPGPKSVALDFNSCHTCKKPLKEGCKLYNRQGHQLCVKEDDLLQLA
201,D8RWY6,88036,Selaginella moellendorffii (Spikemoss),123,12990,GO:0004867,MMKGLGCFVLLLALSPCILAAVCPQYCIASADYVICESPSPAKKMKLAVSCAVVLLLVSYQCELVPACPQYCLSDADYVICNSPVPAKYPVSCGNCCFARSAVGSSKDCSIHFTDGRLQACGF
202,D8SAC0,88036,Selaginella moellendorffii (Spikemoss),233,24575,GO:0004867,MAASFLFLTILSFQLLLISADDFAASGHRLQVCSDAVVTLDECSNCCTLEPGCIYLEPGTGSPVCLGGTSPARACLPICLPPKIKVCPSRWTNRIPISVLPPGKEPSNGCHLYNLKTGAPLPNGDDNSCLKDAVEICGGTVHPWKPGSCATCCTIPQGCMDLGHGKSVCVSGPGKACTLECGFASYVCPGPKSVALDFNSCHTCKKPLREGCKLYNRQGHQLCVKEDDLLQLA
203,D8SAC2,88036,Selaginella moellendorffii (Spikemoss),233,24532,GO:0004867,MAASFLFLTILSFQLLLISADDFAASSHRLQVCSDAVVTLDGCSSCCALEAGCIYLEPGTGSPVCLGGTSPFRPCPLICHPPKIKVCPSRGTNRIPISVLPPDKEPSNGCHLYNLKTGAPLPNGDDNSCLKDAVEICGGTVHPWKPGSCATCCTIPQGCMDLGHGKSVCVSGPGKACTLECGFASYVCPGPKSVALDFNSCHTCKKPLREGCKLYNRRGHQLCVKEDDLLQLA
204,D8SAC5,88036,Selaginella moellendorffii (Spikemoss),230,24199,GO:0004867,MAASFLFLTILSFQLLLISAAGSHRLQVCSDAVVTLDECSNCCALKAGCIYLEPGTGSPVCLGGTSASRLCPLICEPPKIKVCPSRGTNRIPISVLPPDKEPSNGCHLYNLKTGAPLPVNGDDKSCLKDAVEICGGTVHPWTPGSCATCCTIPQGCLDLGHGKSICVSGPGKVCTRECGFVSYVCPGPKSVALDFNSCHTCKKPLKEGCKLYNRQGHQLCVKEDDLLQLA
205,E9JGS8,4112,Solanum nigrum (Black nightshade),147,16195,GO:0004867,AVHKVSFLACLLVLGWMFLLAKHVDAKACTRECGHFSYGICPRSEGSPEKPICTNCCSGYKGCNYYSAKGDLICEGESDPRNPNDCTFECDTQIAYSKCPRSEGKMIIKPTGCTTCCTGYQGCYYFDQDGDFVCEGESPEPKTTAYY
206,E9JGT0,4112,Solanum nigrum (Black nightshade),155,16978,GO:0004867,MAIYKVALLLLFGMIVLGSNADGKPCTRECDTRIAYGICPLSETKRINQICTNCCAGKKGCMYFSNDGTFICEGESEYVSEVPVDNKPCPRNCDGRIAYGICPLSENKRINQICTNCCAGKKGCLYFSNDGTFICEGESEYVSENDLQKIKVAIS
207,E9JGT1,4112,Solanum nigrum (Black nightshade),174,19125,GO:0004867,CDTRIDYGICPVSETKRINQICTNCCAGKKGCMYFSDDGTFICEGESEYVSEVPVDNKPCPRNCDGRIAYGICPLSETKRINQICTNCCAGKKGCMYFSNDGTFICEGESEYVSEVPVDNKPCPRNCDGRIAYGICPLSENKRINQICTNCCAGKKGCLYFSNDGTFICEGESE
208,I1HDV9,15368,Brachypodium distachyon (Purple false brome) (Trachynia distachya),79,8330,GO:0004867; GO:0006979,MAASRFHIACALLLFGAVLLGQDGKAGMEAVACPQYCLEVEYTTCPSSGSEKLPARCNCCMAPKGCTLHLSDGTKQTCR
209,I1PF65,4538,Oryza glaberrima (African rice),82,8637,GO:0004867,MASIKLALPMALLLCGLMVIGSIQSAEAQGGKFCPQFCYDGLEYMTCPSTGSQHLKPACNCCIAGEKGCVLYLNNGQVINCT
210,I3QHE9,4081,Solanum lycopersicum (Tomato) (Lycopersicon esculentum),148,16597,GO:0004867,MAVHKEVYFVAYRLIVLGMFLYVDAKACTRECGNLGFGICPRSEEKVPALIPHIAFNWLATREIYNSFGKFICEGESDPKRPNACTFNCDPNIAYSRCPRSQGKSLIYPTGCTTCCTGYKGCYYFGKDGKFVCEGESDEPKANMYPVM
211,I3QHF0,4081,Solanum lycopersicum (Tomato) (Lycopersicon esculentum),148,16308,GO:0004867,MAVQQEVNFVAYLLIVHGMFLYVDAKACTRECGNLGFGICPRSEGSPLNPICINCCSGYKGCNYYNSFGKFICEGESDPKRPNACTFNCDPNIAYSRCPRSQGKSLIYPTGCTTCCTGYKGCYYFGKDGKFVCEGESDEPKANMYPVM
212,I3QHF1,4081,Solanum lycopersicum (Tomato) (Lycopersicon esculentum),148,16351,GO:0004867; GO:0016021,MPVHKEVNFVAYLLYVLGMFLYVDAKACTRECGNLGFGICPRSEGSPLNPIFINCCSGYKGCNYYNSFGKFICEGESDPKRPNACTFNCDPNIAYSRCPRSQGKSLIYPTGCTTCCTGYKGCYYFGKSGKIVCEGESDEPQANMYPVM
213,I3S093,3880,Medicago truncatula (Barrel medic) (Medicago tribuloides),80,8368,GO:0004867,MALKVGTILLVFVCGAILSGGNLKNVDAQKICPQFCYDSVAYMTCPSSGDQHLTPKCNCCLASTGCILYEADGTPICTAD
214,I6Q7H6,4081,Solanum lycopersicum (Tomato) (Lycopersicon esculentum),148,16277,GO:0004867,MAVHKEVNFVAHLLIVLGMFLYVDAKACTRECGNLGFGICPRSEGSPLNPIFINCCSGYKGCNYYNSFGKFICEGESDPKRPNACTFNCDPNIAYSRCPRSQGKSLIYPTGCTTCCTGYKGCYYFGKDGKIVCEGESDEPQANMYPVM
215,I7AXR4,4146,Olea europaea (Common olive),78,8456,GO:0004867,VSKVGIFTLLLICGLFFLGSNVNYAEAETKICTKECLNVGYMICPSSGPQKLHPSCTNCCRAQKGCKLYRSDGTLICT
216,J3LSK1,4533,Oryza brachyantha,114,12126,GO:0004867,MASIKPALPMALLLCGSCIFLFLELISIALGLSRKMMLILFSEISPGLVLIGSLQSTEAQGGGKICPQFCYDGIEYMTCPSTGSQRLKPVCNCCLADENGCAIYLNNGQVVNCP
217,J7EN93,4113,Solanum tuberosum (Potato),154,16637,GO:0004867,MDVHKEVNFVAYLLIVLGLLVLVSAMEHVDAKACTLECGNLGFGICPRSEGSPENRICTNCCAGYKGCNYYSANGAFICEGESDPKNPNVCPRNCDTNIAYLKCLRSEGKSLVYPAGCTTCCTGYKGGYYFGKNGKFVCEGESDEPKANMYPAM
218,J7EN94,4113,Solanum tuberosum (Potato),154,16701,GO:0004867,MDVHKEVNFVAYLLIVLGLLVLVSAMEHVDAKACTLECGNLGFGICPRSEGSPENRICTNCCAGYKGCNYYSANGAFICEGESDPKNPNVCPRNCDTNIAYSKCLRSEGKSLIYPTGCTTCCTGYKGCYYFGKNGKFVCEGESDEPKANMYPAM
219,J7ENS8,4113,Solanum tuberosum (Potato),137,14793,GO:0004867,MDVHKEVNFVAYLLIVLGLLVLVSAMDHVDAKACTLECGNLGFGICPRSEGSPENRICTNCCAGYKGCNYYSANGAFICEGQSDPKKPKACPLNCDPHIAYSKCPRSEGKSLIYPTGCTTCCNVTLDLSIFWIGQLN
220,J7EQ13,4113,Solanum tuberosum (Potato),154,16660,GO:0004867,MDVHKEVNFVAYLLIVLGLLVLVSAMEHVDAKACTLECGNLGFGICPRSEGSPENRICTNCCAGYKGCNYYSANGAFICEGQSDPKKPKACPLNCDPHIAYSKCPRSEGKSLIYPTGCTTCCTGYKGCYYFGKNGKFVCEGESDEPKANMYPAM
221,J7EQ14,4113,Solanum tuberosum (Potato),154,16631,GO:0004867,MDVHKEVNFVAYLLIVLGLLVLVSAMEHVDAKACTLECGNLGFGICPRSEGSPENPICTNCCAGYKGCNYYSANGAFICEGQSDPKKPKACPLNCDPHIAYSKCPRSEGKSLIYPTGCTTCCTGYKGCYYFSKNGKFVCEGESDEPKANMYPAM
222,J7EQ45,4113,Solanum tuberosum (Potato),148,16267,GO:0004867; GO:0016021,MDVHKEVSFVAYLLIVLGMFLYVDALGCTKECGNLGFGTCPRSEGSPTNPICINCCSGYKGCNYYSAFGRFICEGESDPKNPNVCPRNCDTNIAYSKCLRSEGKSLIYPTECTTCCTGYKGCYYFGKNGKFVCEGEIDEPKANMYPAM
223,J7EQ46,4113,Solanum tuberosum (Potato),147,16097,GO:0004867; GO:0016021,MDVHKEVSFVAYLLIVLGMFLYVDALGCTKECGNLGFGICPRSEGSPTNPICINCCSGYKGCNYYSAFGRFICEGESDPKNPKACPLNCDTNIAYSRCPRSEGKSLIYPTGCTTCCTGYKDCYYFDKNGKFVCEGESDEPKAYMSTA
224,K4AKH4,4555,Setaria italica (Foxtail millet) (Panicum italicum),92,9851,GO:0004867,SNRTCPPSKLALPVTFLLCGLMVIGCSIQSAEAKPGRVCAMYCLNGTYMTCPPKDPEKLPPACNCCLAKKRGCTIYLSDGGALYCMGRLLQE
225,K4BEX5,4081,Solanum lycopersicum (Tomato) (Lycopersicon esculentum),207,22653,GO:0004867,MALHKDVTFLASLLVLGLMFLHVSAEIDQGRDIINPKPCTRECGNFSYAICPRSEGSPKSPICTTCCAGYKGCKYYNANGTFICEGQSDPRKPNEHCPKECNRKIAYSKCPHSEGPTKIIPTKCTTCCTGYKGCYYYGKDNKFVCEGQSNEPKVCTQQCDPKVAYMTCPPESTKLTRVCVNCCTAKPGCKLYGHDGSLICIGGVKPH
226,K4BEX6,4081,Solanum lycopersicum (Tomato) (Lycopersicon esculentum),207,22682,GO:0004867,MALHKDVSFLASLLVLGLMFLHVSAEIDQGRDIINPKPCTRECGNFSYAICPRSEGSPRTPICTTCCAGYKGCKYYNANGTFICEGQSDPRKPNEHCPKECDRKIAYSKCPHSEGPTKIIPTKCTTCCTGYKGCYYYGKDNKFVCEGQSNEPKVCTQQCDPKVAYMTCPPESTKLTRVCVNCCTAKPGCKLYGHDGSLICIGGVKPH
227,K4BEX7,4081,Solanum lycopersicum (Tomato) (Lycopersicon esculentum),201,21370,GO:0004867,MAVYKVSFLAHLLVLGMYLLVSTVEHANACTKECGNLGYGICPGSEGSPENPICTNCCSGYKGCNYYNANGTFICEGTSDPKNPNICPSYCDPQIAYSKCPRSEGKTIIYPTGCTTCCTGYKGCYYFGQDGEFVCEGESIEPKGCTKECDPRVAYMTCPSSGLAKLNQVCVNCCSAGEGCKLYDNDGSLLCTGEPQSISTA
228,K4BEX8,4081,Solanum lycopersicum (Tomato) (Lycopersicon esculentum),206,22018,GO:0004867,MAVHKQVSFLAYLLLVVGLLLLVSAVEHVDAKPCTMECGHLGFGICPRSQGSPQNPICTNCCSGFKGCNYYSVNGTFICEGQSDPRKPKPCPLNCDPHIAYSKCPRSGGKTFIYPTGCTTCCTGYKGCYYFGKDGKFVCEGESDEPKACTMECDPRVAYMICPSSGLAKLSQVCVNCCTAGDGCKLYGYDGSLICTGEPQSYISTA
229,K4BEX9,4081,Solanum lycopersicum (Tomato) (Lycopersicon esculentum),159,17145,GO:0004867,MAVHKQVSFLAYLLLVLGLLLLVSAVEHVDAKPCTKECGHLGFGICPRSQGSPQNPICTNCCAGFKGCNYYSAHGTFICEGQSDPRNPKACPRNCDPHIAYSKCPRSGGKTFIYPTGCTTCCTGYKGCYYFGKNGKFVCEGESDEPKGTVANSMDMMDL
230,K4BEY0,4081,Solanum lycopersicum (Tomato) (Lycopersicon esculentum),159,17305,GO:0004867,MAVHKQVSFLAYLLLVLGLLLLVSAVEHVDVKPCTKECGHLGFGICPRSQGSPQNPICTNCCSGFKGCNYYSADGTFICEGQSDPKKPRACHLNCDPHIAYSKCPRSGGKTFIYPTGCTTCCTGYKGCYYFGKNGKFVCEGESDEPKERVANSMDMMDL
231,K4C6V1,4081,Solanum lycopersicum (Tomato) (Lycopersicon esculentum),603,68743,GO:0004867; GO:0005794; GO:0008107; GO:0008417; GO:0009969; GO:0016021; GO:0042546,MAFCKVRILSLLLLSGIFLLGIEVEYGNAQKMCLQVCDNEVAYMTCPSSGDEKISGVCVNCCTADEGCKLYRMAQNPLKFIGFLIICGMFLTILLTASVIFTDLPSDSVKNLPKANIVDVKPPNGTVNSEVEKDKLLGGLLPSGIDETSCLSRYESALYHKELFHKPSSYLISRLRDYEALHKQCGPHTKSYNRSVELIKSGQYNESADCNYLVWISFSGLGNRMLTLASAFLYALLTNRVLLVDPGVNMPGLFCEPFQDVSWLIPPDFPLFNQFSTFDQKSPHSYGYMVKHDVIRNSSTLPPYIYLHLAHDYDDQDKLFFCDQDQSFLKKIPWLVMKTNTYFVLSLFLIPSFEQELSNLFPHKVTIFYFLSRYLFHPTNSVWGLVKRYYQAYLERADEKLGIQIRVLETGVGPFKYVLDQIIDCTMKENLLPQVNRSSEPIVLNQTEKQRKTISVLITSLSPGYSEEIRKMYWENPTVRGEIVSVYQPSQEEYQQSENLLHEQKALAEMYLLSLSDKLITSAWSTFGYVAQGLGGLKPWILYKPNENRTAHNPPCVRAASFEPCFHAPPNYDCKMKTPTDTSKIVPHVRHCEDMSWGLKLFD
232,K4CG14,4081,Solanum lycopersicum (Tomato) (Lycopersicon esculentum),77,8344,GO:0004867,MASSKVGVLTLFFLCVFVVGSNYVEAQICPQFCEPNVDYMTCSSSGSTILRPTCINCCQATGRGCQLFRRDGSTICN
233,K4D750,4081,Solanum lycopersicum (Tomato) (Lycopersicon esculentum),360,39280,GO:0004867,MAIHKVALLLLLGIILLVSNVEHTNAKARTEQCDPRIAFGICPHLQTKRINQICINCCAGKKGCNYFSADGTFICEGESEYVSEVNDNLEKHCPRNCDPRIAYVICPRSEISNKIDLNGICTNCCAGKKRCNYFSADGTFICEGESKFVSEADNNHGKPCPRIAYVICPRSEISNEIDLNGICTNCCAGKKGCNYFSANGTFICEGESKFVSEADNNHGKPCPRNCDPRIAYAICPHSKISNKIDLSGICTNCCAGKKGCYYFSVDGTFICEGESDYVSKIKNDVGKACPFNCDPRITYGICPHSKISNKIDLNGICTNCCTGKKGCNYFSADGTSNCEGEFEYVSAGKNDLQKSKIFVS
234,K4D752,4081,Solanum lycopersicum (Tomato) (Lycopersicon esculentum),125,13986,GO:0004867,MQTPKLALKNVTVEFHMGFAQFYKLKELMEYCSGIVGCKYFSKDYTFICDGESKWFGEKAYTKECDPRIDIGICASDLTKKVDALCTNCCAGKKGCNYFDENGTFICEGESEGENTLQKSNVAIS
235,K7W5K0,4113,Solanum tuberosum (Potato),152,16843,GO:0004867,MAIHKVALLLIFGIILLASDFEHADAKECDPRIDFGICPYLGTKKVDGICINCCSGYKECKYFSKDYTFICDGESTDWQSGKACSKECDRRIEFGICVTDLTKTVNGLCTTCSAGKKGCKYFNNNGTYICDGEYEWLSEGENDLQKSNVAIS
236,K7X8A9,4113,Solanum tuberosum (Potato),77,8312,GO:0004867,MGSNKVGVLTLLLLCVFLVGSNYVEAQICPQFCEPNVDYMTCSSSGSTILRPTCINCSQARGRGCQLFRRDGSAICN
237,M0ZPU4,4113,Solanum tuberosum (Potato),53,5552,GO:0004867,MCLQVCDDEVAYMTCPSSGDEQISPVCVNCCTAGEGCKLFRADGSLICTGTPE
238,M0ZPU5,4113,Solanum tuberosum (Potato),84,8980,GO:0004867,MAFCKVGILSLLLLSGIFLLGVEVEYGNAQKMCLQVCDNEVAYMTCPSSGDEKITEVCVNCCTADEGCKLYRADGSLICTGTPE
239,M0ZPU7,4113,Solanum tuberosum (Potato),84,8874,GO:0004867,MAFCKVGILSLLLLSGIFLLGIEVKYGNAQKMCLQVCDDEVAYMTCPSSGDEQISPVCVNCCTAGEGCKLFRADGSLICTGTPE
240,M0ZZR6,4113,Solanum tuberosum (Potato),205,21860,GO:0004867,MAVHKEVSSLAYLLVLGLLVLVSAMEHVDAKACTLECGNLGYGICPRSEGSPENPICTNCCAGYKGCNYYSANGTFICEGQSDPKNPKACPRNCDPHIAYSKCSRSRGKTLIYPTGCTTCCTGYKGCYYFGKDGKFVCEGESIEPKACTLECDSRVAYMTCPSSGLAKLNQVCVNCCTAGEGCKLYGYDGSLICTGEPQSYISTT
241,M1AJ80,4113,Solanum tuberosum (Potato),146,15745,GO:0004867,MAFNKVALLILFAIFAGTILLLSQVDAEPACPRNCNPIIQYGRCPKSGNKKFKVGCTNCCSGTEGCNYFSANGTFICEGQTKKTIDETNKVCPFNCNPRIAYSICPGNKRSKGRICTNCCAGKKGCNYFSTDGTFVCEGESKVKSS
242,M1AJ81,4113,Solanum tuberosum (Potato),174,19726,GO:0004867,MAIHKVALLLVFGMILLASDFEHANAKKCDPRIDFGICPYLGTKKVDGICINCCSGFKECKYFSKDYTLICDGESKDWESRKACSKECDRRIEFGICVTDLTKTVNGLCTTCSAGSEYSSSANIQVDNRSKYRNALIKMKELRLALLNRTYTSLHPYTHQVQIRIYIICLSYML
243,M1AJ82,4113,Solanum tuberosum (Potato),152,16922,GO:0004867,MAIHKVALLLVFGMILLASDFEHANAKKCDPRIDFGICPYLGTKKVDGICINCCSGFKECKYFSKDYTLICDGESKDWESRKACSKECDRRIEFGICVTDLTKTVNGLCTTCSAGKKGCKYFNNNGTYICDGEYEWLSEGENDLQKSNVAIS
244,M1AJ83,4113,Solanum tuberosum (Potato),139,15529,GO:0004867,MILLASDFEHANAKKCDPRIDFGICPYLGTKKVDGICINCCSGFKECKYFSKDYTLICDGESKDWESRKACSKECDRRIEFGICVTDLTKTVNGLCTTCSAGKKGCKYFNNNGTYICDGEYEWLSEGENDLQKSNVAIS
245,M1B8F7,4113,Solanum tuberosum (Potato),207,22784,GO:0004867,MAVHKDVSFLACLLVLGLMFLHVSATIDQDRDIINPRLCTRECGNFSYAICPRSEGDPRNPICTTCCAGYKGCHYYSANGTFICEGQSDPRKPNERCSKECDRKIAYSKCPRSEGPTIIKPTGCTTCCTGYKGCYYYGKDNKFVCEGQSDEPKVCTQQCDPKVAYMTCPPESAKRTRICVNCCTAKPGCKLYGHDESLICVGGVKGH
246,M1B8F8,4113,Solanum tuberosum (Potato),205,21892,GO:0004867,MAVHKQVSLFAYLLVLGMLLFVSAMEHADAKACTKECGNLGYGICPRSEGSPENPICTNCCAGYKGCNYYSANGTFICEGESDPKKPKVCPLNCDPHIAYSKCPRSGGNTLIYPTGCTTCCTGYKGCYYFGKDGKFVCEGESIEPKACTLECDSRVAYMTCPSSGLAKIYQVCVNCCTAGEGCKLYGHDGSLICTGEPQSYISTT
247,M1B8F9,4113,Solanum tuberosum (Potato),200,21514,GO:0004867,MALYKVSFLAHLLFLGMFILVSRVEHVNACTKECGNLGYGICPGSEGSPENPICTNCCSGYKGCNYYNANGTFICEGTSDPKNPNTCPFYCDPQIAYSKCPRSEGKTIIYPTGCTTCCTGYKGCYYFGQEGEFVCEGESIEPKGCTQECDPRVAYMTCPSSGLAKLNEVCVNCCTAGEGCKLYEHDGSLLCTGEPQTSTA
248,M1BKA8,4113,Solanum tuberosum (Potato),76,8569,GO:0004867,MYILNRFFFFVFGTVFLVGSNYVEAQICPQFCEPNVDYMTCSSSGSTILRPTCINCCQARGRGCQLFRRDGSAICN
249,M1BKA9,4113,Solanum tuberosum (Potato),77,8328,GO:0004867,MGSNKVGVLTLLLLCVFLVGSNYVEAQICPQFCEPNVDYMTCSSSGSTILRPTCINCCQARGRGCQLFRRDGSAICN
250,M1C853,4113,Solanum tuberosum (Potato),81,8917,GO:0004867,AFKLNMYLISFFIGIFLLGIQVEYTNAKSCLQYCDDEVAYMTCPSSGDEQISQVCVNCCTADEGCKLFKTDGSLICTGTKD
251,M1C854,4113,Solanum tuberosum (Potato),83,8978,GO:0004867,MAFYKVGILSLLLLSGIFLLGIQVEYTNAKSCLQYCDDEVAYMTCPSSGDEQISQVCVNCCTADEGCKLFKTDGSLICTGTKD
252,M1C870,4113,Solanum tuberosum (Potato),83,8977,GO:0004867,MAFYEVGILSLLLLSGIFLLGIQVEYTNAKSCLQYCDDKVAYMTCPSSGDEQISQVCVNCCTADEGCKLFKTNGSLICTGTKD
253,M1D0E9,4113,Solanum tuberosum (Potato),145,15689,GO:0004867,MAAHKVSFIACLLVLGMFLLVNTVDAKVCPRICGNFGYGLCPRSEGSPEKPICTNCCSGYKGCKYYSANGDLVCEGESDPRNPNDCSYECDTQIAYSKCPRSEGKMIIKPTGCTTCCTGYQGCYYFDQEGDFVCEGESPEPKAVA
254,M1D3J7,4113,Solanum tuberosum (Potato),81,8704,GO:0004867,MAIHRVVFLALLLLSGTFLLGSKVESADGKACTRNCDPDVAYMVCPSSGHRIIKQVCVNCCSARKGCKLFRKNGSVKCIGN
255,M1DJV3,4113,Solanum tuberosum (Potato),186,20391,GO:0004867,MFQLISATELDDATMFCTMECGKFSYTICPRSEGSPRNPICINCCAGYKGCNYYSANGTFICEGKSDPRKPNTCPKNCDSKIVYSKCPLSEGNRVIENIECTSCCTGYKGCYYFDLDGKFVCEGKRSEPKICTQQCDPKVAYMICPSSGSTKLLTQICVNCCTAKASCKLYGHDGSLLCTGKPKIH
256,M4CUW0,51351,Brassica rapa subsp. pekinensis (Chinese cabbage) (Brassica pekinensis),81,8739,GO:0004867; GO:0006979,MATYKIWLMSLMITGAILADVIPGVTITKTAIACPLYCLEVEYMTCPSSGDEKLPPRCNCCLAPKDCTLHLSGSTSIHCTK
257,M5XPI6,3760,Prunus persica (Peach) (Amygdalus persica),81,8265,GO:0004867,MAADKNIGAMVLLLVCGSILLLAINPTEAKVCNKICYGAAAYMTCPSSGSTQLDPVCNCCLAPALGCTLYESDGTPICTST
258,M5XRU0,3760,Prunus persica (Peach) (Amygdalus persica),80,8477,GO:0004867,MTTRYFAYLQPSKIHQKGSILLGINPSTAKICPQYCTDQAGYMTCPSSGNTQLSPSCNCCLAPAGCTLYRADGTSICTGT
259,M7ZEF2,4572,Triticum urartu (Red wild einkorn) (Crithodium urartu),78,8204,GO:0004867; GO:0006979,MATSRLHIACALLLAGVVLLGQNQEGMEAVACPQYCLEVDYITCPSSGSQKLPARCNCCMAPKGCTLHLSDGINQTCS
260,O49146,4072,Capsicum annuum (Bell pepper),204,22187,GO:0004867,MAVPKEVSFLASLLVLGILLLHVDAKACSQRNAKEPICTNCCAGRKGCNYYSADGTFICEGESDPNNPKPCTLNCDPRIFYSKCPRSEGNAENRICTNCCAGRKGCNYYSADGTFICEGESDPNNPKPCTLNCDPRIFYSKCPRSEASAEQPICTNCCAGLKGCNYYNADGTFICEGESDPNHPKACPKNCDPNIAYSLCLYEK
261,O82735,4113,Solanum tuberosum (Potato),126,13495,GO:0004867,VDAKACTLECGNLGFGICPRSEGSPENPICTNCCAGYKGCNYYSANGAFICEGQSDPKKPKACPLNCDPHIAYSKCPRSEGKSLIYPTGCTTCCTGYKGCYYFSKNGKFVCEGESDEPKANMYPAM
262,P01078,4111,Solanum melongena (Eggplant) (Aubergine),52,5579,GO:0004867; GO:0005576,QICTNCCAGRKGCSYFSEDGTFICKGESNPENPKACPRNCDGRIAYGICPLS
263,P01079,4113,Solanum tuberosum (Potato),51,5602,GO:0004867; GO:0005576,RICTNCCAGYKGCNYYSANGAFICEGESDPKNPNVCPRNCDTNIAYSKCLR
264,P01080,4113,Solanum tuberosum (Potato),153,16505,GO:0004867,MDVHKEVNFVAYLLIVLGLLVLVSAMDVDAKACIRECGNLGFGICPRSEGSPENPICTNCCAGYKGCNYYSANGAFICEGQSDPKKPKACPLNCDPHIAYSKCPRSEGKSLIYPTGCTTCCTGYKGCYYFGKNGKFVCEGESDEPKANMYPAM
265,P05119,4081,Solanum lycopersicum (Tomato) (Lycopersicon esculentum),148,16293,GO:0004867; GO:0005576,MAVHKEVNFVAYLLIVLGMFLYVDAKACTRECGNLGFGICPRSEGSPLNPICINCCSGYKGCNYYNSFGKFICEGESDPKRPNACTFNCDPNIAYSRCPRSQGKSLIYPTGCTTCCTGYKGCYYFGKDGKFVCEGESDEPKANMYPVM
266,P56615,4072,Capsicum annuum (Bell pepper),55,6061,GO:0004867; GO:0005576,RICTNCCAGRKGCNYYSADGTFICEGESDPNNPKACPRYCDTRIAYSKCPRSEGN
267,P83241,4072,Capsicum annuum (Bell pepper),52,5604,GO:0004867,KACPRNCDTDIAYMVCPSSGERIIRKVCTNCCAAQKGCKLFRSNGSIKCTGT
268,P84813,4113,Solanum tuberosum (Potato),47,4833,GO:0004867; GO:0031640; GO:0050830; GO:0050832,DICTNCCAGTKGCNTTSANGAFICEGQSDPKKPKACPLNCDPHIAYA
269,Q00782,4113,Solanum tuberosum (Potato),158,17132,GO:0004867,MAIHKEVSFLAYLLVLGMLLFVSAMEHVDAKACTLECGNLGYGICPRSEGSPENPICTNCCAGYKGCNYYSANGTFICEGQSHPKNPKACPRNCDPHIAYSKCPRSGGKTLIYPTGCTTCCTGYTDCYYFGKDGKFVCEGESIEPKACTLECDSRLHT
270,Q1WL29,81866,Nicotiana clevelandii (Wild tobacco),389,42140,GO:0004867,MAVHRVSFLALLLLFGMSLLVSIVEHADAKACPRNCDGRIAYGICPRSEEKKNERICTNCCAGMKGCNYFSADGTFVCEGESDPRNPKACPRNCDGRIAYGICPRSEEKKNDRICTNCCAGTKGCSYFSADGTFVCKGESDPRNPKACPRNCDPRIAYGACPLSEEKKDNQICTNCCAGTKGCSYFSADGTFVCKGEFDPRNPKACPRNCDPRIAYGACPLSEEKKDNQICTNCCAGTKGCSYFSADGTFVCKGESDPRNPKACPRNCDPRIAFGICPLSEEKDNQICTNCCAGTKGCSYFSADGTFVCKGESDPRNPKACPRNCDPRIAYGACPLSEEKKNNQICTNCCAGMKGCNYFSANGTFICEGESEYVNKVENDLQKSMVAVF
271,Q1WL30,278839,Nicotiana quadrivalvis,389,42110,GO:0004867,MAVHRVSFLALLLLFGMSLLVSIVEHADAKACPRNCDGRIAYGICPRSEEKKNDRICTNCCAGMKGCNYFSADGTFVCEGESDPRNPKACPRNCDGRIAYGICPRSEEKKNDRICTNCCAGTKGCSYFSADGTFVCKGESDPRNPKACPRNCDPRIAYGACPLSEEKKDNQICTNCCAGTKGCSYFSADGTFVCKGESDPRNPKACPRNCDPRIAYGACPLSEEKKDNQICTNCCAGTKGCSYFSADGTFVCKGESDPRNPKACPRNCDPRIDFGICPLSEEKDNQICTNCCAGTKGCSYFSADGTFVCKGESDPRNPKACPRNCDPRIAYGACPLSEEKKNNQICTNCCAGMKGCNYFSANGTFICEGESEYVNKVENDLQKSMVAVF
272,Q1WL31,200316,Nicotiana obtusifolia,516,56513,GO:0004867,MAAHRVSFLALLPLFGMSLLVSIVERMSLLVSIVEHADAKACPRNCDGRIAYGICPRSEEKKNDRICTNCCAGMKGCNYFSADGTFVCEGESDPINPKACPFNCDPRIAYGVCPRSEEKKNNQICTNCCAGRKGCYYFSADGAFVCEGESDPKNPKACPRNCDGRIAFKVCPRSEEKKNDRICTNCCAGRKGCSYFSADGTFVCKGESDPRNPKACPRNCDPRIDFGICPLSEEKKDNQICTNCYAGMKGCYYFSADGTFVCEGESDPRNPKPCPRNCDGRIAYGICPRSEEKKNDRICTNCCAGTKGCSYFSADGTFVCKGESDPRNPKACPRNCDPRIDFGICPLSEEKKDNQICTNCCAGMKGCNYFSADGTFVCEGESDPRNPKPCPRNCDGRIAYGICPRSEEKKNDRICTNCCAGTKGCSYFSADGTFVCKGESDPRNPKACPRNCDPRIDFGICPLLEEKKDNQICTNCCAGMKGCNYFSANGTFICEGESEYVNKVENEHQMSKVAVI
273,Q1WL35,200316,Nicotiana obtusifolia,506,55385,GO:0004867,MAAHRVSFLALLPLFGMSLLVSIVEHADAKACPRNCDGRIAYGICPRSEEKKNDRICTNCCAGMKGCNYFSADGTFVCEGESDPINPKACPFNCDPRIAYGVCPRSEEKKNNQICTNCCAGRKGCYYFSADGAFVCEGESDPKNPKACPRNCDGRIAFKVCPRSEEKKNDRICTNCCAGRKGCSYFSADGTFVCKGESDPRNPKACPRNCDPRIDFGICPLSEEKKDNQICTNCYAGMKGCYYFSADGTFVCEGESDPRNPKPCPRNCDGRIAYGICPRSEEKKNDRICTNCCAGTKGCSYFSADGTFVCKGESDPRNPKACPRNCDPRIDFGICPLSEEKKDNQICTNCCAGMKGCNYFSADGTFVCEGESDPRNPKPCPRNCDGRIAYGICPRSEEKKNDRICTNCCAGTKGCSYFSADGTFVCKGESDPRNPKACPRNCDPRIDFGICPLLEEKKDNQICTNCCAGMKGCNYFSANGTFICEGESEYVNKVENEHQMSKVAVI
274,Q1WL36,4093,Nicotiana rustica (Aztec tobacco),448,48643,GO:0004867,MAVHRVSFLALLLLLGMSLLVSNVEHADAKACTLNCDPRIAYGVCPRSEEKKNNQICTNCCAGTKGCNYFSADGTFVCEGESDPRNPKACPRNCDPRIAYGVCPRTEEKKDNQICTNCCAGTKGCNYFSANGTFICEGESDPRNPKACTLNCDPRIAYGVCPRSEEKKNNQICTNCCAGTKGCNYFSADGTFVCKGESDPRNPKACPRNCDPRIAYGVCPRTEEKKDNQICTNCCAGTKGCNYFSANGTFICEGESDPRNPKACTLNCDPRIAYGVCPRSEEKKNNQICTNCCAGTKGCNYFSADGTFVCEGESDPRNPKACPRNCDGRIAYGVCPRSEEKKNNRICTNCCAGTKGCNYFSADGTFVCEGESDPRNPKACPRNCDGRIAYGVCPRSEEKKNNRICTNCCAGTKGCNYFSADGTFICEGESEYVNKVENDLEKSKVAVI
275,Q1WL37,200301,Nicotiana corymbosa,147,16209,GO:0004867,MAVHRVSFLAFLLLFGMSLLVNNVEHADAKACPFNCDPRIAYGVCPRSEEKKNNQICTNCCAGTKGCNYFSADGTFVCKGESDPRNPKACPRNCDPRIDYRVCPRSEEKDNQICTNCCAGTKGCNYFSANGTFICEGESEYVSKVDE
276,Q1WL38,4086,Nicotiana acuminata (Acuminate tobacco),432,47837,GO:0004867,MAVHRVSFLAFLLLFGTSLLVSNVEHADAKACPFNCDPRIAYGVCPRSEEKKNNQICTNCCAGTKGCNYFSADGTFVCKGESDPRNPKACPRNCDPRIDYRVCPRSEEKDNQMCTNCCAGTKGCNYFSADGTFVCKGESDPRNPKACPRNCDPRIDYRVCPRSEEKDNQICTNCCAGTKGCNYFSVDGTFVCKGESDPRNPKACPRNCDPRIDYRVCPRSEEKDNQICTNCCAGTKGCNYFSANGTFVCKGESDPRNPKACPRNCDPRIDYRVCPRSEEKDNQICTNCCAGTKGCNYFSADGTFVCKGESDPRNPKGCPRNCDPRIDYRVCPRSEEKNNQICTNCCAGTKGCNYFSADGTFVCKGESDPRNPKACPRNCDPRIDYRVCWHSEEKNNQICTNCCAGTKGCNYFSANGTFICEGESEYVSKVDE
277,Q1WL39,200315,Nicotiana pauciflora,397,43846,GO:0004867,MAVHRVSFLALLLLFGMSLLVSNVEHADAMACPFNCDPRIAYEVCPRTEEKKNDRICTNCCAGTKGCKYFSDDGTFICEGESDPRNPKACPRNCDGRIAYGICPLSEEKKNDRICTNCCVGTKGCKYFSDDGTFICEGESDPRNPKACPRNCDGRIAYGICPRTEEKKNDRICTNCCAGTKGCKYFSDDGTFICEGESDPRNPKACPRNCDGRIAYGICPRTEEKKNDRICTNCCAGTKGCKYFSDDGTFVCEGESDPRNPKACPRNCDGRIAYGICPRTEEKKNDRICTNCCAGTKGCKYFSDDGTFVCEGESDPRNPKACPRNCDERIAYGICPRTEEKKNNQICTNCCAGTKGCNYFSANGTFICEGESEYVSKVDEYVHEVENDLQKSRVAVS
278,Q1WL40,118704,Nicotiana miersii,397,43649,GO:0004867,MAVHRVSFLALLLLFGMSLLVSNVEHADAKACTFNCDPRIAYEICPRTEEKKNDRICTNCCAGRKGCKYFSDDGTFVCEGESDPKNPKGCPRNCDGRIAYGICPLSEEKKNDRICTNCCAGMKGCNYFSADGTFVCEGEYDPRNPKACPRNCDTRIAYGICPRTEAKKNDRICTNCCAGTKGCKYFSDDGTFVCEGESDPRNPKACPRNCDGRIAYGICPLSEEKKNDRICTNCCAGTKGCKYFSDDGTFVCEGESDPRNPKACPRNCDGRIAYGICPRTEEKKNNQICTNCCAGTKGCNYFSANGTFICEGESDPRNPKACPRNCDGRIAYGICPRTEEKKNNQICTNCCAGTKGCNYFSANGTFICEGESEYVSKLDEYVHEVENDLQKSRVAVS
279,Q1WL41,200300,Nicotiana spegazzinii,338,37486,GO:0004867,MAVHRVSFLALLLLFGMSLLVSNVEYADAKACPRNCDPRIAYGVCPRSEEKEDNQICTNCCAGRKGCNYFSADGTFVCEGESDPKNPKGCPRICDPRIAYRICRRSEEKKNDRICTNCCAGTKGCNYFSDDGTFVCEGESDPRNPKACPRNCDPRIAYGICRRSEEKKNDRICTNCCAGTKGCKYFSYDGNFVCEGESDPTNPKACPRNCDGRIAYEICPRTEEKKNDRICTNCCAGTKGCKYFSYDGTFVCEGESDPRNPKACPRNCDGRIAYGICPRAEEKNNQICTNCCAGMKGCNYFSANGTFICEGESEYVSKVDEYVLEVENDLQKSRVAVS
280,Q1WL42,118701,Nicotiana linearis,338,37519,GO:0004867,MAVHRVSFLAVLLLFGMSLLVSNVEYADAKACPRNCDPRIAYGVCPRSEEKEDNQICTNCCAGRKGCNYFSADGTFVCEGESDPKNPKACPRNCDPRIAYRICRRSEEKKNDRICTNCCAGTKGCNYFSDDGTFVCEGESDPRNPKACPRNCDTRIAYGICRRSEETKNDRICTNCCAGTKGCKYFSYDGNFVCEGESDPRNPKACPRNCDGRIAYEICPRTEEKKNDRICTNCCAGTKGCKYFSYDGTFVCEGESDPRNPKACPRNCDGRIAYGICPRTEEKNNQICTNCCAGTKGCNYFSANGTFICEGESEYVSKVDEYVLEVENDLQKSRVAVS
281,Q1WL43,4097,Nicotiana tabacum (Common tobacco),397,43632,GO:0004867,MAVHRVSFLALLLLLGMSLLVSNVEHADAKACPLNCDPRIAYGVCPRSEEKKNDRICTNCCAGTKGCKYFSDDGTFVCEGESDPRNPKACPRNCDPRIAYGICPLSEEKKNDRICTNCCAGTKGCKYFSDDETFVCEGESDPRNPEACPRNCDPRIAYGICPLSEEKKNDRICTNCCAGKKGCKYFSNDGTFVCEGESDPRNPKACTLNCDPRIAYGICPLSEEKKNDRICTNCCAGKKGCKYFSDDGTFVCEGESDPRNPKACTLNCDPRIAYGICPLSEEKKNDRICTNCCAGKKGCKYFSDDGTFVCEGESDPRNPKACPRNCDGRIAYGICPLSEEKKNDRICTNCCAGKKGCKYFSDDGTFICEGESEYASKVDEYVREVENDLQKSKVAVS
282,Q1WL44,4096,Nicotiana sylvestris (Wood tobacco) (South American tobacco),397,43559,GO:0004867,MAVHRVSFLALLLLLGMSLLVSNVEHADAKACPLNCDPRIAYGVCPRSEEKKNDRICTNCCAGTKGCKYFSDDGTFVCEGESDPRNPKACPRNCDPRIAYGICPLSEEKKNDRICTNCCAGTKGCKYFSDDGTFVCEGESDPRNPKACPRNCDPRIAYGICPLSEEKKNDRICTNCCAGKKGCKYFSNDGTFVCEGESDPRNPKACTLNCDPRIAYGICPLSEEKKNDRICTNCCAGKKGCKYFSDDGTFVCEGESDPRNPKACTLNCDPRIAYGICPLSEEKKNDRICTNCCAGKKGCKYFSDDGTFVCEGESDPRNPKACPRNCDGRIAYGICPLSEEKKNDRICTNCCAGKKGCKYFSDDGTFICEGESEYASKVDEYVREVENDLQKSKVAVS
283,Q1WL45,76336,Nicotiana repanda,394,43028,GO:0004867,MAVHRVSFLALLLLFGMSLLVSNVEHADACTFNCDPKIAYEVCPRSEEKTNNQICTNCCSGTKGCRFFSANGTFVCEGESDPRNPKACPLNCDPRIAIGICPLSQEKKNDQLCTNCCAGKKGCNYFSDDGTFICEGESDPNNPKDCPRNCDGRIAYGICPLSEEKKNDRTCTNCCAGTKGCNYFSYDGTFVCEGESDPRNPKFCPQNCDGRIAYGICPVSEEKKNNRLCTNCCAGAKGCRFFSADGTFVCEGESDPRNPKFCPLNCDPRIASGICTLSEEKKNDRLCTNCCAGTKGCRFFSADGTFVCEGESDPRNPKACPLNCDPRIATGICPYSKEKKNDRICTNCCSGKKGCKYFSDDGTFVCEGETEYPSKVDEYVHEVENDLQSKVAVS
284,Q1WL46,118712,Nicotiana umbratica,339,37309,GO:0004867,MAVHRVSFLALLLLLGMSLLVSNVEHADAMTCTRECDPRIDYRVCPLSEEKKNDRICTNCCAGKKGCKYFSDDGTFVCEGESDPRNPKPCPRNCDGRIAYGICPLSEEKKNDPICTNCCVGKKGCKYFSYDGTFVCEGESDPRNPKPCPRNCDGRIAYGICPLSEEKKNDPICTNCCAGKKGCKYFSYDGTFVCEGESDPRNPKPCPRNCDGRIAYGICPLSEEKKNDRLCTNCCAGKKGCKYFSDDGTFVCEGESDPRNPKGCTFECDPRIAYGICPLSEEKKNNRLCTNCCAGKKGCNYFSSNGTFICEGESEYASKVVEYVGEVEIDLPKSKVAVS
285,Q1WL47,118709,Nicotiana simulans,330,36019,GO:0004867,MAVHRVSFLALLLFFGMSLLVSNVEHAKACTRECDTRIAYGVCPRLEEKTNNRICTNCCAGKKGCKYFSDDGTFVCEGESDPRNPKPCPRNCDGRIAYGICPLSEEKKNNQLCTNCCAGTKGCKYFSADGTFVCEGESDPRNPKPCPRNCDGRIAYGICPLSEEKKNNRLCTNCCAGTKGCSYFSADGTFVCEGESDPRNPKPCPRNCDGRIAYGICPRSEEKKNDRICTNCCSGKKGCKYFSDDGTFVCEGESDPRNPKGCTFECDPGIAYGICPLSEEKKNNRLCTNCCAGKKGCNYFSSNGTFICEGESEYASKVVEYVGEVEVAVS
286,Q1WL48,118703,Nicotiana megalosiphon,330,36033,GO:0004867,MAVHRVSFLALLLSFGMSLLVSNVEHAKACTRECDTRIAYGVCPRLEEKTNNRICTNCCAGKKGCKYFSADGTFVCEGESDPRNPKPCPRNCDGRIAYGICPLSEEKKNNQLCTNCCAGTKGCNYFSADGTFVCEGESDPRNPKPCPRNCDGRIAYGICPLSEEKKNNRLCTNCCAGTKGCSYFSADGTFVCEGESDPRNPKPCPRNCDGRIAYGICPRSEEKKSDRICTNCCSGKKGCKYFSDDGTFVCEGEFDPRNPKGCTFECDPRIAYGICPLSEEKKNNRLCTNCCAGKKGCNYFSSNGTFICEGESEYASKVVEYVGEVEVAVS
287,Q1WL49,200306,Nicotiana occidentalis subsp. hesperis,395,43470,GO:0004867,MAVHRVSFLALLLFFGMSLLVSNVEHAKACTRECDTRIAYGVCPRLEEKTNNRICTNCCAGKKGCKYFSDDGTFVCEGESDPRNPKPCPRNCDGRIAYGICPLSEEKKNNRLCTNCCAGMKGCNYFSADGTFVCEGESDPRNPKPCPRNCDGRIAYGICPLSEEKKNNRLCTNCCAGTKGCNYFSADGTFVCEGESDPRNPKPCPRNCDGRIAYGICPLSEEKKNNRLCTNCCAGTKGCNYFGADGTFVCEGESDPRNPKRCTRECDPRINYRICPRSEEKKNNRICTNCCSGKKGCKYFSDDGTFVCEGESDPRNPKGCTIECDPRIAYGICPLSEEKKNNRLCTNCCAGKKGCNYFSANGTFICEGESEYASKVVEYVGEVEDDLQKSKVAVS
288,Q1WL50,4100,Nicotiana benthamiana,279,30816,GO:0004867,MAVHRVSFLALLLFFGMSLLVSNVEHAKACTRECDTRIAYGVCPRLEEKTNNRICTNCCAGKKGCKYFSDDGTFVCEGESDPRNPKPCPRNCDGRIAYGICPLSEEKKNNRLCTNCCAGTKGCNYFSADGTFVCEGESDPRNPKACPRNCDPRIDYRVCPRSEEKKNDRICTNCCSGKKGCKYFSDDGTFVCEGESDPRNPKGCTFECDPRIAYGICPLSEEKKNNRLCTNCCAGKKGCNYFSSNGTFICEGESEYGSKVVEYVGEVEDDLQKSKVAVS
289,Q1WL51,118690,Nicotiana cavicola,163,17880,GO:0004867,MAVHRVSFLALLLSFGMSLLVSNVEHAKACTRECDTRIAYGVCPRLEEKKNNRLCTNCCSGTKGCNYFSADGTFVCEGESDPRNPKGCTFECDPRIAYGICPRSEEKKNNRLCTNCCAGKKGCNYFSSNGTFICEGESEYASKAVEYVGEVEDDLQKSKVAVS
290,Q2TU74,109975,Solanum americanum (American black nightshade) (Solanum nodiflorum),76,8326,GO:0004867,MAVHKVSFLACLLVLGWMFLLAKHVDAKACTRECGHFSYGICPRSEGSPQKPICTNCCSGYKGCNYYSAKGDLICE
291,Q2XVY5,4097,Nicotiana tabacum (Common tobacco),397,43663,GO:0004867,MAVHKVSFLALLLLLGMSLLVSNVEHADAKACPLNCNPRIAYGVCPRSEEKKNDRICTNCCAGTKGCKYFSDDGTFVCEGESDPRNPKACPRNCDPRIAYGICPLSEEKKNDRICTNCCAGTKGCKYFSDDETFVCEGESDPRNPKACPRNCDPRIAYGICPLSEEKKNDRICTNCCAGKKGCKYFSNDGTFVCEGESDPRNPKACTLNCDPRIAYGICPLSEEKKNDRICTNCCAGKKGCKYFSDDGTFVCEGESDPRNPKACTLNCDPRIAYGICPLSEEKKNDRICTNCCAGKKGCKYFSDDGTFVCEGESDPRNPKACPRNCDGRIAYGICPLSEEKKNDRICTNCCAGKKGCKYFSDDGTFICEGESEYASKVDEYVREVENDLQKFKVAVS
292,Q32YL3,109975,Solanum americanum (American black nightshade) (Solanum nodiflorum),81,8680,GO:0004867,MAVHKEVSSLAYLLVLGLMFLHVSAVKHVDAKPCTRECGNLGYGICPRSEGSPENPICTNCCSGYKGCNYYSANGTFICEG
293,Q3S483,4113,Solanum tuberosum (Potato),154,16641,GO:0004867,MAVHKEVNFVGYLLIVLGLLVLVSAMEHVDAKACTLECGNLGFGICPRSEGSPENHICTNCCAGYKGCNYYSANGAFICEGQSDPKKPKACPLNCDPHIAYSKCPRSEGKSLIYPTGCTTCCTGYKGCYYFDKNGKFVCEGESDEPKANMYPAM
294,Q3S485,4113,Solanum tuberosum (Potato),129,13961,GO:0004867,MEHVDAKACTLECGNLGFGICPRSEGSPENHICTNCCAGYKGCNYYSANGAFICEGQSDPKKPKACPLNCDPHIAYSKCPRSEGKSLIYPTGCTTCCTGYKGCYYFDKNGKFVCEGESDEPKANMYPAM
295,Q3S493,4113,Solanum tuberosum (Potato),154,16728,GO:0004867; GO:0016021,MAVHKEVNFVAYLLIVLGIFLLVSVVEHVDAKACTLECGNLGFGICPRLEGSPTNPICINCCSGYKGCNYYSAFGRFICEGESDPKNPKACPLNCDTNIAYSRCSRSKGKTLIYPTGCTTCCTGYKGCYYFGKNGKFVCEGESDEPKANMFPAM
296,Q3SBE6,4097,Nicotiana tabacum (Common tobacco),281,30824,GO:0004867,MAVHKVSFLALLLLLGMSLLVSNVEHADAKACPLNCDPRIAYGVCPRSEEKKNDRICTNCCAGTKGCKYFSDDGTFVCEGESDPRNPKACPRNCDPRIAYGICPLSEEKKNDRICTNCCAGKKGCKYFSDDGTFVCEGESDPRNPKACTLNCDPRIAYGICPLSEEKKNDRICTNCCAGKKGCKYFSDDGTFVCEGESDPRNPKACPRNCDGRIAYGICPLSEEKKNDRICTNCCAGKKGCKYFSDDGTFICEGESEYASKVDEYVREVENDLQKSKVAVS
297,Q40378,4087,Nicotiana alata (Winged tobacco) (Persian tobacco),397,43415,GO:0004867,MAVHRVSFLALLLLFGMSLLVSNVEHADAKACTLNCDPRIAYGVCPRSEEKKNDRICTNCCAGTKGCKYFSDDGTFVCEGESDPRNPKACTLNCDPRIAYGVCPRSEEKKNDRICTNCCAGTKGCKYFSDDGTFVCEGESDPRNPKACPRNCDPRIAYGICPLAEEKKNDRICTNCCAGKKGCKYFSDDGTFVCEGESDPKNPKACPRNCDGRIAYGICPLSEEKKNDRICTNCCAGKKGCKYFSDDGTFVCEGESDPKNPKACPRNCDGRIAYGICPLSEEKKNDRICTNCCAGKKGCKYFSDDGTFVCEGESDPRNPKACPRNCDGRIAYGICPLSEEKKNDRICTNCCAGKKGCKYFSDDGTFICEGESEYASKVDEYVGEVENDLQKSKVAVS
298,Q40561,4097,Nicotiana tabacum (Common tobacco),197,20985,GO:0004867,MAVHKVSFVAHLLVLGMFLLLVDAKACTKECGNFAYGICPRSQGTPDDPICTTCCAGYKGCNYYSANGTFICEGSSDPKNPNVCPQFCDPDIAYSKCPRSEGETIINPTGCTTCCTGYKGCYYFGQDGEFVCEGESDEPKSCTTECDPRVATISCPFSGLVKINQECINCCNADKGCELYDNDGSLICTGGEPQSAA
299,Q41435,4113,Solanum tuberosum (Potato),147,15860,GO:0004867,MAVHKEVSFVAYLLIVLGMFLYVDALGCTKECGNLGFGICPRSEGSPTNPICINCCSGYKGCNYYSAFGDLICQGESDPKNPKACPLNCDTNIAYSRCPRSEGKSLIYPTGCTTCCTGYKGCYYFGTNGKFVCEGESDEPKPYMSTA
300,Q41488,4113,Solanum tuberosum (Potato),154,16660,GO:0004867,MAVHKEVNFVAYLLIVLGLLVLVSAMEHVDAKACTLECGNLGFGICPRSEGSPENRICTNCCAGYKGCNYYSANGAFICEGESDPKKPKACPRNCDPHIAYSKCPRSEGKSLIYPTGCTTCCTGYKGCYYFGKNGKFVCEGESDEPKANMYPAM
301,Q41489,4113,Solanum tuberosum (Potato),147,15936,GO:0004867,MAVHKEVSFVAYLLIVLGMFLYVDALGCTKECGNLGFGICPRSEGSPTNPICINCCSGYKGCNYYSAFGRFICEGESDPKNPKACPLNCDTNIAYSRCPRSEGKSLIYPTGCTTCCTGYKGCYYFGTNGKFVCEGESDEPKPYMSTA
302,Q43502,4081,Solanum lycopersicum (Tomato) (Lycopersicon esculentum),201,21419,GO:0004867,MAVYKVSFLAHLLVLGMYLLVSTVEHANACTKECGNLGYGICPGSEGSPENPICTNCCSGYKGCNYYYANGTFICEGTSDPKNPNICPSYCDPQIAYSKCPRSEGKTIIYPTGCTTCCTGYKGCYYFGQDGEFVCEGESIEPKGCTKECDPRVAYMTCPSSGLAKLNQVCVNCCSAGEGCKLYDNDGSLLCTGEPQSISTA
303,Q43652,4113,Solanum tuberosum (Potato),154,16868,GO:0004867,MDVHKEVNFVAYLLIVLGIFLLVSVVEHVDAKICTKECGNLGFGICPRSEGSPKNPICINCCSGYKGCNYYSVFGRFICEGESDLKNPKACPLNCDTNIAYSRCPHSEGKSLIYPTGCTTCCTGYKGCYYFGKNGKFVCEGESDEPKANMYPAM
304,Q43710,4081,Solanum lycopersicum (Tomato) (Lycopersicon esculentum),223,24697,GO:0004867,MAIYKVALLLLFGMILLASDFEHAKACTKECDTRIDFGICPLLETKRVEGLCTNCCAGKKGCKYFSKDGTYICDGESEWVSEKNNNLKKACTKECDTRIDFGICPLLETKRVEGLCTNCCAGKKGCKYFSKDGTYICDGESEWVSEKDNNLEKDCTKECDTRIDFGICPLLETKRVKGLCTNCCAGKKGCKYFSADGTYICDGESEWVSEGENDLQKSNVAIS
305,Q4U5Z3,4072,Capsicum annuum (Bell pepper),220,24228,GO:0004867,MAVPKEVSFLAFLLVLEILLLHVDAKACSEENAENRICTNCCAGRKGCNYYSADGTFICEGESDPNNPKACPRYCDTRIAYSKCPRSEGNAENRICTNCCAGRKGCNYYSADGTFICEGESDPNNPKACPRYCDTRIAYSKCPRSEGNAENRLCPNCCAGRKGCNYYSADGTFICEGESDPNNPKACPRNCDPNYCYLLPIHCVSMKSKSMETNFFGNSH
306,Q4U5Z4,4072,Capsicum annuum (Bell pepper),204,22343,GO:0004867,WLFPKKLVVHASLLVLGILLLHVDAKACSQRNAKEPICTNCCAGRKGCNYYSADGTFICEGESDPNNPKACPRYCDTRIAYSKCPRSEGNAENRLCTNCCAGRKGCNYYSADGTFICEGESDPNNPKACPRNCDTRIAYSKCPRSEGNAENRLCTNCCAGRKGCNYYSADGTFICEGESDPNNPKACPRNCDPNIAYSLCLYEK
307,Q4U5Z5,4072,Capsicum annuum (Bell pepper),262,28653,GO:0004867,MAVPKEVSFLAFLLVLEILLLHVDAKACSQRNAKEPICTNCCAGRKGCNYYSADGTFICEGESDPNNPKPCTLNCDPRIFYSKCPRSEGNAENRICTNCCAGRKGCNYYSADGTFICEGESDPNNPKPCPRNCDTRIAYSKCPRSEGNAENRICTNCCAGRKGCNYYSADGTFICEGESDPNNPKPCTLNCDPRIFYSKCPRSEASAEQPICTNCCAGLKGCNYYNADGTFICEGESDPNHPKACPKNCDPNIAYSLCLYEK
308,Q4Z8K2,4072,Capsicum annuum (Bell pepper),204,22348,GO:0004867,MAVPKEVSFLAFLLVLEILLLHVDAKACSEENAENRICTNCCAGRKGCNYYSADGTFICEGESDPNNPKACPRYCDTRIAYSKCPRSEGNAENRLCTNCCAGRKGCNYYSADGTFICEGESDPNNPKACPRNCDTRIAYSKCPRSEGNAENRLCTNCCAGRKGCNYYSADGTFICEGESDPNNPKACPRNCDPNIAYSLCLYEK
309,Q4Z8K3,4072,Capsicum annuum (Bell pepper),204,22397,GO:0004867,MAVPKEVSFLAFLLVLEILLLHVDAKACSEENAENRICTNCCAGRKGCNYYSADGTFICEGESDPNNPKACPRYCDTRIAYSKCPRSEGNAENRICTNCCAGRKGCNYYSADGTFICEGESDPNNPKACPRYCDTRIAYSKCPRSEGNAENRLCTNCCAGRKGCNYYSADGTFICEGESDPNNPKACPRNCDPNIAYSLCLYEK
310,Q4ZIQ2,4072,Capsicum annuum (Bell pepper),262,28549,GO:0004867,MAVPKEVSFLASLLVLGILLLHVDAKACSQRNAKEPICTNCCAGRKGCNYYSADGTFICEGESDPNNPKPCTLNCDPRIFYSKCPRSEGNAENRICTNCCAGRKGCNYYSADGTFICEGESDPNNPKPCPRNCDTRIAYSKCPRSEGNAENRICTNCCAGRKGCNYYSADGTFICEGESDPNNPKPCTLNCDPRIFYSKCPRSEASAERPICTNCCAGLKGCNYYNADGTFICEGESDPNHPKACPKNCDPNIAYSLCLYEK
311,Q4ZIQ3,4072,Capsicum annuum (Bell pepper),262,28636,GO:0004867,MAVPKEVSFLAFLLVLEILLLHVDAKACSEENAENRICTNCCAGRKGCNYYSADGTFICEGESDPNNPKACPRYCDTRIAYSKCPRSEGNAENRLCTNCCAGRKGCNYYSADGTFICEGESDPNNPKACPRNCDTRIAYSKCPRSEGNAENRICTNCCAGRKGCNYYSADGTFICEGESDPNNPKPCTLNCDPRIFYSKCPRSEASAEQPICTNCCAGLKGCNYYNADGTFICEGESDPNHPKACPKNCDPNIAYSLCLYEK
312,Q4ZIQ4,4072,Capsicum annuum (Bell pepper),262,28495,GO:0004867,MAVPKEVSFLASLLVLGILLLHVDAKACSQRNAKEPICTNCCAGRKGCNYYSADGTFICEGESDPNNPKPCTLNCDPRIFYSKCPRSEGNAENRICTNCCAGRKGCNYYSADGTFICEGESDPNNPKPCPRNCDTRIAYSKCPRSEGNAENRICTNCCAGRKGCNYYSADGTFICEGESDPNNPKACTLNCDPRIFYSKCPRSEASAEQPICTNCCAGLKGCNYYNADGTFICEGESDPNHPKACPKNCDPNIAYSLCLYEK
313,Q4ZIQ5,4072,Capsicum annuum (Bell pepper),262,28521,GO:0004867,MAVPKEVSFLASLLVLGILLLHVDAKACSQRNAKEPICTNCCAGRKGCNYYSADGTFICEGESDPNNPKPCTLNCDPRIFYSKCPRSEGNAENRICTNCCAGRKGCNYYSADGTFICEGESDPNNPKPCPRNCDTRIAYSKCPRSEGNAENRICTNCCAGRKGCNYYSADGTFICEGESDPNNPKPCTLNCDPRIFYSKCPRSEASAEQPICTNCCAGLKGCNYYNADGTFICEGESDPNHPKACPKNCDPNIAYSLCLYEK
314,Q4ZIQ6,4072,Capsicum annuum (Bell pepper),204,22478,GO:0004867,MAVPKEVSFLASYLFLEILLLHVDAKACSEETQKNRICTNCCAGRKGCNYYSADGTFICEGESDPNNPKACPRYCDTRIAYSKCPRSEGNAENRICTNCCAGRKGCNYYSADGTFICEGESDPNNPKACPRYCDTRIAYSKCPRSEGNAENRLCTNCCAGRKGCNYYSADGTFICEGESDPNNPKACPRNCDPNIAYSLCLYEK
315,Q5YLI5,49451,Nicotiana attenuata (Coyote tobacco),395,43755,GO:0004867,VHRVSFLALLLLFGMSLLVSNVEHADAKACPRNCDGRIAYEICPRSEEKKNDRICTNCCAGTKGCKYFSDDGTFICEGESDPRNPKACPRNCDGRIAYGICPRSEEKKNDRICTNCCAGTKGCKYFSDDGTFICEGESDPRNPKACPRNCDGRIAYGICPRSEEKKNDRICTNCCAGTKGCKYFSDDGTFICEGESDPRNPKACPRNCDGRIAYEICPRSEEKKNDRICTNCCAGTKGCKYFSDDGTFICEGESDPRNPKACPRNCDGRIAYEICPRTEEKKNDRICTNCCAGTKGCKYFSDDGTFVCEGESDPRNPKACPRNCDERIAYGICPRTEEKKNNQICTNCCAGTKGCNYFSANGTFICEGESEYVSKVDEYVHEVENDLQKSRVAVS
316,Q6AVT6,39947,Oryza sativa subsp. japonica (Rice),82,8637,GO:0004867,MASIKLALPMALLLCGLMVIGSIQSAEAQGGKFCPQFCYDGLEYMTCPSTGSQHLKPACNCCIAGEKGCVLYLNNGQVINCT
317,Q6H238,49451,Nicotiana attenuata (Coyote tobacco),410,46496,GO:0004867,MWNMQMPRLVPLTVIQELPREFARVQKKRKTIKYAPTVAQARRDVTTLVLMELLFVNENLILEIPKLVPEIVIQEIDYRVCPRSEEKNNQICTNCCAGTMGCNYFSADGSFVCKGESDLRNPKDCPRNCDPRIDYRVCRRSEEKNNQICTNCCVGTMGCNYFSADGSFVCKGESDLRNPKDCPRNCDPRIDYRVCRRSEEKNNQICTNCCAGTKGYNYFSADGTFVCKGESDPRNPKACPRNCDPRIDYRFCPRSEEKDNQICTNCCAGTKGCNYFSADGTFVCKGESDPRNPKACPRNCDPRIDYRVCPRSEENNNQKCTNCCAGTKGCNYFSANGTFICEGEYDPRNPKACPRNCDPRIDYRVCPRSEENNNQKCTNCCAGTKGCNYFSANGTFICEGESEYVRKVDE
318,Q6H3X6,4081,Solanum lycopersicum (Tomato) (Lycopersicon esculentum),148,16293,GO:0004867; GO:0008233,MAVHKEVNFVAYLLIVLGMFLYVDAKACTRECGNLGFGICPRSEGSPLNPICINCCSGYKGCNYYNSFGKFICEGESDPKRPNACTFNCDPNIAYSRCPRSQGKSLIYPTGCTTCCTGYKGCYYFGKDGKFVCEGESDEPKANMYPVM
319,Q6JKN9,4112,Solanum nigrum (Black nightshade),152,16433,GO:0004867,MAVHKEVSSLAYLLVLGLLFLFVSAIKHVDAKPCTRECGNLGYGICPRSEGSPENPICTNCCSGYKGCNYYSANGTFICEGSSDPKNPNTCPLYCDGDIAYSKCPRSEGQTIIYPTGCTTCCTGYKGCYYFSKEGEFVCEGESIEPNVISNQ
320,Q6NQ47,3702,Arabidopsis thaliana (Mouse-ear cress),97,10399,GO:0004867; GO:0016021,MVTSRFGPSRPEGDITMVTYKIWVMSFIIAGAILGGIIPGVTTTKTAIACPLYCLQVEYMTCPSSGADKLPPRCNCCLAPKNCTLHLSDSTTIHCSK
321,Q7M1P5,4097,Nicotiana tabacum (Common tobacco),53,5749,GO:0004867,DRICTNCCAGTKGCKYFSDDGTFVCEGESDPRNPKACPRNCDPRIAYGICPLS
322,Q7M222,4081,Solanum lycopersicum (Tomato) (Lycopersicon esculentum),146,15637,GO:0004867,MAFNKVALLILFAIFAGTVLLLSEVDAANACPRNCNPSIQYGRCPKSGNKKFKVGCTNCCSGTEGCNYYSANGTFICEGQTKKTIDETNKACPRNCNPRIAYSICPGNKRSEGRICTNCCAGSKGCNYYTVDGTFVCEGESKVDSS
323,Q84L56,172790,Solanum phureja,154,16641,GO:0004867,MAVHKEVNFVAYLLIVLGLLVLVSAMEHVDAKACTLECGNLGFGICPRSEGSPENRICTNCCAGYKGCNYYSANGAFICEGESDPKNPNVCPRNCDTNIAYSKCPRSEGKSLIYPTGCTTCCTGYKGCYYFGKNGKFVCEGESDEPKANMYPAM
324,Q84LJ9,49451,Nicotiana attenuata (Coyote tobacco),455,50513,GO:0004867,MAVHRVSFLALLLLFGMSMLVSNVEHADAKACPRNCDGRIAYEICPRSEEKKNDRICTNCCAGTKGCKYFSDDGTFICEGESDPRNPKACPRNCDGRIAYGICPRSEEKKNDRICTNCCAGTKGCKYFSDDGTFICEGESDPRNPKACPRNCDGRIAYEICPRSEEKKNDRICTNCCTGTKGCKYFSDDGTFVCEGESDPRNPKACPRNCDGRIAYEICPRSEEKKNDRICTNCCAGTKGCKYFSDDGTFICEGESDPRNPKACPRNCDGRIAYEICPRSEEKKNDRICTNCCAGTKGCKYFSDDGTFICEGESDPRNPKACPRNCDGRIAYEICPRTEEKKNDRICTNCCAGTKGCKYFSDDGTFVCEGESDPRNPKACPRNCDERIAYGICPRTEEKKNNQICTNCCAGTKGCNYFSANGTFICEGESEYVSKVDEYVHEVENDLQKSRVAVS
325,Q84LQ9,49451,Nicotiana attenuata (Coyote tobacco),58,6453,GO:0004867,YFSDDGTFVCEGESDPRNPKACPRNCDGRIAYEICPRSEEKKNDRICTNCCAGTKGCK
326,Q8W2K1,109975,Solanum americanum (American black nightshade) (Solanum nodiflorum),152,16413,GO:0004867,MAVHKEVSSLAYLLVLGLMFLHVSAVKHVDAKPCTRECGNLGYGICPRSEGSPENPICTNCCSGYKGCNYYSANGTFICEGSSDPKNPNTCPLFCDGDIAYSKCPRSEGETIIYPTGCTTCCTGYKGCYYFSKEGEFVCEGESDEPNVISNQ
327,Q8W2K6,109975,Solanum americanum (American black nightshade) (Solanum nodiflorum),148,16324,GO:0004867,MAVHKVSFLACLLVLGWMFLLAKHVDAKACTRECGHFSYGICPRSEGSPQKPICTNCCSGYKGCNYYSAKGDLICEGESDPRNPKDCTFECDTQIAYSKCPRSEGKMIIKPTGCTTCCTGYQGCYYFDQDGDFVCEGESPEPKTTAYF
328,Q94I92,33113,Atropa belladonna (Belladonna) (Deadly nightshade),46,4881,GO:0004867,CDPEVAYMVCPSSGHRIIKPVCVNCCSARKGCKLFCNNGSVKCTGT
329,Q9C7G9,3702,Arabidopsis thaliana (Mouse-ear cress),81,8667,GO:0004867; GO:0006979; GO:0016021,MVTYKIWVMSFIIAGAILGGIIPGVTTTKTAIACPLYCLQVEYMTCPSSGADKLPPRCNCCLAPKNCTLHLSDSTTIHCSK
330,Q9LW92,4097,Nicotiana tabacum (Common tobacco),45,4856,GO:0004867,CDPDVAYMVCPSTRQKITKPCVNCCSPKKGCKLFRSNGSVKCTGT
331,Q9M514,4072,Capsicum annuum (Bell pepper),143,15658,GO:0004867,PVPNSARKGNAENRICTNCCAGRKGCNYFSDIGTFICEGESHPNNPKACPRNCDTRIAYSKMSTFRRKTQKIAYAPIAVQAVRVATNYSADGTFICEGESDPNNPKACPRNCDQILPIHCVSMKNKSMNSVMLISVICLGVYL
332,Q9SDL4,4072,Capsicum annuum (Bell pepper),204,22456,GO:0004867,MAVHKEVSFLAFLLVLEILLLHVDAKACSEENAENRICTNCCAGRKGCNYYSADGTFICEGESDPNNPKACPRYCDTRIAYSKCPRSEGNAENRICTNCCAGRKGCNYYSVIGTFICEGESDPNNPKACPRNCDTRIAYSKCPRSEGNAENRLCTNCCAGRKVCNYYSADGTFICEGESDPNNPKACPRNCDPNIAYSLCLYEK
333,Q9SDW7,35889,Nicotiana glutinosa (Tobacco),390,42785,GO:0004867,VHRASFRALLLLFGISLLVSTVEHADAKACPRNCDRRIAYGICPRSEEKNNDRICTNCCAGMKGCNYFSADGTFVCEGESGPKNPKACPRNCDGRIAYGVCPRKEEKKNNWICTNCCAGTKGCNYFSADGTFVCEGESDPRNPKACPRNCDPRISDEICPRSEEKNNNQICTNCCAGTKGCNYFSADGTFVCEGEYDPKNPKACPRNCDPRISYGVCPRSEEKNNNQICTNCCAGTKGCNYFSADGTFVCEGEYDPKNPKACPRNCDGRIDYGVCPRSEEKKNNQICTNCCAGTKGCNYFSADGTFVCEGESDPRNPKACPLNCDGRIAYEICPRTEEKKTNQICTNCCAGTKGCNYFNANGTFICEGESEYVNKVENDLEKSKVLFSKS
334,Q9SDW8,35889,Nicotiana glutinosa (Tobacco),506,55352,GO:0004867,MAVHRASFRALLLLFGISLLVSTVEHADAKACPRNCDRRIAYGICPRSEEKNNDRICTNCCAGMKGCNYFSADGTFVCEGESGPKNPKACPRNCDGRIAYGVCPRKEEKKNNWICTNCCAGMKGCNYFSADGTFVCEGESGPKNPKACPRNCDGRIAYGVCPRKEEKKNNWICTNCCAGMKGCNYFSADGTFVCEGESGPKNPKACPRNCDGRIAYGVCPRKEEKKNNWICTNCCAGTKGCNYFSADGTFVCEGESDPRNPKACPRNCDPRISDEICPRSEEKNNNQICTNCCAGTKGCNYFSADGTFVCEGEYDPKNPKACPRNCDPRISYGVCPRSEEKNNNQICTNCCAGTKGCNYFSADGTFVCEGEYDPKNPKACPRNCDGRIDYGVCPRSEEKKNNQICTNCCAGTKGCNYFSADGTFVCEGESDPRNPKACPLNCDGRIAYEICPRTEEKKTNQICTNCCAGTKGCNYFNANGTFICEGESEYVNKVENDLEKSKVAVF
335,Q9SQ77,4087,Nicotiana alata (Winged tobacco) (Persian tobacco),281,30737,GO:0004867,MAAHRVSFLALLLLFGMSLLVSNVEHADAKACTLNCDPRIAYGVCPRSEEKKNDRICTNCCAGTKGCKYFSDDGTFVCEGESDPRNPKACTLNCDPRIAYGVCPRSEEKKNDRICTNCCAGTKGCKYFSDDGTFVCEGESDPKNPKACPRNCDPRIAYGICPLSEEKKNDRICTNCCAGKKGCKYFSDDGTFVCEGESDPRNPKACPRNCDGRIAYGICPLSEEKKNDRICTNCCAGKKGCKYFSDDGTFICEGESEYASKVDEYVGEVENDLQKSKVAVS
336,R0GJB3,81985,Capsella rubella,80,8401,GO:0004867; GO:0016021,MATNKILVMSLIIVGAMLGGVIPGVTTGKTAKACPLYCLQVEYMTCLSSGDAKLPPRCNCCLAPKNCTLHLSDSTSIHCK
337,R7WBW6,37682,Aegilops tauschii (Tausch's goatgrass) (Aegilops squarrosa),78,8314,GO:0004867; GO:0006979,MATCRFHIACAPLLVCVMLLGKNQEGMEAVACHQYCLEVDYITCPSSGSEKLPARCNCCMAGKGCTLHLSGGINQTCN
338,S8C5T1,192259,Genlisea aurea,93,10125,GO:0004867,MESAGARFCPLFCFRSEYMTCPSTGYERLPPQCNCCLAGPGCKIYGFDGRLLCAEPEAPRLPPRCNCCLAGPGCKIHGFDGRLLCAEPEVPYP
339,S8C608,192259,Genlisea aurea,73,7516,GO:0004867,MAARNYAVSFALLILIIAAVEGSKACYLICFDAAYMTCPSTGLQKLAPACNCCLAGSGCKIYAADGSLICSKP
340,T1PZ63,4072,Capsicum annuum (Bell pepper),146,15820,GO:0004867,MAVPKEVSFLASLLVLGILLLHVDAKACSQRNAKEPICTNCCAGRKGCNYYSADGTFICEGESDPNNPKPCTLNCDPRIFYSKCPRSEASAEQPICTNCCAGLKGCNYYNADGTFICEGESDPNHPKACPKNCDPNIAYSLCLYEK
341,T1PZ64,4072,Capsicum annuum (Bell pepper),262,28568,GO:0004867,MAVPKEVSFLAFLLVLEILLLHVDAKACSEENAENRICTNCCAGRKGCNYYSADGTFICEGESDPNNPKACPRYCDTRIAYSKCPRSEGNAENRICTNCCAGRKGCNYYSADGTFICEGESDPNNPKACPRNCDTRIAYSKCPRSEGNAENRLCTNCCAGRKGCNYYSADGTFICEGESDPNNPKACPRNCDPNIAYSKCPRSEGNAENRLCTNCCAGRKGCNYYSADGTFICEGESDPNNPKACPRNCDPNIAYSLCAYEK
342,T1PZ65,4072,Capsicum annuum (Bell pepper),204,22357,GO:0004867,MAVPKEVSFLAFVLVLGILLLHVDAKACSEENAENRICTNCCAGRKGCNYYSADGTFICEGESDPNNPKPCTLNCDPRIFYSKCPRSEGNAENRICTNCCAGRKGCYYYSDDGTFICEGESDPNNPKPCPRNCDTRIAYSICPHSEGNAENRICTNCCAGRKGCNYYSADGTFICEGESDPNNPKACPRNCDPNIAYSLCLYEK
343,T1PZ68,4072,Capsicum annuum (Bell pepper),204,22374,GO:0004867,MAVPKEVSFLAFVLVLGILLXHVDAKACSEENAENRICTNCCAGRKGCNYYSADGTFICEGESDPNNPKPCTLNCDPRIFYSKCPRSEGNAENRICTNCCAGRKGCYYYSDDGTFICEGESDPNNPKPCPRNCDTRIAYSICPRSEGNAENRICTNCCAGRKGCNYYSADGTFICEGESDPNNPKACPRNCDPNIAYSLCLYEK
344,T1PZ72,4072,Capsicum annuum (Bell pepper),204,22462,GO:0004867,MAVPKEVSFLAFLLVLEILLLHVDAKACSEENAENRICTNCCAGRKGCNYYSADGTFICEGESDPNNPKPCTLNCDPRIFYSKCPRSEGNAENRICTNCCAGRKGCYYYSDDGTFICEGESDPNNPKPCPRNCDTRIAYSICPRSEGNAENRICTNCCAGRKGCNYYSADGTFICEGESDPNNPKACPRNCDPNIAYSLCLYEK
345,T1PZ73,4072,Capsicum annuum (Bell pepper),204,22332,GO:0004867,MAVPKEVSFLAFLLVLEILLLHVDAKACSEENAENRICTNCCAGRKGCNYYSADGTFICEGESDPNNPKACPRYCDTRIAYSKCPRSEGNAENRICTNCCAGRKGCNYYSADGTFICEGESDPNNPKACPRNCDTRIAYSKCPRSEGNAENRLCTNCCAGRKGCNYYSADGTFICEGESDPNNPKACPRNCDPNIAYSPCLYEK
346,T1PZ75,4072,Capsicum annuum (Bell pepper),204,22318,GO:0004867,MAVPKEVSFLAFVLVLGILLLHVDAKACSEENAENRICTNCCAGRKGCNYYSADGTFICEGESDPNNPKPCTLNCDPRIFYSKCPRSEGNAENRICTNCCAGRKGCYYYSDDGTFICEGESGPNNPKPCPRNCDTRIAYSICPRSEGNAENRICTNCCAGRKGCNYYSADGTFICEGESDPNNPKACPRNCDPNIAYSLCLYEK
347,T1PZ76,4072,Capsicum annuum (Bell pepper),204,22264,GO:0004867,MAVPKEVSFLAFLLVLEILLLHVDAKACSEENAENRICTNCCAGRKGCNYYSADGTFICEGESDPNNPKACPRYCDTRIAYSKCPRSEGNAENRICTNCCAGRKGCNYYSADGTFICEGESGPNNPKACPRNCDTRIAYSKCPRSEGNAENRLCTNCCAGRKGCNYYSADGTFICEGESDPNNPKACPRNCDPNIAYSLCLHEK
348,T1PZ78,4072,Capsicum annuum (Bell pepper),204,22365,GO:0004867,MAVPKEVSFLAFVLVLGILLLHVDAKACSEENAENRICTNCCAGRKGCNYYSADGTFICEGESDPNNPKPCTLNCDPRIFYSKCPRSEGNAENRICTNCCAGRKGCYYYSDDGTFICEGESDPNNPKACPRNCDTRIAYSKCPRSEGNAENRLCTNCCAGRKGCNYYSADGTFICEGESDPNNPKACPRNCDPNIAYSLCLYEK
349,T1PZ84,4072,Capsicum annuum (Bell pepper),146,15942,GO:0004867,MAVPKEVSFLAFVLVLGILLLHVDAKACSEENAENRICTNCCAGRKGCNYYSADGTLICEGESDPNNPKPCTPNCDPRIFYSKCPRSEGNVENRICTNCCAGRKGCNYYSADGTFICEGESDPNNPKACPRNCDPNIAYSLCLYEK
350,T1PZ85,4072,Capsicum annuum (Bell pepper),262,28727,GO:0004867,MAVPKEVSFLAFVLVLGILLLHVDAKACSEENAENRICANWCAGRKGCYYYSDDGTFICEGESDPNNPKPCPRNCDTRIAYSICPRSEGNAENRICTNCCAGRKGCNYYSADGTFICEGESDPNNPKACPRYCDTRIAYSKCPRSEGNAENRICTNCCAGRKGCNYYSADGTFICEGESDPNNPKACPRNCDTRIAYSKCPRSEGNAENRLCTNCCAGRKGCNYYSADGTFICEGESDPNNPKACPRNCDPNIAYSLCLYEK
351,T1PZ86,4072,Capsicum annuum (Bell pepper),204,22379,GO:0004867,MAVPKEVSFLAFLLVLGILLLHVDAKACSEENAENRICTNCCAGRKGCNYYSADGTFICEGESDPNNPKPCTLNCDPRIFYSKCPRSEGNAENRICTNCCAGRKGCYYYSDDGTFICEGESDPNNPKACPRNCDTRIAYSKCPRSEGNAENRLCTNCCAGRKGCNYYSADGTFICEGESDPNNPKACPRNCDPNIAYSLCLYEK
352,T1PZ88,4072,Capsicum annuum (Bell pepper),146,15850,GO:0004867,MAVPKEVSFLAFVLVLGILLLHVDAKACSEENAENRICTNCCAGRKGCNYYSADGTFICEGESDPNNPKPCTLNCDTRIAYSICPRSEGNAENRICTNCCAGRKGCNYYSADGTFICEGESDPNSPKACPRNCDPNIAYSLCLYEK
353,T1PZ89,4072,Capsicum annuum (Bell pepper),204,22310,GO:0004867,MAVPKEVSFLAFLLVLEILLLHVDAKACSEENAENRICTNCCAGRKGCNYYSADGTFICEGESDPNNPKACPRNCDTRIAYSKCPRSEGNAENRLCTNCCAGRKGCNYYSADGTFICEGESDPNNPKPCPRNCDTRIAYSICPRSEGNAENRICTNCCAGRKGCNYYSADGTFICEGESDPNNPKACPRNCDPNIAYSLCLYEK
354,T1PZ90,4072,Capsicum annuum (Bell pepper),204,22362,GO:0004867,MAVPKEVSFLAFVLVLGILLLHVDAKACSEENAENRICTNCCAGRKGCNYYSADGTFICEGESDPNNPKPCTLNCDPRIFYSKCPRSEGNAENRICTNCCAGRKGCYYYSDDGTFICEGESDPNNPKPCPRNCDTRIAYSICPRSEGNAENRICTNCCAGRKGCNYYSADGTFICEGESDPNNPNACPRNCDPNIAYSLCLYEK
355,T1PZ91,4072,Capsicum annuum (Bell pepper),204,22348,GO:0004867,MAVPKEVSFLAFLLVLEILLLHVDAKACSEENAENRICTNCCAGRKGCNYYSADGTFICEGESDPNNPKACPRYCDTRIAYSKCPRSEGNAENRICTNCCAGRKGCNYYSADGTFICEGESDPNNPKACPRNCDTRIAYSKCPRSEGNAENRLCTNCCAGRKGCNYYSADGTFICEGESDPNNPKACPRNCDPNIAYSLCLYEK
356,T1PZA9,4072,Capsicum annuum (Bell pepper),146,16040,GO:0004867,MAVPKEVSFLAFLLVLEILLLHVDAKACSEENAENRICTNCCAGRKGCNYYSADGTFICEGESDPNNPKACPRYCDTRIAYSKCPRSEGNAENRICTNCCAGRKGCNYYSADGTFICEGESDPNNPKACPRNCDPNIAYSLCLYEK
357,T1PZB0,4072,Capsicum annuum (Bell pepper),146,15844,GO:0004867,MAVPREVSFLAFVLVLGILLLHVDAKACSEENAENRICTNCCAGRKGCNYYSADGTFICEGESDPNNPKPCTLNCDPRIAYSKCPRSEGNAGNRICTNCCAGRKGCNYYSADGTFICEGESDPNNPKACPRNCDPNIAYSLCLYEK
358,T1PZB1,4072,Capsicum annuum (Bell pepper),204,22276,GO:0004867,MAVPKEVSFLAFLLVLEILLLHVDAKACSEENAENRICTNCCAGRKGCNYYSADGTFICEGESDPNNPKACPRYCDTRIAYSKCPRSEGNAENRICTNCCAGRKGCNYYSADGTFICEGESDPNNPKACPRNCDTRIAYSKCPRSGGNAENRLCTNCCAGRKGCNYYSADGTFICEGESDPNNPKACPRNCDPNIAYSLCLYEK
359,T1PZB2,4072,Capsicum annuum (Bell pepper),204,22272,GO:0004867,MAVPKEVSFLAFVLVLGILLLHVDAKACSEENAENRICTNCCAGRKGCNYYSADGTFICEGESDPNNPKPCTLNCDPRIFYSKCPRSEGNAENRICTNCCAGRKGCNYYSADGTFICEGESDPNNPKACPRNCDTRIAYSKCPRSEGNAENRLCTNCCAGRKGCNYYSADGTFICEGESDPNNPKACPRNCDPNIAYSLCLYEK
360,T1PZB3,4072,Capsicum annuum (Bell pepper),204,22347,GO:0004867,MAVPKEVSFLAFLLVLEILLLHVDAKACSEENAENRICTNCCAGRKGCNYYSADGTFICEGESDPNNPKACPRYCDTRIAYSKCPRSEGNAENRICTNCCAGRKGCNYYSADGTFICEGESDPNNPKACPRNCDTRIAYSKCPRSEGNAENRLCTNCCAGRKGCNYYSADGTFICEGESDPNNPKACPRNCDPNIAYSLCLYQK
361,T1PZB4,4072,Capsicum annuum (Bell pepper),262,28563,GO:0004867,MAVPKEVSFLASLLVLGILLLHVDAKACSQRNAKEPICTNCCAGRKGCNYYSADGTFICEGESDPNNPKPCTLNCDPRIFYSKCPRSEGNAENRICTNCCAGRKGCNYYSADGTFICEGESDPNNPKACPRYCDTRIAYSKCPRSEGNAENRICTNCCAGRKGCNYYSADGTFICEGESDPNNPKACPRNCDTRIAYSKCPRSEGNAENRLCTNCCAGRKGCNYYSADGTFICEGKSDPNNPKACPRNCDPNIAYSLCLYEK
362,T1PZB5,4072,Capsicum annuum (Bell pepper),204,22273,GO:0004867,MAVPKEVSFLAFVLVLGILLLHVDAKACSEENAENRICTNCCAGRKGCNYYSADGTFICEGESDPNNPKPCPRNCDTRIAYSICPRSEGNAENRICTNCCAGRKGCNYYSADGTFICEGESDPNNPKACPRYCDTRIAYSKCPRSEGNAENRICTNCCAGRKGCNYYSADGTFICEGESDPNNPKACPRNCDPNIAYSLCLYEK
363,T1PZB6,4072,Capsicum annuum (Bell pepper),204,22300,GO:0004867,MAVPKEVSFLAFVLVPGILLLHVDAKACSEENAENRICTNCCAGRKGCNYYSADGTFICEGESDPNNPKPCTLNCDPRIFYSKCPRSEGNAENRICTNCCAGRKGCYCYSDDGTFICEGESDPNNPKPCPRNCDTRIAYSICPRSEGNAENRICTNCCAGRKGCNYYSADGTFICEGESDPNNPKACPRNCDPNIAYSLCLYEK
364,T1PZB7,4072,Capsicum annuum (Bell pepper),204,22164,GO:0004867,MAVPKEVSFLAFVLVLEILLVHVDAKACSEENAENGICTNCCAGRKGCNYYSADGTFICEGESDPNNPKACPRYCDTRIAYSKCPRSEGGAENRLCTNCCAGRKGCNYYSADGTFICEGESDPNNPKACPRNCDTRIAYSKCPRSEGNAENRLCTNCCAGRKGCNYYSADGTFICEGESDPNNPKACPRNCDPNIAYSLCLYEK
365,T1PZE6,4072,Capsicum annuum (Bell pepper),160,17586,GO:0004867,MAVPKEVSFLAFLLVLGESDPNNPKACPRYCDTRIAYSKCPRSEGNAENRICTNCCAGRKGCNYYSADGTFICEGESDPNNPKACPRYCDTRIAYSKCPRSEGNAENRICTNCCAGRKGCNYYSADGTFICEGESDPNNPKACPRNCDPNIAYSLCLYEK
366,T1PZE8,4072,Capsicum annuum (Bell pepper),146,16024,GO:0004867,MAVPKEVSFPAFLLVLEILLLHVDAKACSEENAENRICTNCCAGRKGCNYYSADGTFICEGESDPNNPKACPRYCDTRIAYSKCPRSEGNAENRLCTNCCAGRKGCNYYSADGTFICEGESDPNNPKACPRNCDPNIAYSLCLYEK
367,T1PZF0,4072,Capsicum annuum (Bell pepper),204,22262,GO:0004867,MAVPKEVSFLAFVLVLGILLLHVDAKACSEENAENRICTNCCAGRKGCNYYSADGTFICEGESDPNNPKACPRYCDTRIAYSKCPRSEGNAENRICTNCCAGRKGCNYYSADGTFICEGESDPNNPKACPRNCDTRIAYSKCPRSEGNAENRLCTNCCAGRKGCNYYSADGTFICEGESDPNNPKACPRNCDPNIAYSLCLYEK
368,T1PZF2,4072,Capsicum annuum (Bell pepper),204,22330,GO:0004867,MAVPKEVSFLASLLVLGILLLHVDAKACSEENAENRICTNCCAGRKGCNYYSADGTFICEGESDPNNPKPCTLNCDPRIFYSKCPRSEGNAENRICTNCCAGRKGCYYYSDDGTFICEGESDPNNPKPCPRNCDTRIAYSICPRSEGNAENRICTNCCAGRKGCNYYSADGTFICEGESDPNNPKACPRNCDPNIAYSLCLYEK
369,T1PZF5,4072,Capsicum annuum (Bell pepper),204,22334,GO:0004867,MAVPKEVSFLAFVLVLEILLLHVDAKACSEENAENRICTNCCAGRKGCNYYSADGTFICEGESDPNNPKACPRYCDTRIAYSKCPRSEGNAENRICTNCCAGRKGCNYYSADGTFICEGESDPNNPKACPRNCDTRIAYSKCPRSEGNAENRICTNCCAGRKGCNYYSADGTFICEGESDPNNPKACPRNCDPNIAYSLCLYEK
370,T1PZF6,4072,Capsicum annuum (Bell pepper),262,28410,GO:0004867,MAVPKEVSFLASLLVLGILLLHVDAKACSQRNAKEPICTNCCAGRKGCNYYSADGTFICEGESDPNNPKPCTLNCDPRIFYSKCPRSEGNAENRICTNCCAGRKGCNYYSADGTFICEGESDPNNPKPCPRNCDTRIAYSKCPCSEGNAENRICTNCCAGRKGCNYYSAGGTFICEGESDPNNPKPCTLNCDPRIFYSKCPRSEASAEQPICTNCCAGLKGCNYYNADGTFICEGESDPNHPKACPKNCDPNIAYSLCLYEK
371,T1PZF7,4072,Capsicum annuum (Bell pepper),204,22366,GO:0004867,MAVPKEVSFLAFVLVLGILLLHVDAKACSEENAENRICTNCCAGRKGCNYYSADGTFICEGESDPNNPKPCTLNCDPRIFYSKCPRSEGNAENRICTNCCAGRKGCYYYCDDGTFICEGESDPNNPKPCPRNCDTRIAYSICPRSEGNAENRICTNCCAGRKGCNYYSADGTFICEGESDPNNPKACPRNCDPNIAHSLCLYEK
372,T1PZF8,4072,Capsicum annuum (Bell pepper),204,22351,GO:0004867,MAVPKEVSSLAFVLVLGILFLHVDAKACSEENAENRICTNCCAGRRGCNYYSADGTFICEGESDPNNPKPCTLNCDPRIFYSKCPRSEGNAENRICTSCCAGRKGCYYYSDDGTFICEGESDPNNPKPCPRNCDTRIAYSICPRSEGNAENRICTNCCAGRKGCNYYSADGTFICEGESDPNNPKACPRNCDPNIAYSLCLYEK
373,T1PZF9,4072,Capsicum annuum (Bell pepper),204,22302,GO:0004867,MAVPKEVSFLASLLVLGILLLHVDAKACSQRNAKEPICTNCCAGRKGCNYYSADGTFICEGESDPNNPKPCTLNCDPRIFYSKCPRSEGNAENRICTNCCAGRKGCNYYSADGTFICEGESDPNHPKACPRNCDPRIFYSKCPRSEGNAENRICTNCCAGRKGCNYYSADGTFICEGESDPNNPKACPRNCDPNIAYSLCLYEK
374,T1PZJ5,4072,Capsicum annuum (Bell pepper),146,15929,GO:0004867,MAVPKEVSFLASLLVLGILLLHVDAKACSQRNAKEPICTNCCTGRKGCNYYSADGTFICEGESDPNNPKPCTLNCDPRIFYSKCPRSEGNAENRICTNCCAGRKGCNYYSADGTFICEGESDPNNPKACPRNCDPNIAYSLCLYEK
375,T1PZJ7,4072,Capsicum annuum (Bell pepper),204,22437,GO:0004867,MAVPKEVSFLAFVLVLGILLLHVDAKACSEENAENRICTNCCAGRKGCNYYSADGTFICEGESDPNNPKPCTLNCDPRIFYSKYPRSEGNAENRICTNCCAGRKGCYYYSDDGTFICEGESDPNNPKPCPRNCDTRIAYSICPRSEGNAENRICTNCCAGRKGCNYYSADGTFICEGESDPNNPKACPRDCDPNIAYSLCLYEK
376,T1PZJ8,4072,Capsicum annuum (Bell pepper),204,22256,GO:0004867,MAVPKEVSFLASLLVLGILLLHVDAKACSQRNAKEPICTNCCAGRKGCNYYSADGTFICEGESDPNNPKPCTLNCDPRIFYSKCPRSEGNAENRICTNCCAGRKGCNYYSADGTFICEGESDPNNPKACPRYCDTRIAYSKCPRSEGNAENRLCTNCCAGRKGCNYYSADGTFICEGESDPNNPKACPRNCDPNIAYSLCLYEK
377,T1PZK0,4072,Capsicum annuum (Bell pepper),204,22420,GO:0004867,MAVPKEVSFLAFLLVLEILLLHVDAKACSEENAENRICTNCCAGRKGCNYYSADGTFICEGESDPNNPKACPRYCDTRIAYSKCPRSEGNAENRICTNCCAGRKGCNYYSADGTFICEGESDPNNPKACPRYCDTRIAYSKCPRSEGNAENRLCTNCCAGRKGCNYYSADGTFICEGESDPNHPKACPRNCDPNIAYSLCLYEK
378,T1PZK2,4072,Capsicum annuum (Bell pepper),204,22313,GO:0004867,MAVPKEVSFLAFLLVLEILLLHVDAKACSEENAENRICTNCCAGRKGCNYYSADGTFICEGESDPNNPKTCPRYCDTRIAYSKCPRSEGNAENRICTNCCAGRKGCNYYSADGTFICEGESDPNNPKACPRNCDTRIAYSKCPRSEGNAENRLCTNCCAGRKGCNYHSADGTFICEGESDPNTPKACPRNCDPNIAHSLCLYEK
379,T1PZK4,4072,Capsicum annuum (Bell pepper),204,22442,GO:0004867,MAVPKEVSFLAFVLVLGILLLHVDAKACSEENAENRICTNCCAGRKGCNYYSADGTFICEGESDPNNSKPCTLNCDPRIFYSKCPRSEGNAENRICTNCCAGRKGCYYYSDDGTFICEGESDPNNPKPCPRNCDTRIAYSICPRSEGNAENRICTNCCAGRNFCNYYSADGTFICEGESDPNNPKACPRNCDPNIAYSLCLYEK
380,T1PZK7,4072,Capsicum annuum (Bell pepper),204,22332,GO:0004867,MAVPKEVSFLAFLLVLEILLLHVDAKACSEENAENRICTNCCAGRKGCNYYSADGTFICEGESDPNNPKACPRYCDTRIAYSKCPRSEGNAENRICTNCCAGRKGCNYFSADGTFICEGESDPNNPKACPRNCDTRIAYSKCPRSEGNAENRLCTNCCAGRKGCNYYSADGTFICEGESDPNNPKACPRNCDPNIAYSLCLYEK
381,T1PZL0,4072,Capsicum annuum (Bell pepper),204,22376,GO:0004867,MAVPKEVSFLAFLLVLEILLLHVDAKACSEENAENRICTNCCAGRKGCNYYSADGTFICEGESDPNNPKACPRYCDTRIAYSKCPRSEGNAENRLCTNCCAGRKGCNYYSADGTFICEGESDPNNPKACPRNCDTRIAYSKCPRSEGNAENRLCTNCCAGRRGCNYYSADGTFICEGESDPNNPKACPRNCDPNIAYSLCLYEK
382,W5ADU4,4565,Triticum aestivum (Wheat),78,8204,,MATSRLHIACALLLAGVVLLGQNQEGMEAVACPQYCLEVDYITCPSSGSQKLPARCNCCMAPKGCTLHLSDGINQTCS
383,W9RZD9,981085,Morus notabilis,117,12798,GO:0004867,MANLHVCCNSLILNPALPPQSYNKLRPGNPKRSTEQQRRRTTTVFVSKSGATAFVGLQSANYVKAQKICPQYCLDVEYMTCGSSCERLEPKCNCCLAPEGCTLHLADGTSEYCGNTT
