RclID,Rcl,targetProtease,tpID
RL-1,CPRNC,Trypsin,TP-1
RL-2,CPLNC,Chymotrypsin,TP-2
RL-3,CTLNC,Chymotrypsin,TP-2
RL-4,CTREC,Trypsin,TP-1
RL-5,CPFNC,Chymotrypsin,TP-2
RL-6,CPRYC,Trypsin,TP-1
RL-7,CTFNC,Chymotrypsin,TP-2
RL-8,CTFEC,Chymotrypsin,TP-2
RL-9,CTLEC,Chymotrypsin,TP-2
RL-10,CTKEC,Trypsin,TP-1
RL-11,CPKNC,Trypsin,TP-1
RL-12,CPQFC,Unknown,TP-4
RL-13,CSKEC,Trypsin,TP-1
RL-14,CPPNC,Unknown,TP-4
RL-15,CTIEC,Chymotrypsin,TP-2
RL-16,CPQNC,Unknown,TP-4
RL-17,CPRIC,Trypsin,TP-1
RL-18,CTQEC,Unknown,TP-4
RL-19,CTMEC,Unknown,TP-4
RL-20,CTQQC,Unknown,TP-4
RL-21,CPAIC,Elastase,TP-3
RL-22,CSRNC,Trypsin,TP-1
RL-23,CPKEC,Trypsin,TP-1
RL-24,CTTEC,Unknown,TP-4
RL-25,CTQHC,Unknown,TP-4
RL-26,CLQYC,Unknown,TP-4
RL-27,CPLYC,Chymotrypsin,TP-2
RL-28,CTPNC,Unknown,TP-4
RL-29,CPANC,Elastase,TP-3
RL-30,CTRNC,Trypsin,TP-1
RL-31,CTLDC,Chymotrypsin,TP-2
RL-32,CRRNC,Trypsin,TP-1
RL-33,CPQYC,Unknown,TP-4
RL-34,CPFYC,Chymotrypsin,TP-2
RL-35,CPLFC,Chymotrypsin,TP-2
RL-36,CLQVC,Unknown,TP-4
RL-37,CLQFC,Unknown,TP-4
RL-38,CIQVC,Unknown,TP-4
RL-39,CPLIC,Chymotrypsin,TP-2
RL-40,CPQIC,Unknown,TP-4
RL-41,CPLVC,Chymotrypsin,TP-2
RL-42,CNKIC,Trypsin,TP-1
RL-43,CPRDC,Trypsin,TP-1
RL-44,CAMYC,Unknown,TP-4
RL-45,CSFNC,Chymotrypsin,TP-2
RL-46,CPSYC,Unknown,TP-4
RL-47,CLGNC,Elastase,TP-3
RL-48,CIREC,Trypsin,TP-1
RL-49,CHLNC,Chymotrypsin,TP-2
RL-50,CSYEC,Chymotrypsin,TP-2
RL-51,CLQKC,Unknown,TP-4
RL-52,CPRFC,Trypsin,TP-1
RL-53,CPFFC,Chymotrypsin,TP-2
RL-54,CTQDC,Unknown,TP-4
RL-55,CIQIC,Unknown,TP-4
RL-56,CYLIC,Chymotrypsin,TP-2
RL-57,CYLYC,Chymotrypsin,TP-2
RL-58,CPMYC,Unknown,TP-4
RL-59,CHQYC,Unknown,TP-4
RL-60,CTFKC,Chymotrypsin,TP-2
RL-61,CIEIC,Unknown,TP-4
RL-62,CIETC,Unknown,TP-4
RL-63,CPDIC,Unknown,TP-4
