,domainID,Domain,DomVariant,RclID,RCL,targetProtease,tpID,S_position,E_position
0,IRD-1,QICINCCAGKKGCNYFSADGTFICEGESEYVSEVNDNLEKHCPRNCDPRIAYVICPRS,1,RL-1,CPRNC,Trypsin,TP-1,41,45
1,IRD-2,QICTNCCAGKKGCMYFSDDGTFICEGESEYVSEVPVDNKPCPRNCDGRIAYGICPLS,1,RL-1,CPRNC,Trypsin,TP-1,40,44
2,IRD-3,QICTNCCAGKKGCMYFSNDGTFICEGESEYVSEVPVDNKPCPRNCDGRIAYGICPLS,1,RL-1,CPRNC,Trypsin,TP-1,40,44
3,IRD-4,VGCTNCCSGTEGCNYYSANGTFICEGQTKKTIDETNKACPRNCNPRIAYSICPGN,1,RL-1,CPRNC,Trypsin,TP-1,38,42
4,IRD-5,LGCTNCCAGSLGCNYYSANGTFICEGESEIKVETIETEVETMVEPNKICPRNCDPKIRYG,1,RL-1,CPRNC,Trypsin,TP-1,48,52
5,IRD-6,VGCTNCCAAKKGCNYFSANGTFVCEGETETKVETIETEVETMVELNKVCPFNCDGRISYS,1,RL-5,CPFNC,Chymotrypsin,TP-2,48,52
6,IRD-7,GICTNCCAGKKGCYYFSVDGTFICEGESDYVSKIKNDVGKACPFNCDPRITYGICPHS,1,RL-5,CPFNC,Chymotrypsin,TP-2,41,45
7,IRD-8,VGCTNCCSGTEGCNYFSANGTFICEGQTKKTIDETNKVCPFNCNPRIAYSICPGN,1,RL-5,CPFNC,Chymotrypsin,TP-2,38,42
8,IRD-9,TGCTTCCTGYTDCYYFGKDGKFVCEGESIEPKACTLECDSRLH,1,RL-9,CTLEC,Chymotrypsin,TP-2,33,37
9,IRD-10,TGCTTCCTGYKGCYYFGKDGKFVCEGESTEPKACTLECDPRVAYMTCPST,1,RL-9,CTLEC,Chymotrypsin,TP-2,33,37
10,IRD-11,TGCTTCCTGYKGCYYFGKDGKFVCEGESTEPKACTLECDPRVAYMTCPSA,1,RL-9,CTLEC,Chymotrypsin,TP-2,33,37
11,IRD-12,TGCTTCCTGYKGCYYFGKDGKFLCEGESTEPKACTLECDPRVAYMTCPST,1,RL-9,CTLEC,Chymotrypsin,TP-2,33,37
12,IRD-13,TGCTTCCTGYKGCYYFGKDGKFVCEGESIEPKACTLECDSRVAYMTCPSS,1,RL-9,CTLEC,Chymotrypsin,TP-2,33,37
13,IRD-14,TGCTTCCTGYKGCYYFGHDGKFVCEGQSSEPRACTLECDPKVAYMTCPSS,1,RL-9,CTLEC,Chymotrypsin,TP-2,33,37
14,IRD-15,TECTTCCTGYKGCYYFGHDGKFVCEGQSSEPRACTLECDPKVAYMTCPSS,1,RL-9,CTLEC,Chymotrypsin,TP-2,33,37
15,IRD-16,KICTKECGNLGFGICPRSEGSPKNPICINCCSGYKGCNYYSVFGRFICEG,1,RL-10,CTKEC,Trypsin,TP-1,2,6
16,IRD-17,KICTKECLNVGYMICPSSGPQKLHPSCTNCCRAQKGCKLYRSDGTLICT,1,RL-10,CTKEC,Trypsin,TP-1,2,6
17,IRD-18,GLCTNCCAGKKGCKYFSKDGTYICDGESEWVSEKNNNLKKACTKECDTRIDFGICPLL,1,RL-10,CTKEC,Trypsin,TP-1,41,45
18,IRD-19,GLCTNCCAGKKGCKYFSKDGTYICDGESEWVSEKDNNLEKDCTKECDTRIDFGICPLL,1,RL-10,CTKEC,Trypsin,TP-1,41,45
19,IRD-20,TGCTTCCTGYKGCYYFGQDGEFVCEGESIEPKGCTKECDPRVAYMTCPSS,1,RL-10,CTKEC,Trypsin,TP-1,33,37
20,IRD-21,GICINCCSGFKECKYFSKDYTFICDGESKDWESRKACSKECDRRIEFGICVTD,1,RL-13,CSKEC,Trypsin,TP-1,36,40
21,IRD-22,GICINCCSGYKECKYFSKDYTFICDGESKDWQSRKACSKECDRRIEFGICVTD,1,RL-13,CSKEC,Trypsin,TP-1,36,40
22,IRD-23,GICINCCSGYKECKYFSKDYTFICDGESTDWQSGKACSKECDRRIEFGICVTD,1,RL-13,CSKEC,Trypsin,TP-1,36,40
23,IRD-24,GICINCCSGFKECKYFSKDYTFICDGESKDWESRKACSKECDRRIEIGICVTD,1,RL-13,CSKEC,Trypsin,TP-1,36,40
24,IRD-25,GICINCCSGFKECKYFSKDYTLICDGESKDWESRKACSKECDRRIEFGICVTD,1,RL-13,CSKEC,Trypsin,TP-1,36,40
25,IRD-26,PLCVNCCSGKIGCKYFNKNGTFICDGGSEWDGRKACSKECDPRIDIGFCAYV,1,RL-13,CSKEC,Trypsin,TP-1,35,39
26,IRD-27,TGCTTCCTGYKGCYYFGQEGEFVCEGESIEPKGCTQECDPRVAYMTCPSS,1,RL-18,CTQEC,Unknown,TP-4,33,37
27,IRD-28,TGCTTCCTGYKGCYYYGKDDKFVCEGESIEPRVCTQECDPRVAYMTCPST,1,RL-18,CTQEC,Unknown,TP-4,33,37
28,IRD-29,TGCTTCCTGYKGCYYYGKDGKFVCEGESIEPRVCTQECDPRVAYMTCPST,1,RL-18,CTQEC,Unknown,TP-4,33,37
29,IRD-30,TGCTTCCTGYKGCYYYGKDDKFVCEGESIEPRVCTQECDPRVAYMTCPSD,1,RL-18,CTQEC,Unknown,TP-4,33,37
30,IRD-31,IECTSCCTGYKGCYYFDLDGKFVCEGKRSEPKICTQQCDPKVAYMICPSS,1,RL-20,CTQQC,Unknown,TP-4,33,37
31,IRD-32,TKCTTCCTGYKGCYYYGKDNKFVCEGQSNEPKVCTQQCDPKVAYMTCPPE,1,RL-20,CTQQC,Unknown,TP-4,33,37
32,IRD-33,TGCTTCCTGYKGCYYYGKDNKFVCEGQSDEPKVCTQQCDPKVAYMTCPPE,1,RL-20,CTQQC,Unknown,TP-4,33,37
33,IRD-34,IECTSCCTGYKGCYYFGLDGKFVCEGKRSEPKICTQQCDPKVAYMICPSS,1,RL-20,CTQQC,Unknown,TP-4,33,37
34,IRD-35,TGCTNCCTGYKGCYYFGEDGKFVCKGESPEPKICPAICDLTAAYMTCPSS,1,RL-21,CPAIC,Elastase,TP-3,33,37
35,IRD-36,TGCTNCCTGYKGCYYFGKDGKFVCEGESTEPKKCPAICIIDAYMTCPSS,1,RL-21,CPAIC,Elastase,TP-3,33,37
36,IRD-37,TGCTNCCTGYKGCYYFGKDGKFVCEGESTEPKKCPAICIIAAYMTCPSS,1,RL-21,CPAIC,Elastase,TP-3,33,37
37,IRD-38,RICTNCCAARKGCNYFSADGTFVCKGESVVESMIEAVKPCRRNCDGRISYSVCGNK,1,RL-32,CRRNC,Trypsin,TP-1,39,43
38,IRD-39,VGCTNCCAAKKGCNYFSANGTFVCKGESVVESMIEAVKPCRRNCDGRISYSVCGNK,1,RL-32,CRRNC,Trypsin,TP-1,39,43
39,IRD-40,TGCTTCCTGYKGCYYFGKDGKFVCEGESDEPKACTMECDPRVAYMICPSS,1,RL-19,CTMEC,Unknown,TP-4,33,37
40,IRD-41,TGCTTCCTGYKGCYYFGQDGEFVCEGESDEPKSCTTECDPRVATISCPFS,1,RL-24,CTTEC,Unknown,TP-4,33,37
41,IRD-42,TGCTTCCTGYKGCYYFGQDGEFVCEGESDEPKSCTTECDPRVATISCPIS,1,RL-24,CTTEC,Unknown,TP-4,33,37
42,IRD-43,PICTNCCSGYKGCNYYSANGTFICEGRSDPRKTNICTQHCDPRVAYSKCPRS,1,RL-25,CTQHC,Unknown,TP-4,35,39
43,IRD-44,PICTNCCSGYKGCNYYSADGTFVCEGEFDPKEGPKACPANCDPRIAYSKCPRS,1,RL-29,CPANC,Elastase,TP-3,36,40
44,IRD-45,PICTNCCSGYKGCNYYSADGTFICEGEFDPKEGPKACPANCDPRIAYSKCPRS,1,RL-29,CPANC,Elastase,TP-3,36,40
45,IRD-46,PICTNCCAGYKGCNYYSANGTFICEGQSHPKNPKACPRNCDPHIAYS,1,RL-1,CPRNC,Trypsin,TP-1,35,39
46,IRD-47,GICTNCCAGKKGCNYFSANGTFICEGESKFVSEADNNHGKPCPRNCDPRIAYAICPHS,1,RL-1,CPRNC,Trypsin,TP-1,41,45
47,IRD-48,RICTNCCAGRKGCNYYSADGTFICEGESDPNSPKACPRNCDPNIAYSLCLYE,1,RL-1,CPRNC,Trypsin,TP-1,35,39
48,IRD-49,RICTNCCAGRKGCNYFSDIGTFICEGESHPNNPKACPRNCDTRIAYSKMST,1,RL-1,CPRNC,Trypsin,TP-1,35,39
49,IRD-50,PICTTCCAGYKGCYYYDANGKLICEGQSDPRKPNKHCPRNCDPKIAYSKCPGR,1,RL-1,CPRNC,Trypsin,TP-1,36,40
50,IRD-51,QICTNCCAGRKGCSYFSEDGTFICKGESNPENPKACPRNCDGRIAYGICPLS,1,RL-1,CPRNC,Trypsin,TP-1,35,39
51,IRD-52,RICTNCCAGYKGCNYYSANGAFICEGESDPKKPKACPRNCDPHIAYSKCPRS,1,RL-1,CPRNC,Trypsin,TP-1,35,39
52,IRD-53,PICTNCCAGYKGCNYYSANGTFICEGESDPKKPKVCPLNCDPHIAYS,1,RL-2,CPLNC,Chymotrypsin,TP-2,35,39
53,IRD-54,DICTNCCAGTKGCNTTSANGAFICEGQSDPKKPKACPLNCDPHIAYA,1,RL-2,CPLNC,Chymotrypsin,TP-2,35,39
54,IRD-55,PICTNCCSGFKGCNYYSVNGTFICEGQSDPRKPKPCPLNCDPHIAYSKCPRS,1,RL-2,CPLNC,Chymotrypsin,TP-2,35,39
55,IRD-56,PICTNCCAGYKGCNYYSANGAFICEGQSDPKKPKACPLNCDPHIAYSKCPRS,1,RL-2,CPLNC,Chymotrypsin,TP-2,35,39
56,IRD-57,HICTNCCAGYKGCNYYSANGAFICEGQSDPKKPKACPLNCDPHIAYSKCPRS,1,RL-2,CPLNC,Chymotrypsin,TP-2,35,39
57,IRD-58,RICTNCCAGYKGCNYYSANGAFICEGQSDPKKPKACPLNCDPHIAYSKCPRS,1,RL-2,CPLNC,Chymotrypsin,TP-2,35,39
58,IRD-59,PICINCCSGYKGCNYYSVFGRFICEGESDLKNPKACPLNCDTNIAYSRCPHS,1,RL-2,CPLNC,Chymotrypsin,TP-2,35,39
59,IRD-60,RICTNCCAGRKGCNYYSADGTFICEGESDPNNSKPCTLNCDPRIFYSKCPRS,1,RL-3,CTLNC,Chymotrypsin,TP-2,35,39
60,IRD-61,RICTNCCAGMKGCNYFSADGTFVCEGESDPINPKACPFNCDPRIAYGVCPRS,1,RL-5,CPFNC,Chymotrypsin,TP-2,35,39
61,IRD-62,PICINCCSGYKGCNYYNSFGKFICEGESDPKRPNACTFNCDPNIAYSRCPRS,1,RL-7,CTFNC,Chymotrypsin,TP-2,35,39
62,IRD-63,PIFINCCSGYKGCNYYNSFGKFICEGESDPKRPNACTFNCDPNIAYSRCPRS,1,RL-7,CTFNC,Chymotrypsin,TP-2,35,39
63,IRD-64,PICINCCAGYKGCNYYSANGTFICEGKSDPRKPNTCPKNCDSKIVYSKCPLS,1,RL-11,CPKNC,Trypsin,TP-1,35,39
64,IRD-65,PICTTCCAGYKGCHYYSANGTFICEGQSDPRKPNERCSKECDRKIAYSKCPRS,1,RL-13,CSKEC,Trypsin,TP-1,36,40
65,IRD-66,RICTNCCAGYKGCNYYSANGVFICEGQSDPKKPKACPPNCDPHIAYSKCPPS,1,RL-14,CPPNC,Unknown,TP-4,35,39
66,IRD-67,PICTTCCAGYKGCYYYDANGKLICEGQSDPRKPNKHCSRNCDPKIAYSKCPGR,1,RL-22,CSRNC,Trypsin,TP-1,36,40
67,IRD-68,PICTTCCAGYKGCYYYDANGKLICEGQSDPRKPNKHCSRNCDSKIAYSKCPGR,1,RL-22,CSRNC,Trypsin,TP-1,36,40
68,IRD-69,PICTTCCAGYKGCKYYNANGTFICEGQSDPRKPNEHCPKECDRKIAYSKCPHS,1,RL-23,CPKEC,Trypsin,TP-1,36,40
69,IRD-70,PICTTCCAGYKGCKYYNANGTFICEGQSDPRKPNEHCPKECNRKIAYSKCPHS,1,RL-23,CPKEC,Trypsin,TP-1,36,40
70,IRD-72,PICTTCCAGYKGCYYYDANGKLICEGQSDPRKPNKHCLGNCDPKIAYSKCPGR,1,RL-47,CLGNC,Elastase,TP-3,36,40
71,IRD-73,PICTNCCSGFKGCNYYSADGTFICEGQSDPKKPRACHLNCDPHIAYSKCPRS,1,RL-49,CHLNC,Chymotrypsin,TP-2,35,39
72,IRD-74,QICTNCCAGTKGCNYFSADGTFVCEGESDPRNSKACPRNCDGRIAYGVCRSS,1,RL-1,CPRNC,Trypsin,TP-1,35,39
73,IRD-75,QICTNCCAGIKGCNYFSVDGTFVCEGESDPRNSKACPRNCDPRITYGVCPRS,1,RL-1,CPRNC,Trypsin,TP-1,35,39
74,IRD-76,QICTNCCAGIKGCNYFSVDGTFVCEGESDPRNSKACPRNCDPRYALIVAQ,1,RL-1,CPRNC,Trypsin,TP-1,35,39
75,IRD-77,QLCTNCCAGKKGCNYFSDDGTFICEGESDPNNPKDCPRNCDGRIAYGICPLS,1,RL-1,CPRNC,Trypsin,TP-1,35,39
76,IRD-78,RICTNCCAGRKGCNYYSADGTFICEGESDPNNPKPCPRNCDTRIAYSKCPRS,1,RL-1,CPRNC,Trypsin,TP-1,35,39
77,IRD-79,QICTNCCAGTMGCNYFSADGSFVCKGESDLRNPKDCPRNCDPRIDYRVCRRS,1,RL-1,CPRNC,Trypsin,TP-1,35,39
78,IRD-80,QICTNCCVGTMGCNYFSADGSFVCKGESDLRNPKDCPRNCDPRIDYRVCRRS,1,RL-1,CPRNC,Trypsin,TP-1,35,39
79,IRD-81,RICTNCCAGTKGCKYFSYDGNFVCEGESDPTNPKACPRNCDGRIAYEICPRT,1,RL-1,CPRNC,Trypsin,TP-1,35,39
80,IRD-82,RICANWCAGRKGCYYYSDDGTFICEGESDPNNPKPCPRNCDTRIAYSICPRS,1,RL-1,CPRNC,Trypsin,TP-1,35,39
81,IRD-83,RICTNCCAGRKGCNYYSADGTFICEGESDPNNPKACPRNCDTRIAYSKCPRS,1,RL-1,CPRNC,Trypsin,TP-1,35,39
82,IRD-84,RLCTNCCAGRKGCNYYSADGTFICEGESDPNNPKACPRNCDPNIAYSLCLYE,1,RL-1,CPRNC,Trypsin,TP-1,35,39
83,IRD-85,RLCTNCCAGRKGCNYYSADGTFICEGESDPNNPKACPRNCDPNIAYSKCPRS,1,RL-1,CPRNC,Trypsin,TP-1,35,39
84,IRD-86,RLCTNCCAGRKGCNYYSADGTFICEGESDPNNPKACPRNCDPNIAYSLCAYE,1,RL-1,CPRNC,Trypsin,TP-1,35,39
85,IRD-87,RLCTNCCAGRKGCNYYSADGTFICEGESDPNNPKPCPRNCDPRIFYSKCPRS,1,RL-1,CPRNC,Trypsin,TP-1,35,39
86,IRD-88,FLCTNCCAGRKGCNYYSADGTFICEGESDPNNPKPCPRNCDPNIAYSLCLYE,1,RL-1,CPRNC,Trypsin,TP-1,35,39
87,IRD-89,RLCTNCCAGRKGCNYYSADGTFICEGKSDPNNPKACPRNCDPNIAYSLCLYE,1,RL-1,CPRNC,Trypsin,TP-1,35,39
88,IRD-90,RLCTNCCAGRKGCNYYSADGTFICEGESDPNNPKACPRNCDTRIAYSKCPRS,1,RL-1,CPRNC,Trypsin,TP-1,35,39
89,IRD-91,RICTNCCAGRKGCNYYSADGTFICEGESDPNNPKPCPRNCDTRIAYSKCPCS,1,RL-1,CPRNC,Trypsin,TP-1,35,39
90,IRD-92,RLCTNCCAGRKGCNYYSADGTFICEGESDPNNPKPCPRNCDTRIAYSICPRS,1,RL-1,CPRNC,Trypsin,TP-1,35,39
91,IRD-93,RICTNCCAGRKGCNYYSADGTFICEGESDPNNPKACPRNCDPNIAYSLCLYE,1,RL-1,CPRNC,Trypsin,TP-1,35,39
92,IRD-94,RICTNCCAGRKGCNYFSADGTFICEGESDPNNPKACPRNCDTRIAYSKCPRS,1,RL-1,CPRNC,Trypsin,TP-1,35,39
93,IRD-95,RICTNCCAGRKGCNYYSADGTFICEGESDPNNPKPCPRNCDTRIAYSICPRS,1,RL-1,CPRNC,Trypsin,TP-1,35,39
94,IRD-96,RLCTNCCAGRKGCNYYSADGTFICEGESDPNNPKACPRNCDPNIAYSLCLYQ,1,RL-1,CPRNC,Trypsin,TP-1,35,39
95,IRD-97,RICTNCCAGRKGCNYYSADGTFICEGESGPNNPKACPRNCDTRIAYSKCPRS,1,RL-1,CPRNC,Trypsin,TP-1,35,39
96,IRD-98,RLCTNCCAGRKGCNYYSADGTFICEGESDPNNPKACPRNCDPNIAYSLCLH,1,RL-1,CPRNC,Trypsin,TP-1,35,39
97,IRD-99,RLCTNCCAGRRGCNYYSADGTFICEGESDPNNPKACPRNCDPNIAYSLCLYE,1,RL-1,CPRNC,Trypsin,TP-1,35,39
98,IRD-100,RLCTNCCAGRKGCNYYSADGTFICEGESDPNNPKACPRNCDPNIAYSPCLYE,1,RL-1,CPRNC,Trypsin,TP-1,35,39
99,IRD-101,RLCTNCCAGRKGCNYYSADGTFICEGESDPNHPKACPRNCDPNIAYSLCLYE,1,RL-1,CPRNC,Trypsin,TP-1,35,39
100,IRD-102,RICTNCCAGRKGCYYYSDDGTFICEGESDPNNPKPCPRNCDTRIAYSICPHS,1,RL-1,CPRNC,Trypsin,TP-1,35,39
101,IRD-103,RICTNCCAGRKGCYYYSDDGTFICEGESDPNNPKPCPRNCDTRIAYSICPRS,1,RL-1,CPRNC,Trypsin,TP-1,35,39
102,IRD-104,RICTNCCAGRKGCYYYSDDGTFICEGESGPNNPKPCPRNCDTRIAYSICPRS,1,RL-1,CPRNC,Trypsin,TP-1,35,39
103,IRD-105,RICTNCCAGRKGCNYYSVIGTFICEGESDPNNPKACPRNCDTRIAYSKCPRS,1,RL-1,CPRNC,Trypsin,TP-1,35,39
104,IRD-106,RLCTNCCAGRKVCNYYSADGTFICEGESDPNNPKACPRNCDPNIAYSLCLYE,1,RL-1,CPRNC,Trypsin,TP-1,35,39
105,IRD-107,RLCTNCCAGRKGCNYHSADGTFICEGESDPNTPKACPRNCDPNIAHSLCLYE,1,RL-1,CPRNC,Trypsin,TP-1,35,39
106,IRD-108,RICTNCCAGRKGCYYYSDDGTFICEGESDPNNPKACPRNCDTRIAYSKCPRS,1,RL-1,CPRNC,Trypsin,TP-1,35,39
107,IRD-109,RICTNCCAGRKGCNYYSADRTFICEGESDPNNPKACPRNCDTRIAYSKCPRS,1,RL-1,CPRNC,Trypsin,TP-1,35,39
108,IRD-110,RICTNCCAGRKGCNYYSADGTFICEGESDPNNPNACPRNCDPNIAYSLCLYE,1,RL-1,CPRNC,Trypsin,TP-1,35,39
109,IRD-111,RICTSCCAGRKGCYYYSDDGTFICEGESDPNNPKPCPRNCDTRIAYSICPRS,1,RL-1,CPRNC,Trypsin,TP-1,35,39
110,IRD-112,RICTNCCAGRKGCYYYCDDGTFICEGESDPNNPKPCPRNCDTRIAYSICPRS,1,RL-1,CPRNC,Trypsin,TP-1,35,39
111,IRD-113,RICTNCCAGRKGCNYYSADGTFICEGESDPNNPKACPRNCDPNIAHSLCLYE,1,RL-1,CPRNC,Trypsin,TP-1,35,39
112,IRD-114,RICTNCCAGRKGCYCYSDDGTFICEGESDPNNPKPCPRNCDTRIAYSICPRS,1,RL-1,CPRNC,Trypsin,TP-1,35,39
113,IRD-115,RICTNCCAGRKGCNYYSADGTFICEGESDPNHPKACPRNCDPRIFYSKCPRS,1,RL-1,CPRNC,Trypsin,TP-1,35,39
114,IRD-116,RLCPNCCAGRKGCNYYSADGTFICEGESDPNNPKACPRNCDPNYCYLLPIH,1,RL-1,CPRNC,Trypsin,TP-1,35,39
115,IRD-117,RICTNCCAGRNFCNYYSADGTFICEGESDPNNPKACPRNCDPNIAYSLCLYE,1,RL-1,CPRNC,Trypsin,TP-1,35,39
116,IRD-118,RLCTNCCAGRKGCNYYSADGTFICEGESDPNNPKACPRNCDTRIAYSLCLYE,1,RL-1,CPRNC,Trypsin,TP-1,35,39
117,IRD-119,PICTNCCAGYKGCKYYSADGTFICEGESDPNNPKACPRNCDPRIAYSKCPRS,1,RL-1,CPRNC,Trypsin,TP-1,35,39
118,IRD-120,AVQAVRVATNYSADGTFICEGESDPNNPKACPRNCDQILPIHCVS,1,RL-1,CPRNC,Trypsin,TP-1,30,34
119,IRD-121,PICTNCCAGRKGCNYYSADGTFICEGESDPNNPKPCTLNCDPRIFYSKCPRS,1,RL-3,CTLNC,Chymotrypsin,TP-2,35,39
120,IRD-122,RICTNCCAGRKGCNYYSADGTFICEGESDPNNPKPCTLNCDPRIFYSKCPRS,1,RL-3,CTLNC,Chymotrypsin,TP-2,35,39
121,IRD-123,RICINCCAGRKGCNYYSADGTFICEGESDPNNPKPCTLNCDPRIFYSKCPRS,1,RL-3,CTLNC,Chymotrypsin,TP-2,35,39
122,IRD-124,RICTNCCAGRKGCNYYSADGTFICEGESDPNNPKACTLNCDPRIFYSKCPRS,1,RL-3,CTLNC,Chymotrypsin,TP-2,35,39
123,IRD-125,RICTNCCAGRKGCNYYSAGGTFICEGESDPNNPKPCTLNCDPRIFYSKCPRS,1,RL-3,CTLNC,Chymotrypsin,TP-2,35,39
124,IRD-126,RICTNCCAGRRGCNYYSADGTFICEGESDPNNPKPCTLNCDPRIFYSKCPRS,1,RL-3,CTLNC,Chymotrypsin,TP-2,35,39
125,IRD-127,RICTNCCAGRKGCNYYSADGTFICEGESDPNNPKPCTLNCDPRIFYSKYPRS,1,RL-3,CTLNC,Chymotrypsin,TP-2,35,39
126,IRD-128,RICTNCCAGRKGCNYYSADGTFICEGESDPNNPKPCTLNCDTRIAYSICPRS,1,RL-3,CTLNC,Chymotrypsin,TP-2,35,39
127,IRD-129,RICTNCCAGRKGCNYYSADGTFICEGESDPNNPKPCTLNCDPRIAYSKCPRS,1,RL-3,CTLNC,Chymotrypsin,TP-2,35,39
128,IRD-130,PICTNCCTGRKGCNYYSADGTFICEGESDPNNPKPCTLNCDPRIFYSKCPRS,1,RL-3,CTLNC,Chymotrypsin,TP-2,35,39
129,IRD-131,RICTNCCAGRKGCRYYSADGTFICNGESDPNNPKPCTLNCDPRIFYSKCLYE,1,RL-3,CTLNC,Chymotrypsin,TP-2,35,39
130,IRD-132,PICTNCCAGRKGCNYYSADGTFICEGESDPNNPKPCTLNCDPNIAYSLCLYE,1,RL-3,CTLNC,Chymotrypsin,TP-2,35,39
131,IRD-133,RICTNCCAGRKGCNYYSADGTFICEGESDPNNPKACPRYCDTRIAYSKCPRS,1,RL-6,CPRYC,Trypsin,TP-1,35,39
132,IRD-134,RICTNCCAGRKGCNYFSADGTFICEGESDPNNPKACPRYCDTRIAYSKCPRS,1,RL-6,CPRYC,Trypsin,TP-1,35,39
133,IRD-135,PICTNCCAGRKGCNYYSADGTFICEGESDPNNPKACPRYCDTRIAYSKCPRS,1,RL-6,CPRYC,Trypsin,TP-1,35,39
134,IRD-136,GICTNCCAGRKGCNYYSADGTFICEGESDPNNPKACPRYCDTRIAYSKCPRS,1,RL-6,CPRYC,Trypsin,TP-1,35,39
135,IRD-137,HICTNCCAGRKGCNYYSADGTFICEGESDPNNPKACPRYCDTRIAYSKCPRS,1,RL-6,CPRYC,Trypsin,TP-1,35,39
136,IRD-138,RICTNCCAGRKGCNYYSADGTFICEGESGPNNPKACPRYCDTRIAYSKCPRS,1,RL-6,CPRYC,Trypsin,TP-1,35,39
137,IRD-139,RICTNCCAGRKGCNYYSADGTFICEGESDPNNPKTCPRYCDTRIAYSKCPRS,1,RL-6,CPRYC,Trypsin,TP-1,35,39
138,IRD-140,RICTNCCAGRRKGCNYYSADGTFICEGESDPNNPKACPRYCDTRIAYSKCPRS,1,RL-6,CPRYC,Trypsin,TP-1,36,40
139,IRD-141,RICTNCCAGRKGCNYYSADGTFICEGESDPNNPKACPRYCDTRIAYSKXKAC,1,RL-6,CPRYC,Trypsin,TP-1,35,39
140,IRD-142,PICTNCCAGRKGCNYYSADGTFICEGESDPNNPKPCTLECDPRIFYSKCPRS,1,RL-9,CTLEC,Chymotrypsin,TP-2,35,39
141,IRD-143,PICTNCCAGLKGCNYYNADGTFICEGESDPNHPKACPKNCDPNIAYSLCLYE,1,RL-11,CPKNC,Trypsin,TP-1,35,39
142,IRD-144,PICTNCCAGRKGCNYYSADGTFVCEGESDPNHPKACPKNCDPNIAYSLCLYE,1,RL-11,CPKNC,Trypsin,TP-1,35,39
143,IRD-145,PICTNSSAGLKGCNYYNADGTFICEGESDPNHPKACPKNCDPNIAYSLCLYE,1,RL-11,CPKNC,Trypsin,TP-1,35,39
144,IRD-146,RICTNCCAGRKGCNYYSADGTFICEGESDPNNPKACPKNCDPNIAYSLCLYE,1,RL-11,CPKNC,Trypsin,TP-1,35,39
145,IRD-147,RICTNCCAGRKGCNYYSADGTLICEGESDPNNPKPCTPNCDPRIFYSKCPRS,1,RL-28,CTPNC,Unknown,TP-4,35,39
146,IRD-149,RICTNCCAGRKGCNYYSADGTFICEGESDPNNPKACPRDCDPNIAYSLCLYE,1,RL-43,CPRDC,Trypsin,TP-1,35,39
147,IRD-150,EVLTNNMYGAFPLPYFSDDGTFVCEGESDPRNPKACPRNCDPRIAYG,1,RL-1,CPRNC,Trypsin,TP-1,35,39
148,IRD-151,PICTNCCAGYKGCNYYSANGTFICEGQSDPKNPKACPRNCDPHIAYS,1,RL-1,CPRNC,Trypsin,TP-1,35,39
149,IRD-152,RICTNCCAGTKGCKYFSDDGTFVCEGESDPRNPKACPRNCDPRIAYGICPLS,1,RL-1,CPRNC,Trypsin,TP-1,35,39
150,IRD-153,RICTNCCAGKKGCKYFSDDGTFVCEGESDPRNPKACPRNCDGRIAYGICPLS,1,RL-1,CPRNC,Trypsin,TP-1,35,39
151,IRD-154,QICTNCCAGRKGCYYFSADGAFVCEGESDPKNPKACPRNCDGRIAFKVCPRS,1,RL-1,CPRNC,Trypsin,TP-1,35,39
152,IRD-155,RICTNCCAGRKGCSYFSADGTFVCKGESDPRNPKACPRNCDPRIDFGICPLS,1,RL-1,CPRNC,Trypsin,TP-1,35,39
153,IRD-156,QICTNCYAGMKGCYYFSADGTFVCEGESDPRNPKPCPRNCDGRIAYGICPRS,1,RL-1,CPRNC,Trypsin,TP-1,35,39
154,IRD-157,RICTNCCAGTKGCSYFSADGTFVCKGESDPRNPKACPRNCDPRIDFGICPLS,1,RL-1,CPRNC,Trypsin,TP-1,35,39
155,IRD-158,QICTNCCAGMKGCNYFSADGTFVCEGESDPRNPKPCPRNCDGRIAYGICPRS,1,RL-1,CPRNC,Trypsin,TP-1,35,39
156,IRD-159,RICTNCCAGTKGCSYFSADGTFVCKGESDPRNPKACPRNCDPRIDFGICPLL,1,RL-1,CPRNC,Trypsin,TP-1,35,39
157,IRD-160,RICTNCCAGMKGCNYFSADGTFVCEGESGPKNPKACPRNCDGRIAYGVCPRK,1,RL-1,CPRNC,Trypsin,TP-1,35,39
158,IRD-161,WICTNCCAGMKGCNYFSADGTFVCEGESGPKNPKACPRNCDGRIAYGVCPRK,1,RL-1,CPRNC,Trypsin,TP-1,35,39
159,IRD-162,WICTNCCAGTKGCNYFSADGTFVCEGESDPRNPKACPRNCDPRISDEICPRS,1,RL-1,CPRNC,Trypsin,TP-1,35,39
160,IRD-163,QICTNCCAGTKGCNYFSADGTFVCEGEYDPKNPKACPRNCDPRISYGVCPRS,1,RL-1,CPRNC,Trypsin,TP-1,35,39
161,IRD-164,QICTNCCAGTKGCNYFSADGTFVCEGEYDPKNPKACPRNCDGRIDYGVCPRS,1,RL-1,CPRNC,Trypsin,TP-1,35,39
162,IRD-165,RICTNCCAGTKGCKYFSDDGTFICEGESDPRNPKACPRNCDGRIAYGICPRS,1,RL-1,CPRNC,Trypsin,TP-1,35,39
163,IRD-166,RICTNCCAGTKGCKYFSDDGTFICEGESDPRNPKACPRNCDGRIAYEICPRS,1,RL-1,CPRNC,Trypsin,TP-1,35,39
164,IRD-167,RICTNCCTGTKGCKYFSDDGTFVCEGESDPRNPKACPRNCDGRIAYEICPRS,1,RL-1,CPRNC,Trypsin,TP-1,35,39
165,IRD-168,RICTNCCAGTKGCKYFSDDGTFICEGESDPRNPKACPRNCDGRIAYEICPRT,1,RL-1,CPRNC,Trypsin,TP-1,35,39
166,IRD-169,RICTNCCAGTKGCKYFSDDGTFVCEGESDPRNPKACPRNCDERIAYGICPRT,1,RL-1,CPRNC,Trypsin,TP-1,35,39
167,IRD-170,QICTNCCAGTKGCNYFSADGTFVCEGESDPRNPKACPRNCDPRIAYGVCPRT,1,RL-1,CPRNC,Trypsin,TP-1,35,39
168,IRD-171,QICTNCCAGTKGCNYFSADGTFVCKGESDPRNPKACPRNCDPRIAYGVCPRT,1,RL-1,CPRNC,Trypsin,TP-1,35,39
169,IRD-172,QICTNCCAGTKGCNYFSADGTFVCEGESDPRNPKACPRNCDGRIAYGVCPRS,1,RL-1,CPRNC,Trypsin,TP-1,35,39
170,IRD-173,RICTNCCAGTKGCNYFSADGTFVCEGESDPRNPKACPRNCDGRIAYGVCPRS,1,RL-1,CPRNC,Trypsin,TP-1,35,39
171,IRD-174,QICTNCCAGTKGCNYFSADGTFVCEGQFDPRNPKACPRNCDPRIAYGVCPRS,1,RL-1,CPRNC,Trypsin,TP-1,35,39
172,IRD-175,QICTNCCAGTKGCNYFSADGTFVCEGEFDPRNPKACPRNCDPRIAYGVCPRS,1,RL-1,CPRNC,Trypsin,TP-1,35,39
173,IRD-176,QICTNCCAGTKGCNYFSADGTFVCKGESDPRNPKACPRNCDPRIDYRVCPRS,1,RL-1,CPRNC,Trypsin,TP-1,35,39
174,IRD-177,QICTNCCAGMKGCNYFSADGTFVCKGESDPRNPKACPRNCDPRIAYGVCPRS,1,RL-1,CPRNC,Trypsin,TP-1,35,39
175,IRD-178,QICTNCCAGTKGCNYFSADGTFVCEGESDPRNPKACPRNCDPRIDYRVCPYS,1,RL-1,CPRNC,Trypsin,TP-1,35,39
176,IRD-179,QMCTNCCAGTKGCNYFSADGTFVCKGESDPRNPKACPRNCDPRIDYRVCPRS,1,RL-1,CPRNC,Trypsin,TP-1,35,39
177,IRD-180,QICTNCCAGTKGCNYFSVDGTFVCKGESDPRNPKACPRNCDPRIDYRVCPRS,1,RL-1,CPRNC,Trypsin,TP-1,35,39
178,IRD-181,QICTNCCAGTKGCNYFSANGTFVCKGESDPRNPKACPRNCDPRIDYRVCPRS,1,RL-1,CPRNC,Trypsin,TP-1,35,39
179,IRD-182,QICTNCCAGTKGCNYFSADGTFVCKGESDPRNPKGCPRNCDPRIDYRVCPRS,1,RL-1,CPRNC,Trypsin,TP-1,35,39
180,IRD-183,QICTNCCAGTKGCNYFSADGTFVCKGESDPRNPKACPRNCDPRIDYRVCWHS,1,RL-1,CPRNC,Trypsin,TP-1,35,39
181,IRD-184,QICTNCCAGTKGCNYFSADGTFVCKGKFDPRNPRPCPRNCDPRITYGVCPRS,1,RL-1,CPRNC,Trypsin,TP-1,35,39
182,IRD-185,RICTNCCAGMKGCNYFSADGTFVCEGESDPRNPKACPRNCDGRIAYGICPRS,1,RL-1,CPRNC,Trypsin,TP-1,35,39
183,IRD-186,RICTNCCAGTKGCSYFSADGTFVCKGESDPRNPKACPRNCDPRIAYGACPLS,1,RL-1,CPRNC,Trypsin,TP-1,35,39
184,IRD-187,QICTNCCAGTKGCSYFSADGTFVCKGEFDPRNPKACPRNCDPRIAYGACPLS,1,RL-1,CPRNC,Trypsin,TP-1,35,39
185,IRD-188,QICTNCCAGTKGCSYFSADGTFVCKGESDPRNPKACPRNCDPRIAFGICPLS,1,RL-1,CPRNC,Trypsin,TP-1,35,39
186,IRD-189,QICTNCCAGTKGCSYFSADGTFVCKGESDPRNPKACPRNCDPRIAYGACPLS,1,RL-1,CPRNC,Trypsin,TP-1,35,39
187,IRD-190,QICTNCCAGTKGCSYFSADGTFVCKGESDPRNPKACPRNCDPRIDFGICPLS,1,RL-1,CPRNC,Trypsin,TP-1,35,39
188,IRD-191,RICTNCCAGTKGCKYFSDDGTFVCEGESDPRNPKACPRNCDPRIAYGICPLA,1,RL-1,CPRNC,Trypsin,TP-1,35,39
189,IRD-192,RICTNCCAGKKGCKYFSDDGTFVCEGESDPKNPKACPRNCDGRIAYGICPLS,1,RL-1,CPRNC,Trypsin,TP-1,35,39
190,IRD-193,RICTNCCAGTKGCKYFSDDGTFICEGESDPRNPKACPRNCDGRIAYGICPLS,1,RL-1,CPRNC,Trypsin,TP-1,35,39
191,IRD-194,RICTNCCVGTKGCKYFSDDGTFICEGESDPRNPKACPRNCDGRIAYGICPRT,1,RL-1,CPRNC,Trypsin,TP-1,35,39
192,IRD-195,RICTNCCAGTKGCKYFSDDGTFICEGESDPRNPKACPRNCDGRIAYGICPRT,1,RL-1,CPRNC,Trypsin,TP-1,35,39
193,IRD-196,RICTNCCAGTKGCKYFSDDGTFVCEGESDPRNPKACPRNCDGRIAYGICPRT,1,RL-1,CPRNC,Trypsin,TP-1,35,39
194,IRD-197,RICTNCCAGRKGCKYFSDDGTFVCEGESDPKNPKGCPRNCDGRIAYGICPLS,1,RL-1,CPRNC,Trypsin,TP-1,35,39
195,IRD-198,RICTNCCAGMKGCNYFSADGTFVCEGEYDPRNPKACPRNCDTRIAYGICPRT,1,RL-1,CPRNC,Trypsin,TP-1,35,39
196,IRD-199,RICTNCCAGTKGCKYFSDDGTFVCEGESDPRNPKACPRNCDGRIAYGICPLS,1,RL-1,CPRNC,Trypsin,TP-1,35,39
197,IRD-200,QICTNCCAGTKGCNYFSANGTFICEGESDPRNPKACPRNCDGRIAYGICPRT,1,RL-1,CPRNC,Trypsin,TP-1,35,39
198,IRD-201,RICTNCCAGTKGCKYFSDDETFVCEGESDPRNPEACPRNCDPRIAYGICPLS,1,RL-1,CPRNC,Trypsin,TP-1,35,39
199,IRD-202,RICTNCCAGTKGCKYFSDDETFVCEGESDPRNPKACPRNCDPRIAYGICPLS,1,RL-1,CPRNC,Trypsin,TP-1,35,39
200,IRD-203,QICTNCCAGTKGCNYFSTDGTFICKGESDPRNPKACPRNCDPRIAYGLCPLS,1,RL-1,CPRNC,Trypsin,TP-1,35,39
201,IRD-204,QICTNCCAGTKGCNYFSANGTFVCKGESDPRNPKACPRNCDPRIAYGLCPLS,1,RL-1,CPRNC,Trypsin,TP-1,35,39
202,IRD-205,QICTNCCAGTKGCNYFSADGTFVCKGESDPRNPKACPRNCDPRIAYGVCPRS,1,RL-1,CPRNC,Trypsin,TP-1,35,39
203,IRD-206,QICTNCCAGTKGCNYFSADGTFICKGQSDPRNPKACPRNCDPRIAYGVCPRL,1,RL-1,CPRNC,Trypsin,TP-1,35,39
204,IRD-207,QICTNCCAGTKGCNYFSADGTFVCKGQSDPRNPKACPRNCDPRIAYGVCPRS,1,RL-1,CPRNC,Trypsin,TP-1,35,39
205,IRD-208,QICTNCCAGTKGCNYFSADGTFVCKGQSDPRNPKACPRNCDPRIDYGVCPRS,1,RL-1,CPRNC,Trypsin,TP-1,35,39
206,IRD-209,QICTNCCAGTKGCNYFSADGTFVCKGQSDPRNPKACPRNCDPRIAYRVCPRS,1,RL-1,CPRNC,Trypsin,TP-1,35,39
207,IRD-210,QICTNCCAGTKGCNYFSANGTFVCKGQSDPRNPKACPRNCDPRIAYGVCPRS,1,RL-1,CPRNC,Trypsin,TP-1,35,39
208,IRD-211,RICTNCCAGKKGCKYFSDDGTFVCEGESDPRNPKPCPRNCDGRIAYGICPLS,1,RL-1,CPRNC,Trypsin,TP-1,35,39
209,IRD-212,RLCTNCCAGMKGCNYFSADGTFVCEGESDPRNPKPCPRNCDGRIAYGICPLS,1,RL-1,CPRNC,Trypsin,TP-1,35,39
210,IRD-213,RLCTNCCAGTKGCNYFSADGTFVCEGESDPRNPKPCPRNCDGRIAYGICPLS,1,RL-1,CPRNC,Trypsin,TP-1,35,39
211,IRD-214,RICTNCCTGTKGCKYFSDDGTFVCEGESDPRNPKACPRNCDGRIAYEICPRT,1,RL-1,CPRNC,Trypsin,TP-1,35,39
212,IRD-215,RICTNCCAGKKGCKYFSADGTFVCEGESDPRNPKPCPRNCDGRIAYGICPLS,1,RL-1,CPRNC,Trypsin,TP-1,35,39
213,IRD-216,QLCTNCCAGTKGCNYFSADGTFVCEGESDPRNPKPCPRNCDGRIAYGICPLS,1,RL-1,CPRNC,Trypsin,TP-1,35,39
214,IRD-217,RLCTNCCAGTKGCSYFSADGTFVCEGESDPRNPKPCPRNCDGRIAYGICPRS,1,RL-1,CPRNC,Trypsin,TP-1,35,39
215,IRD-218,QLCTNCCAGTKGCKYFSADGTFVCEGESDPRNPKPCPRNCDGRIAYGICPLS,1,RL-1,CPRNC,Trypsin,TP-1,35,39
216,IRD-219,QICTNCCAGTKGYNYFSADGTFVCKGESDPRNPKACPRNCDPRIDYRFCPRS,1,RL-1,CPRNC,Trypsin,TP-1,35,39
217,IRD-220,QKCTNCCAGTKGCNYFSANGTFICEGEYDPRNPKACPRNCDPRIDYRVCPRS,1,RL-1,CPRNC,Trypsin,TP-1,35,39
218,IRD-221,QICTNCCAGRKGCNYFSADGTFVCEGESDPKNPKACPRNCDPRIAYRICRRS,1,RL-1,CPRNC,Trypsin,TP-1,35,39
219,IRD-222,RICTNCCAGTKGCNYFSDDGTFVCEGESDPRNPKACPRNCDTRIAYGICRRS,1,RL-1,CPRNC,Trypsin,TP-1,35,39
220,IRD-223,RICTNCCAGTKGCKYFSYDGNFVCEGESDPRNPKACPRNCDGRIAYEICPRT,1,RL-1,CPRNC,Trypsin,TP-1,35,39
221,IRD-224,RICTNCCAGTKGCKYFSYDGTFVCEGESDPRNPKACPRNCDGRIAYGICPRT,1,RL-1,CPRNC,Trypsin,TP-1,35,39
222,IRD-225,PICTNCCVGKKGCKYFSYDGTFVCEGESDPRNPKPCPRNCDGRIAYGICPLS,1,RL-1,CPRNC,Trypsin,TP-1,35,39
223,IRD-226,PICTNCCAGKKGCKYFSYDGTFVCEGESDPRNPKPCPRNCDGRIAYGICPLS,1,RL-1,CPRNC,Trypsin,TP-1,35,39
224,IRD-227,RICTNCCAGTKGCNYFSDDGTFVCEGESDPRNPKACPRNCDPRIAYGICRRS,1,RL-1,CPRNC,Trypsin,TP-1,35,39
225,IRD-228,RICTNCCAGTKGCKYFSYDGTFVCEGESDPRNPKACPRNCDGRIAYGICPRA,1,RL-1,CPRNC,Trypsin,TP-1,35,39
226,IRD-229,RICTNCCAGTKGCKYFSDDGTFVCEGESDPKNPKACPRNCDPRIAYGICPLS,1,RL-1,CPRNC,Trypsin,TP-1,35,39
227,IRD-230,RLCTNCCAGTKGCNYFSADGTFVCEGESDPRNPKACPRNCDPRIDYRVCPRS,1,RL-1,CPRNC,Trypsin,TP-1,35,39
228,IRD-231,RICTNCCAGRKGCNYYSADGTFICEGESDPKNPKACPRNCDPRIFYSKCPRS,1,RL-1,CPRNC,Trypsin,TP-1,35,39
229,IRD-232,PICTNCCAGYKGCKYYSADGTFICEGESDPKNPKGCPRNCDPRIAYSKCPRS,1,RL-1,CPRNC,Trypsin,TP-1,35,39
230,IRD-233,PICTNCCAGYKGCKYYSADGTFICEGESDPKNPKGCPRNCDPRIAYSRCPRS,1,RL-1,CPRNC,Trypsin,TP-1,35,39
231,IRD-234,AVAFSINSKYYRADGTFICEGESDPKNPKGCPRNCDPRIAYSKCPRS,1,RL-1,CPRNC,Trypsin,TP-1,30,34
232,IRD-235,PICTNCCAGFKGCNYYSAHGTFICEGQSDPRNPKACPRNCDPHIAYSKCPRS,1,RL-1,CPRNC,Trypsin,TP-1,35,39
233,IRD-236,RICTNCCAGYKGCNYYSANGAFICEGESDPKNPNVCPRNCDTNIAYSKCPRS,1,RL-1,CPRNC,Trypsin,TP-1,35,39
234,IRD-237,RICTNCCAGYKGCNYYSANGAFICEGESDPKNPNVCPRNCDTNIAYSKCLRS,1,RL-1,CPRNC,Trypsin,TP-1,35,39
235,IRD-238,RICTNCCAGYKGCNYYSANGAFICEGESDPKNPNVCPRNCDTNIAYLKCLRS,1,RL-1,CPRNC,Trypsin,TP-1,35,39
236,IRD-239,PICINCCSGYKGCNYYSAFGRFICEGESDPKNPNVCPRNCDTNIAYSKCLRS,1,RL-1,CPRNC,Trypsin,TP-1,35,39
237,IRD-240,RICTNCCAGYKGCNYYSANGAFICEGESDPKNPNVCPRNCDTNIAYSKCLR,1,RL-1,CPRNC,Trypsin,TP-1,35,39
238,IRD-241,QICTNCCAGTKGCNYFSADGTFVCEGESDPRNPKACPLNCDGRIAYEICPRT,1,RL-2,CPLNC,Chymotrypsin,TP-2,35,39
239,IRD-242,RICINCCAGTKGCNYFSADGTFVCKGESDPRNPKVCPLNCDPRIAYGLCPLS,1,RL-2,CPLNC,Chymotrypsin,TP-2,35,39
240,IRD-243,RICTNCCAGKKGCNYFSADGTFVCKGESDPRNPKVCPLNCDPRIAYGLCPLS,1,RL-2,CPLNC,Chymotrypsin,TP-2,35,39
241,IRD-244,QICTNCCSGTKGCRFFSANGTFVCEGESDPRNPKACPLNCDPRIAIGICPLS,1,RL-2,CPLNC,Chymotrypsin,TP-2,35,39
242,IRD-245,RLCTNCCAGAKGCRFFSADGTFVCEGESDPRNPKFCPLNCDPRIASGICTLS,1,RL-2,CPLNC,Chymotrypsin,TP-2,35,39
243,IRD-246,RLCTNCCAGTKGCRFFSADGTFVCEGESDPRNPKACPLNCDPRIATGICPYS,1,RL-2,CPLNC,Chymotrypsin,TP-2,35,39
244,IRD-247,PICINCCSGYKGCNYYSAFGRFICEGESDPKNPKACPLNCDTNIAYSRCSRS,1,RL-2,CPLNC,Chymotrypsin,TP-2,35,39
245,IRD-248,PICINCCSGYKGCNYYSAFGRFICEGESDPKNPKACPLNCDTNIAYSRCPRS,1,RL-2,CPLNC,Chymotrypsin,TP-2,35,39
246,IRD-249,PICINCCSGYKGCNYYSAFGRFICQGESDPKNPNACPLNCDPNIAYSRCPRS,1,RL-2,CPLNC,Chymotrypsin,TP-2,35,39
247,IRD-250,PICINCCSGYKGCNYYSAFGDLICQGESDPKNPKACPLNCDTNIAYSRCPRS,1,RL-2,CPLNC,Chymotrypsin,TP-2,35,39
248,IRD-251,RICTNCCAGTKGCKYFSNDGTFVCEGESDPRNPKACTLNCDPRIAYGICPLS,1,RL-3,CTLNC,Chymotrypsin,TP-2,35,39
249,IRD-252,QICTNCCAGTKGCNYFSANGTFICEGESDPRNPKACTLNCDPRIAYGVCPRS,1,RL-3,CTLNC,Chymotrypsin,TP-2,35,39
250,IRD-253,RICTNCCAGTKGCKYFSDDGTFVCEGESDPRNPKACTLNCDPRIAYGVCPRS,1,RL-3,CTLNC,Chymotrypsin,TP-2,35,39
251,IRD-254,RICTNCCAGKKGCKYFSNDGTFVCEGESDPRNPKACTLNCDPRIAYGICPLS,1,RL-3,CTLNC,Chymotrypsin,TP-2,35,39
252,IRD-255,RICTNCCAGKKGCKYFSDDGTFVCEGESDPRNPKACTLNCDPRIAYGICPLS,1,RL-3,CTLNC,Chymotrypsin,TP-2,35,39
253,IRD-256,PICTNCCAGRKGCNYYSADGTFICEGESDPKNPKPCTLNCDPRIFYSKCPRS,1,RL-3,CTLNC,Chymotrypsin,TP-2,35,39
254,IRD-257,RLCTNCCAGTKGCNYFGADGTFVCEGESDPRNPKRCTRECDPRINYRICPRS,1,RL-4,CTREC,Trypsin,TP-1,35,39
255,IRD-258,RICTNCCSGKKGCKYFSDDGTFVCEGEFDPRNPKGCTFECDPRIAYGICPLS,1,RL-8,CTFEC,Chymotrypsin,TP-2,35,39
256,IRD-259,RICTNCCSGKKGCKYFSDDGTFVCEGESDPRNPKGCTFECDPGIAYGICPLS,1,RL-8,CTFEC,Chymotrypsin,TP-2,35,39
257,IRD-260,RLCTNCCAGKKGCKYFSDDGTFVCEGESDPRNPKGCTFECDPRIAYGICPLS,1,RL-8,CTFEC,Chymotrypsin,TP-2,35,39
258,IRD-261,RICTNCCSGKKGCKYFSDDGTFVCEGESDPRNPKGCTFECDPRIAYGICPLS,1,RL-8,CTFEC,Chymotrypsin,TP-2,35,39
259,IRD-262,RLCTNCCSGTKGCNYFSADGTFVCEGESDPRNPKGCTFECDPRIAYGICPRS,1,RL-8,CTFEC,Chymotrypsin,TP-2,35,39
260,IRD-263,PICTNCCSGYKGCNYYSAKGDLICEGESDPRNPKDCTFECDTQIAYSKCPRS,1,RL-8,CTFEC,Chymotrypsin,TP-2,35,39
261,IRD-264,PICTNCCSGYKGCNYYSAKGDLICEGESDPRNPNDCTFECDTQIAYSKCPRS,1,RL-8,CTFEC,Chymotrypsin,TP-2,35,39
262,IRD-265,PICTTCCAGYKGCNYYSANGTFICEGSSDPKNPNVCPQFCDPDIAYSKCPRS,1,RL-12,CPQFC,Unknown,TP-4,35,39
263,IRD-266,PICTTCCAGYKGCNYYSANGTFICEGSSDPKNPNFCPQFCDPDIAYSKCPRS,1,RL-12,CPQFC,Unknown,TP-4,35,39
264,IRD-267,PICTTCCAGYKGCNYYNANGTFICEGLSDPKNPNFCPQFCDPDIAYSKCPRS,1,RL-12,CPQFC,Unknown,TP-4,35,39
265,IRD-268,QICTNCCAGTKGCNYFSADGTFFCKGQSDPRNPKACPPNCDSRIDYGVCPRS,1,RL-14,CPPNC,Unknown,TP-4,35,39
266,IRD-269,RICTNCCSGKKGCKYFSDDGTFVCEGESDPRNPKGCTIECDPRIAYGICPLS,1,RL-15,CTIEC,Chymotrypsin,TP-2,35,39
267,IRD-270,RTCTNCCAGTKGCNYFSYDGTFVCEGESDPRNPKFCPQNCDGRIAYGICPVS,1,RL-16,CPQNC,Unknown,TP-4,35,39
268,IRD-271,QICTNCCAGRKGCNYFSADGTFVCEGESDPKNPKGCPRICDPRIAYRICRRS,1,RL-17,CPRIC,Trypsin,TP-1,35,39
269,IRD-272,PICTNCCSGYKGCNYYSANGTFICEGSSDPKNPNTCPLYCDGDIAYSKCPRS,1,RL-27,CPLYC,Chymotrypsin,TP-2,35,39
270,IRD-273,RICTNCCAGRKGCNYYSADGTFVCEGESDPKNPKACTLDCDPRIFYSKCPRS,1,RL-31,CTLDC,Chymotrypsin,TP-2,35,39
271,IRD-274,PICTNCCSGYKGCNYYNANGTFICEGTSDPKNPNTCPFYCDPQIAYS,1,RL-34,CPFYC,Chymotrypsin,TP-2,35,39
272,IRD-275,PICTNCCSGYKGCNYYNANGTFICEGTSDPKNPNICPSYCDPQIAYS,1,RL-46,CPSYC,Unknown,TP-4,35,39
273,IRD-276,PICTNCCSGYKGCNYYYANGTFICEGTSDPKNPNICPSYCDPQIAYS,1,RL-46,CPSYC,Unknown,TP-4,35,39
274,IRD-277,PICTNCCSGYKGCNYYSANGTFICEGSSDPKNPNTCPLFCDGDIAYSKCPRS,1,RL-35,CPLFC,Chymotrypsin,TP-2,35,39
275,IRD-278,PICTNCCSGYKGCKYYSANGDLVCEGESDPRNPNDCSYECDTQIAYSKCPRS,1,RL-50,CSYEC,Chymotrypsin,TP-2,35,39
276,IRD-279,KACPPNCDPHIAYSKCPPSKGKSLIYPTGCTTCCTGYKGCYYFGKNGKFECE,2,RL-14,CPPNC,Unknown,TP-4,2,6
277,IRD-280,RVCTQECDPRVAYMTCPSTGSTKHTRICVNCCTAKSGCKLYDRNGSQLCTG,2,RL-18,CTQEC,Unknown,TP-4,2,6
278,IRD-281,RVCTQECDPRVAYMTCPSTGSTKHTRICVNCCTAKPGCKLYDRNGSLLCTG,2,RL-18,CTQEC,Unknown,TP-4,2,6
279,IRD-282,RVCTQECDPRVAYMTCPSTGSTKHTRICVNCCTAKPGCKLYDRNGSQLCTG,2,RL-18,CTQEC,Unknown,TP-4,2,6
280,IRD-283,RVCTQECDPRVAYMTCPSDGSTKHTRICENCCTAKPGCKLYDRNGSQLCTG,2,RL-18,CTQEC,Unknown,TP-4,2,6
281,IRD-284,QICTQECNPNAAYMICQPNNKKTKNVCTNCCKIQNTRCHIYTSKDGLIC,2,RL-18,CTQEC,Unknown,TP-4,2,6
282,IRD-285,KVCTQQCDPKVAYMTCPPESTKLTRVCVNCCTAKPGCKLYGHDGSLICIG,2,RL-20,CTQQC,Unknown,TP-4,2,6
283,IRD-286,KVCTQQCDPKVAYMTCPPESAKRTRICVNCCTAKPGCKLYGHDESLICVG,2,RL-20,CTQQC,Unknown,TP-4,2,6
284,IRD-287,KKCPAICIIDAYMTCPSSGSVKIKVHCGNCCTLREGCKLYRKDGSLICTG,2,RL-21,CPAIC,Elastase,TP-3,2,6
285,IRD-288,KKCPAICIIAAYMTCPSSGSVKIKVHCGNCCSLSEGCKLYRKDGSLICTG,2,RL-21,CPAIC,Elastase,TP-3,2,6
286,IRD-289,KGCSRNCDTEVDYMVCPSGGETITRNVCTNCCSAQKSCKLFRSDGSVKCSG,2,RL-22,CSRNC,Trypsin,TP-1,2,6
287,IRD-290,EHCPKECDRKIAYSKCPHSEGPTKIIPTKCTTCCTGYKGCYYYGKDNKFVCEG,2,RL-23,CPKEC,Trypsin,TP-1,2,6
288,IRD-291,EHCPKECNRKIAYSKCPHSEGPTKIIPTKCTTCCTGYKGCYYYGKDNKFVCEG,2,RL-23,CPKEC,Trypsin,TP-1,2,6
289,IRD-292,KSCTTECDPRVATISCPFSGLVKINQECINCCNADKGCELYDNDGSLICTG,2,RL-24,CTTEC,Unknown,TP-4,2,6
290,IRD-293,KSCTTECDPRVATISCPISGLVKINQECINCCNADKGCELYDNDGSLICTG,2,RL-24,CTTEC,Unknown,TP-4,2,6
291,IRD-294,NICTQHCDPRVAYSKCPRSGGNTIIKHTGCTTCCTGYKGCYYFGHDGKFVCEG,2,RL-25,CTQHC,Unknown,TP-4,2,6
292,IRD-295,NICTQHCDPRVAYSKCPRSGRNTIIKHTGCTTCCTGYKGCYYFGHDGKFVCEG,2,RL-25,CTQHC,Unknown,TP-4,2,6
293,IRD-296,NICTQHCDPRVAYSKCPRSGGNTIIKHTECTTCCTGYKGCYYFGHDGKFVCEG,2,RL-25,CTQHC,Unknown,TP-4,2,6
294,IRD-297,KSCLQYCDDEVAYMTCPSSGDEQISQVCVNCCTADEGCKLFKTDGSLICTG,2,RL-26,CLQYC,Unknown,TP-4,2,6
295,IRD-298,KSCLQYCDDKVAYMTCPSSGDEQISQVCVNCCTADEGCKLFKTNGSLICTG,2,RL-26,CLQYC,Unknown,TP-4,2,6
296,IRD-299,NTCPLYCDGDIAYSKCPRSEGQTIIYPTGCTTCCTGYKGCYYFSKEGEFVCEG,2,RL-27,CPLYC,Chymotrypsin,TP-2,2,6
297,IRD-300,KVCPLYCIINQGIYMTCPSSGSQKLEPVCNCCLAKTGCKLYRDNGTLICTA,2,RL-27,CPLYC,Chymotrypsin,TP-2,2,6
298,IRD-301,KACPLYCLDVDYMTCESSGDKKLNSACNCCLAPKNCTLHLADGRMVQC,2,RL-27,CPLYC,Chymotrypsin,TP-2,2,6
299,IRD-302,IACPLYCLDVDYMTCPSSGEEKLSPSCNCCLAPKNCTLHLSDGSSLYCK,2,RL-27,CPLYC,Chymotrypsin,TP-2,2,6
300,IRD-303,IVCPLYCLDVDYMTCPSSGEEKLSPSCNCCLAPKNCTLHLSDGSSIYCK,2,RL-27,CPLYC,Chymotrypsin,TP-2,2,6
301,IRD-304,KACPLYCLDVEYMTCQSSGDEKLNPSCNCCLAPKNCTLHLSDGTSLFCK,2,RL-27,CPLYC,Chymotrypsin,TP-2,2,6
302,IRD-305,KACPLYCLDVEYMTCQSSGEKKLNPSCNCCLAPKNCTVHLVDGTSIYCKG,2,RL-27,CPLYC,Chymotrypsin,TP-2,2,6
303,IRD-306,EACPLYCLDVEYMTCESSGEEKLSPRCNCCLAPKNCTLHLSDGTSIFCK,2,RL-27,CPLYC,Chymotrypsin,TP-2,2,6
304,IRD-307,IACPLYCLQVEYMTCPSSGADKLPPRCNCCLAPKNCTLHLSDSTTIHCS,2,RL-27,CPLYC,Chymotrypsin,TP-2,2,6
305,IRD-308,KACPLYCLDVDYMTCVSSGEEKLTAPCNCCLAPKQCTLHLVDGSEVQCD,2,RL-27,CPLYC,Chymotrypsin,TP-2,2,6
306,IRD-309,LACPLYCLDVKYMTCTSSGGERLPGRCNCCLAPKGCTLHLTDGTTRFCV,2,RL-27,CPLYC,Chymotrypsin,TP-2,2,6
307,IRD-310,IACPLYCLEVEYMTCPSSGDEKLPPRCNCCLAPKDCTLHLSGSTSIHCT,2,RL-27,CPLYC,Chymotrypsin,TP-2,2,6
308,IRD-311,IACPLYCLEVEYMTCPSSGDEKLPPRCNCCLAPKNCTLHLSGSTSIHCT,2,RL-27,CPLYC,Chymotrypsin,TP-2,2,6
309,IRD-312,KACPLYCLQVEYMTCLSSGDAKLPPRCNCCLAPKNCTLHLSDSTSIHCK,2,RL-27,CPLYC,Chymotrypsin,TP-2,2,6
310,IRD-313,KACPLYCLDVEYMTCQSSGEKKLNPKCNCCLAPKNCTLHLVDGNSL,2,RL-27,CPLYC,Chymotrypsin,TP-2,2,6
311,IRD-314,IACPLYCLQVEYMTCRSSGEEKLPPKCNCCLAPKNCTLHLSDSTSIHCN,2,RL-27,CPLYC,Chymotrypsin,TP-2,2,6
312,IRD-315,IACPLYCLQVEYMTCLSSGDDKLPPRCNCCLAPKNCTLHLSDSTSIHCN,2,RL-27,CPLYC,Chymotrypsin,TP-2,2,6
313,IRD-316,KPCTPNCDPRIFYSKCPRSEGNVENRICTNCCAGRKGCNYYSADGTFICEG,2,RL-28,CTPNC,Unknown,TP-4,2,6
314,IRD-317,KACPANCDPRIAYSKCPRSQGRRIHYPTGCTNCCTGYKGCYYFGKDGKFVCEG,2,RL-29,CPANC,Elastase,TP-3,2,6
315,IRD-318,KACPANCDPRIAYSKCPRSQGRRIDYPTGCTNCCTGYKGCYYFGKDGKFVCEG,2,RL-29,CPANC,Elastase,TP-3,2,6
316,IRD-319,KACPANCDRRIAYSKCPRSQGRRIHYPTGCTNCCTGYKGCYYFGEDGKFVCKG,2,RL-29,CPANC,Elastase,TP-3,2,6
317,IRD-320,KACTRNCDPDVAYMVCPSSGHRIIKQVCVNCCSARKGCKLFRKNGSVKCIG,2,RL-30,CTRNC,Trypsin,TP-1,2,6
318,IRD-321,KACTRNCDPDVAYMVCPSTRQKITKPCVNCCSAKKGCKLFRSNGSVKCTG,2,RL-30,CTRNC,Trypsin,TP-1,2,6
319,IRD-322,KACTRNCDPDVAYMVCPSTGQRITKPCVNCCSARKGCKLFRSNGSVKCTG,2,RL-30,CTRNC,Trypsin,TP-1,2,6
320,IRD-323,KACTRNCDPDVAYMVCPSTRQKITKPCVNCCSARKGCKLFRSNGSVKCTG,2,RL-30,CTRNC,Trypsin,TP-1,2,6
321,IRD-324,KACTRNCDPDVAYMVCPSTGQRITKPCVNCCSARKGCKLFHSNGSVKCTG,2,RL-30,CTRNC,Trypsin,TP-1,2,6
322,IRD-325,KICPQYCTDQAGYMTCPSSGNTQLSPSCNCCLAPAGCTLYRADGTSICTG,2,RL-33,CPQYC,Unknown,TP-4,2,6
323,IRD-326,KVCPQYCTQDAGYMTCPSSGNKQLNPPCNCCLAPKGCTVYHADGTAICTG,2,RL-33,CPQYC,Unknown,TP-4,2,6
324,IRD-327,KACPQYCLDVEYMTCPSTGEQQLSPKCNCCLAPKGCILHLSDGTSVTCS,2,RL-33,CPQYC,Unknown,TP-4,2,6
325,IRD-328,NACPQYCLDYAYMTCPSSGSQKLDPACNCCLAQGCTLYLADGTSTYCD,2,RL-33,CPQYC,Unknown,TP-4,2,6
326,IRD-329,VACPQYCLEVDYITCPSSGSQKLPARCNCCMAPKGCTLHLSDGINQTCS,2,RL-33,CPQYC,Unknown,TP-4,2,6
327,IRD-330,VACPQYCLDVDYMTCASSGDEKLAARCNCCLAPKGCTLHLVDGQNVYCA,2,RL-33,CPQYC,Unknown,TP-4,2,6
328,IRD-331,MACPQYCLEVDYITCPSSGSQKLPARCNCCMAPKGCTLHLPDGINQTCS,2,RL-33,CPQYC,Unknown,TP-4,2,6
329,IRD-332,VACPQYCLEVDYVTCPSSGAEKLPARCNCCMTPKGCTLHLSDGTQQTC,2,RL-33,CPQYC,Unknown,TP-4,2,6
330,IRD-333,VACPQYCLEVDYVTCPSSEQQKLPARCNCCMAPKGCTLHLSDGISQTCS,2,RL-33,CPQYC,Unknown,TP-4,2,6
331,IRD-334,VACPQYCLEVDYVTCPSSGAEKLPARCNCCMTPKGCTLHLSDGTRQTC,2,RL-33,CPQYC,Unknown,TP-4,2,6
332,IRD-335,EACPQYCLDVEYMTCGNSGTKQYPSCINCCLAPKGCTLHLADGTTQYCG,2,RL-33,CPQYC,Unknown,TP-4,2,6
333,IRD-336,VACPQYCLDVSYVTCTSSGEERLPARCNCCLAGKGCTLHLSDGSQMTCS,2,RL-33,CPQYC,Unknown,TP-4,2,6
334,IRD-337,VACPQYCLDVSYVTCTSSGKERLPARCNCCLAGKGCTLHLSDGSQMTCS,2,RL-33,CPQYC,Unknown,TP-4,2,6
335,IRD-338,FACPQYCLEVDYVTCPSSGAEKLPARCNCCMTPKGCTLHISDGTQQTC,2,RL-33,CPQYC,Unknown,TP-4,2,6
336,IRD-339,RFCPLFCFRSEYMTCPSTGYERLPPQCNCCLAGPGCKIYGFDGRLLCAE,2,RL-35,CPLFC,Chymotrypsin,TP-2,2,6
337,IRD-340,KMCLQVCDDEVAYMTCPSSGDEQISPVCVNCCTAGEGCKLFRADGSLICTG,2,RL-36,CLQVC,Unknown,TP-4,2,6
338,IRD-341,MCLQVCDDEVAYMTCPSSGDEQISPVCVNCCTAGEGCKLFRADGSLICTG,2,RL-36,CLQVC,Unknown,TP-4,1,5
339,IRD-342,KMCLQVCDNEVAYMTCPSSGDEKITEVCVNCCTADEGCKLYRADGSLICTG,2,RL-36,CLQVC,Unknown,TP-4,2,6
340,IRD-343,KMCLQVCDPEVAYMTCPSSGDEKISDVCVNCCTAAVGCKLFRSDGSLICTG,2,RL-36,CLQVC,Unknown,TP-4,2,6
341,IRD-344,KMCLQVCDPEVAYMTCPSSGDEKMSDVCVNCCTAAVGCKLFRSDGSFICTG,2,RL-36,CLQVC,Unknown,TP-4,2,6
342,IRD-345,KMCLQVCDNEVAYMTCPSSGDEKISGVCVNCCTADEGCKLYRMAQNP,2,RL-36,CLQVC,Unknown,TP-4,2,6
343,IRD-346,KSCLQFCDNEVAYMTCPSSGDEQISPVCVNCCTADEGCKLFRTDGSLICTG,2,RL-37,CLQFC,Unknown,TP-4,2,6
344,IRD-347,KSCLQFCDNEVAYMTCPSSRDEQISPVCVNCCTANEGCKLFRKNGSLICTG,2,RL-37,CLQFC,Unknown,TP-4,2,6
345,IRD-348,KMCIQVCDPEVASMTCPSSGDEKINDVCVNCCTAAVGCKLFRSDGSLICTG,2,RL-38,CIQVC,Unknown,TP-4,2,6
346,IRD-349,KMCIQVCDPEVASMTCPSSGDEKINDVCVNCCTAAVGCKLFRSDGSLICIG,2,RL-38,CIQVC,Unknown,TP-4,2,6
347,IRD-350,KVCPLICYDVAAYMTCPSSGNEHLSPLCNCCLASEPGCAIYLSDGTRLCTS,2,RL-39,CPLIC,Chymotrypsin,TP-2,2,6
348,IRD-351,RLCPLICEPPKIKVCPSRGTNQIPISVLPPDKEPSNGCHLYNLKTGA,2,RL-39,CPLIC,Chymotrypsin,TP-2,2,6
349,IRD-352,RPCPLICQPPKIKVCPSPGTNQIPISVLPPDKEPSNGCHLYNLKTGA,2,RL-39,CPLIC,Chymotrypsin,TP-2,2,6
350,IRD-353,KVCPLICYDAAAYMTCPSSGNEHLSPLCNCCLASEPGCALDLSDGTRL,2,RL-39,CPLIC,Chymotrypsin,TP-2,2,6
351,IRD-354,KICPQICFDAAAYMMCPSSGTQKLAPTCNCCLAPQGCSLYYADRTLICTS,2,RL-40,CPQIC,Unknown,TP-4,2,6
352,IRD-355,KVCPQICYEAAYMTCPSSGSTHLSPSCNCCLAPEVGCKIYNSDGTRICTS,2,RL-40,CPQIC,Unknown,TP-4,2,6
353,IRD-356,VACPLVCLDVDYMTCPSTGDEHLSPQCNCCLAPKGCTLHLTDGTSVSCS,2,RL-41,CPLVC,Chymotrypsin,TP-2,2,6
354,IRD-357,KVCNKICYGAAAYMTCPSSGSTQLDPVCNCCLAPALGCTLYESDGTPICTS,2,RL-42,CNKIC,Trypsin,TP-1,2,6
355,IRD-358,KVCNKICYGAAAYMTCPSSGNTQLDPVCNCCLAPALGCTLYESDGTPICTS,2,RL-42,CNKIC,Trypsin,TP-1,2,6
356,IRD-359,KSCPRDCISDAAYMVCPTRHRQHKLIESYCDNCCTLPENCKLFKENGDLICTG,2,RL-43,CPRDC,Trypsin,TP-1,2,6
357,IRD-360,KSCPRDCISDAAYMVCPTRHGRHKLIESYCDNCCTLPENCKLFKENGDLICTG,2,RL-43,CPRDC,Trypsin,TP-1,2,6
358,IRD-361,KSCPRDCISDAAYMVCPTHHGRHKLIESYCDNCCTLPGNCKLFKENGDLICTG,2,RL-43,CPRDC,Trypsin,TP-1,2,6
359,IRD-362,RVCAMYCLNGTYMTCPPKDPEKLPPACNCCLAKKRGCTIYLSDGGALYCMG,2,RL-44,CAMYC,Unknown,TP-4,2,6
360,IRD-363,RVCAMYCLNGTYMTCPPKDPEKLPPACNCCLAKKRGCTIYLSDGGAVSG,2,RL-44,CAMYC,Unknown,TP-4,2,6
361,IRD-364,RMCAMYCLDAKYMTCPPKDTEQLPPACNCCVAEKRGCTIYLSNGGVEKC,2,RL-44,CAMYC,Unknown,TP-4,2,6
362,IRD-365,KACLQKCNNEVEYMTCPSSGDEKIMPTCTNCCLAEVGCKLFRADGSLICVG,2,RL-51,CLQKC,Unknown,TP-4,2,6
363,IRD-366,KVCPRFCYAAVAYMTCPPAPYKKLGPVCNCCMAKPGCKLFRADGTVICTA,2,RL-52,CPRFC,Trypsin,TP-1,2,6
364,IRD-367,KVCPFFCYAEVAYMTCPPAPYKKLGPVCNCCLAKPGCKLFRADGTVICTA,2,RL-53,CPFFC,Chymotrypsin,TP-2,2,6
365,IRD-368,KYCTQDCLPNVWYMTCPSSGNKKLYPLCINCCRTPKGCKLFGPNDYLIL,2,RL-54,CTQDC,Unknown,TP-4,2,6
366,IRD-369,KVCIQICYEAAYMTCPSSGSTHLSPSCNCCLAPEVGCKIYNSDGTQICTS,2,RL-55,CIQIC,Unknown,TP-4,2,6
367,IRD-370,KACYLICFDAAYMTCPSTGLQKLAPACNCCLAGSGCKIYAADGSLICS,2,RL-56,CYLIC,Chymotrypsin,TP-2,2,6
368,IRD-371,KACYLYCLQVDYMTCPSSGEEKLEPKCNCCLAPKGCTLHLSGGSSMLCS,2,RL-57,CYLYC,Chymotrypsin,TP-2,2,6
369,IRD-372,RFCPMYCLDFEYMTCNSTGTKQLPGVCNCCLAAQKGCTIHLRNGGVQKCP,2,RL-58,CPMYC,Unknown,TP-4,2,6
370,IRD-373,KVCIETCQEAYYMTCPSTGNAKLNPACNCCLASLKEDGCTIYLKDGTVEKCP,2,RL-62,CIETC,Unknown,TP-4,2,6
371,IRD-374,KPCPDICLDYAYMTCPSSGNQKLDPACNCCFAPGCTLYLPDGTSTYCN,2,RL-63,CPDIC,Unknown,TP-4,2,6
372,IRD-375,KACTKECDTRIDFGICPLLETKRVEGLCTNCCAGKKGCKYFSKDGTYICDG,2,RL-10,CTKEC,Trypsin,TP-1,2,6
373,IRD-376,KDCTKECDTRIDFGICPLLETKRVKGLCTNCCAGKKGCKYFSADGTYICDG,2,RL-10,CTKEC,Trypsin,TP-1,2,6
374,IRD-377,KICPQFCEPNIGYMTCPSTGHKKLYPKCINCCKAGKGCKLYRKNGSLRCTG,2,RL-12,CPQFC,Unknown,TP-4,2,6
375,IRD-378,QICPQFCEPNVDYMTCSSSGSTILRPTCINCCQARGRGCQLFRRDGSAICN,2,RL-12,CPQFC,Unknown,TP-4,2,6
376,IRD-379,QICPQFCEPNVDYMTCSSSGSTILRPTCINCCQATGRGCQLFRRDGSTICN,2,RL-12,CPQFC,Unknown,TP-4,2,6
377,IRD-380,QICPQFCEPNVDYMTCSSSGSTILRPTCINCSQARGRGCQLFRRDGSAICN,2,RL-12,CPQFC,Unknown,TP-4,2,6
378,IRD-381,KICPQFCYDSVAYMTCPSSGDQHLTPKCNCCLASTGCILYEADGTPICTA,2,RL-12,CPQFC,Unknown,TP-4,2,6
379,IRD-382,KICPQFCYDGLEYMTCPSTGSQHLKPACNCCIAGEKGCALYLNNGQVVNCT,2,RL-12,CPQFC,Unknown,TP-4,2,6
380,IRD-383,KICPQFCYDTVAYMTCPSTGGQHLYPKCNCCLASIGCILYEADGTPICTA,2,RL-12,CPQFC,Unknown,TP-4,2,6
381,IRD-384,KICPQFCYDGLEYMTCPSTGSQHLKPACNCCIAGEKGCVLYLNNGQVINCT,2,RL-12,CPQFC,Unknown,TP-4,2,6
382,IRD-385,KICPQFCFDGIEYMTCPSTGDKHLKPACNCCIADEKGCAIYLNNGQVVNCT,2,RL-12,CPQFC,Unknown,TP-4,2,6
383,IRD-386,KICPQFCYDGIEYMTCPSTGSQRLKPVCNCCLADENGCAIYLNNGQVVNC,2,RL-12,CPQFC,Unknown,TP-4,2,6
384,IRD-387,KFCPQFCYDGLEYMTCPSTGSQHLKPACNCCIAGEKGCVLYLNNGQVINCT,2,RL-12,CPQFC,Unknown,TP-4,2,6
385,IRD-388,KFCPQFCYEGIEYMTCPSTGSKHLRPVCNCCLASEKGCAIYLSSGQVVNCA,2,RL-12,CPQFC,Unknown,TP-4,2,6
386,IRD-389,EACPQFCYEAAYMTCPSSGSTHISPSCNCCLAPQVGCKIYYSDGTLICT,2,RL-12,CPQFC,Unknown,TP-4,2,6
387,IRD-390,VACPQFCLDVDYVTCPSSGSEKLPASCNCCMTPKGCTLHLSDGTQQTCS,2,RL-12,CPQFC,Unknown,TP-4,2,6
388,IRD-391,VACPQFCLDVDYVTCPSSGSEKLPARCNCCMTPKGCTLHLSDGTQQTCS,2,RL-12,CPQFC,Unknown,TP-4,2,6
389,IRD-392,AACPQFCLDVAYVTCPSSGSEQLPARCNCCMTPAGCTLHLSDGTQQTC,2,RL-12,CPQFC,Unknown,TP-4,2,6
390,IRD-393,KICPQFCYDNLDYMTCRSTGDQKRTPSCNCCLAPTNDGCILYFANGDAPIVC,2,RL-12,CPQFC,Unknown,TP-4,2,6
391,IRD-394,VVCPLYCLQVDYMTCPSSGSEKLPAKCNCCLARAPKGCTLHLSDGTQQTCS,2,RL-27,CPLYC,Chymotrypsin,TP-2,2,6
392,IRD-395,VVCPLYCLQVDYVTCPSSGSEKLPARCNCCLAPKGCTLHLSDGRQQNCS,2,RL-27,CPLYC,Chymotrypsin,TP-2,2,6
393,IRD-396,VACPQYCLEVDYVTCPSSGSEKLPARCNCCLAPKGCTLHLSDGTQQTCS,2,RL-33,CPQYC,Unknown,TP-4,2,6
394,IRD-397,VACPQYCLEVEYTTCPSSGSEKLPARCNCCMAPKGCTLHLSDGTKQTCR,2,RL-33,CPQYC,Unknown,TP-4,2,6
395,IRD-398,KVCPLICYDSAGYMTCPSSGDQHLSPPCNCCLASTGCKIYKADGTLICTA,2,RL-39,CPLIC,Chymotrypsin,TP-2,2,6
396,IRD-399,VACPQICYEAAYMTCPSSGDQHLTPACNCCIASTGCTLYNEDGTSICTA,2,RL-40,CPQIC,Unknown,TP-4,2,6
397,IRD-400,VACHQYCLEVDYITCPSSGSEKLPARCNCCMAGKGCTLHLSGGINQTCN,2,RL-59,CHQYC,Unknown,TP-4,2,6
398,IRD-401,KACPFNCDPRIAYGVCPRLEEDKNNQICTNCCAGTKGCNYFSADGTFICKG,2,RL-5,CPFNC,Chymotrypsin,TP-2,2,6
399,IRD-402,KVCPFNCDGRISYSVCGNKKSSGRICTNCCAARKGCNYFSADGTFVCKG,2,RL-5,CPFNC,Chymotrypsin,TP-2,2,6
400,IRD-403,KVCPFNCNPRIAYSICPGNKRSKGRICTNCCAGKKGCNYFSTDGTFVCEG,2,RL-5,CPFNC,Chymotrypsin,TP-2,2,6
401,IRD-404,KACPRYCDTRIAYSKCPRSEGGAENRLCTNCCAGRKGCNYYSADGTFICEG,2,RL-6,CPRYC,Trypsin,TP-1,2,6
402,IRD-405,NACTFNCDPNIAYSRCPRSQGKSLIYPTGCTTCCTGYKGCYYFGKDGKFVCEG,2,RL-7,CTFNC,Chymotrypsin,TP-2,2,6
403,IRD-406,NACTFNCDPNIAYSRCPRSQGKSLIYPTGCTTCCTGYKGCYYFGKDGKIVCEG,2,RL-7,CTFNC,Chymotrypsin,TP-2,2,6
404,IRD-407,NACTFNCDPNIAYSRCPRSQGKSLIYPTGCTTCCTGYKGCYYFGKSGKIVCEG,2,RL-7,CTFNC,Chymotrypsin,TP-2,2,6
405,IRD-408,KDCTFECDTQIAYSKCPRSEGKMIIKPTGCTTCCTGYQGCYYFDQDGDFVCEG,2,RL-8,CTFEC,Chymotrypsin,TP-2,2,6
406,IRD-409,NDCTFECDTQIAYSKCPRSEGKMIIKPTGCTTCCTGYQGCYYFDQDGDFVCEG,2,RL-8,CTFEC,Chymotrypsin,TP-2,2,6
407,IRD-410,KACTLECDPRVAYMTCPSAGLAKIKDVCVNCCTAGEGCKLYGHNGSLLCTG,2,RL-9,CTLEC,Chymotrypsin,TP-2,2,6
408,IRD-411,KACTLECDSRVAYMTCPSSGLAKIYQVCVNCCTAGEGCKLYGHDGSLICTG,2,RL-9,CTLEC,Chymotrypsin,TP-2,2,6
409,IRD-412,KACTLECDPRVAYMTCPSTGLAKIKDVCVNCCTAGEGCKLYGHNGSLLCTG,2,RL-9,CTLEC,Chymotrypsin,TP-2,2,6
410,IRD-413,KACTLECDSRVAYMTCPSSGLAKLNQVCVNCCTAGEGCKLYGYDGSLICTG,2,RL-9,CTLEC,Chymotrypsin,TP-2,2,6
411,IRD-414,RACTLECDPKVAYMTCPSSGSTKLTRICFNCCTARVQGCKLYGHDESLLCTG,2,RL-9,CTLEC,Chymotrypsin,TP-2,2,6
412,IRD-415,RACTLECDPKVAYMTCPSSGSTKLTRICVNCCTARVQGCKLYGHDEFLLCTG,2,RL-9,CTLEC,Chymotrypsin,TP-2,2,6
413,IRD-416,RACTLECDPKVAYMTCPSSGSTKLTRICVNCCTARVQGCKLYGPDEFLLCTG,2,RL-9,CTLEC,Chymotrypsin,TP-2,2,6
414,IRD-417,KACTLECGNLGFGICPRLEGSPTNPICINCCSGYKGCNYYSAFGRFICEG,2,RL-9,CTLEC,Chymotrypsin,TP-2,2,6
415,IRD-418,KGCTKECDPRVAYMTCPSSGLAKLNQVCVNCCSAGEGCKLYDNDGSLLCTG,2,RL-10,CTKEC,Trypsin,TP-1,2,6
416,IRD-419,KACTKECGNFAYGICPRSQGTPDDPICTTCCAGYKGCNYYSANGTFICEG,2,RL-10,CTKEC,Trypsin,TP-1,2,6
417,IRD-420,KACTKECGNFAYGICPRSQGTPDHPICTTCCAGYKGCNYYNANGTFICEG,2,RL-10,CTKEC,Trypsin,TP-1,2,6
418,IRD-421,KACTKECGNFAYGICPRSEGSAKEPICTNCCSGYKGCNYYSADGTFVCEG,2,RL-10,CTKEC,Trypsin,TP-1,2,6
419,IRD-422,KACTKECGNFAYGICPRSEGSAKEPICTNCCSGYKGCNYYSADGTFICEG,2,RL-10,CTKEC,Trypsin,TP-1,2,6
420,IRD-423,KPCTKECGHLGFGICPRSQGSPQNPICTNCCAGFKGCNYYSAHGTFICEG,2,RL-10,CTKEC,Trypsin,TP-1,2,6
421,IRD-424,KPCTKECGHLGFGICPRSQGSPQNPICTNCCSGFKGCNYYSADGTFICEG,2,RL-10,CTKEC,Trypsin,TP-1,2,6
422,IRD-425,NTCPKNCDSKIVYSKCPLSEGNRVIENIECTSCCTGYKGCYYFDLDGKFVCEG,2,RL-11,CPKNC,Trypsin,TP-1,2,6
423,IRD-426,NTCPKNCDSKIAYSKCLLSEGNRVIENIECTSCCTGYKGCYYFGLDGKFVCEG,2,RL-11,CPKNC,Trypsin,TP-1,2,6
424,IRD-427,NVCPQFCDPDIAYSKCPRSEGETIINPTGCTTCCTGYKGCYYFGQDGEFVCEG,2,RL-12,CPQFC,Unknown,TP-4,2,6
425,IRD-428,NFCPQFCDPDIAYSKCPRSEGETIINPTGCTTCCTGYKGCYYFGQDGEFVCEG,2,RL-12,CPQFC,Unknown,TP-4,2,6
426,IRD-429,ERCSKECDRKIAYSKCPRSEGPTIIKPTGCTTCCTGYKGCYYYGKDNKFVCEG,2,RL-13,CSKEC,Trypsin,TP-1,2,6
427,IRD-430,KGCTQECDPRVAYMTCPSSGLAKLNEVCVNCCTAGEGCKLYEHDGSLLCTG,2,RL-18,CTQEC,Unknown,TP-4,2,6
428,IRD-431,KPCTMECGHLGFGICPRSQGSPQNPICTNCCSGFKGCNYYSVNGTFICEG,2,RL-19,CTMEC,Unknown,TP-4,2,6
429,IRD-432,KACTMECDPRVAYMICPSSGLAKLSQVCVNCCTAGDGCKLYGYDGSLICTG,2,RL-19,CTMEC,Unknown,TP-4,2,6
430,IRD-433,KICTQQCDPKVAYMICPSSGSTKLLTQICVNCCTAKASCKLYGHDGSLLCTG,2,RL-20,CTQQC,Unknown,TP-4,2,6
431,IRD-434,KICTQQCDPKVAYMICPSSGSTKLLTQICVNCCTAKADCKLYGHDGSLLCTG,2,RL-20,CTQQC,Unknown,TP-4,2,6
432,IRD-435,KPCRRNCDGRISYSVCGNKKSSGRICTNCCAGKKGCNYFSADGTFVCEG,2,RL-32,CRRNC,Trypsin,TP-1,2,6
433,IRD-436,NTCPLFCDGDIAYSKCPRSEGETIIYPTGCTTCCTGYKGCYYFSKEGEFVCEG,2,RL-35,CPLFC,Chymotrypsin,TP-2,2,6
434,IRD-437,NDCSYECDTQIAYSKCPRSEGKMIIKPTGCTTCCTGYQGCYYFDQEGDFVCEG,2,RL-50,CSYEC,Chymotrypsin,TP-2,2,6
435,IRD-438,KACPRNCDTDIAYMVCPSSGERTIRKVCTNCCAAQKGCKLFRSNGSIKCTG,2,RL-1,CPRNC,Trypsin,TP-1,2,6
436,IRD-439,AGCPRNCDPDAAYIKCPPNPKKTEAGCTNCCVSTSRGCRLYYSNNTRLC,2,RL-1,CPRNC,Trypsin,TP-1,2,6
437,IRD-440,KACPLNCDGRIAYEICPRTEEKKTNQICTNCCAGTKGCNYFNANGTFICEG,2,RL-2,CPLNC,Chymotrypsin,TP-2,2,6
438,IRD-441,KACPLNCDPRIAIGICPLSQEKKNDQLCTNCCAGKKGCNYFSDDGTFICEG,2,RL-2,CPLNC,Chymotrypsin,TP-2,2,6
439,IRD-442,KVCPLNCDPHIAYSKCPRSGGNTLIYPTGCTTCCTGYKGCYYFGKDGKFVCEG,2,RL-2,CPLNC,Chymotrypsin,TP-2,2,6
440,IRD-443,KACPLNCDTNIAYSRCSRSKGKTLIYPTGCTTCCTGYKGCYYFGKNGKFVCEG,2,RL-2,CPLNC,Chymotrypsin,TP-2,2,6
441,IRD-444,KPCTLNCDPRIFYSKCPRSEASAEQPICTNCCAGLKGCNYYNADGTFICEG,2,RL-3,CTLNC,Chymotrypsin,TP-2,2,6
442,IRD-445,KACTLNCDPRIFYSKCPRSEASAEQPICTNCCAGLKGCNYYNADGTFICEG,2,RL-3,CTLNC,Chymotrypsin,TP-2,2,6
443,IRD-446,KPCTLNCDPRIFYSKCPRSEASAERPICTNCCAGLKGCNYYNADGTFICEG,2,RL-3,CTLNC,Chymotrypsin,TP-2,2,6
444,IRD-447,KPCTLNCDPRIAYSKCPRSEGNAGNRICTNCCAGRKGCNYYSADGTFICEG,2,RL-3,CTLNC,Chymotrypsin,TP-2,2,6
445,IRD-448,KPCTLNCDPRIFYSKCPRSEASAEQPICTNSSAGLKGCNYYNADGTFICEG,2,RL-3,CTLNC,Chymotrypsin,TP-2,2,6
446,IRD-449,KACTRECDTRIAYGVCPRLEEKTNNRICTNCCAGKKGCKYFSDDGTFVCEG,2,RL-4,CTREC,Trypsin,TP-1,2,6
447,IRD-450,KACTRECDTRIAYGVCPRLEEKTNNRICTNCCAGKKGCKYFSADGTFVCEG,2,RL-4,CTREC,Trypsin,TP-1,2,6
448,IRD-451,KACTRECGNLGYGICPRSEGSAEEPICTNCCAGYKGCKYYSADGTFICEG,2,RL-4,CTREC,Trypsin,TP-1,2,6
449,IRD-452,KPCTRECGNFSYAICPRSEGSPRTPICTTCCAGYKGCKYYNANGTFICEG,2,RL-4,CTREC,Trypsin,TP-1,2,6
450,IRD-453,KPCTRECGNFSYAICPRSEGSPKSPICTTCCAGYKGCKYYNANGTFICEG,2,RL-4,CTREC,Trypsin,TP-1,2,6
451,IRD-454,RLCTRECGNFSYAICPRSEGDPRNPICTTCCAGYKGCHYYSANGTFICEG,2,RL-4,CTREC,Trypsin,TP-1,2,6
452,IRD-455,KPCTRECGNLGYGICPRSEGSPENPICTNCCSGYKGCNYYSANGTFICEG,2,RL-4,CTREC,Trypsin,TP-1,2,6
453,IRD-456,KACTRECGNLGFGICPRSEGSPLNPICINCCSGYKGCNYYNSFGKFICEG,2,RL-4,CTREC,Trypsin,TP-1,2,6
454,IRD-457,KACTRECGHFSYGICPRSEGSPQKPICTNCCSGYKGCNYYSAKGDLICEG,2,RL-4,CTREC,Trypsin,TP-1,2,6
455,IRD-458,KACTRECGHFSYGICPRSEGSPEKPICTNCCSGYKGCNYYSAKGDLICEG,2,RL-4,CTREC,Trypsin,TP-1,2,6
456,IRD-459,KACTRECGNLGFGICPRSEGSPLNPIFINCCSGYKGCNYYNSFGKFICEG,2,RL-4,CTREC,Trypsin,TP-1,2,6
457,IRD-460,KACTRECGHFSYGICPRSEGSPQKPICTNCCSGYKGCNYYSAKGDLICE,2,RL-4,CTREC,Trypsin,TP-1,2,6
458,IRD-461,KACPRYCDTRIAYSKCPRSEASAENRLCTNCCAGRKGCNYYSADGTFICEG,2,RL-6,CPRYC,Trypsin,TP-1,2,6
459,IRD-462,DACTFNCDPKIAYEVCPRSEEKTNNQICTNCCSGTKGCRFFSANGTFVCEG,2,RL-7,CTFNC,Chymotrypsin,TP-2,2,6
460,IRD-463,KPCTLECDPRIFYSKCPRSEASAENRICTNCCAGRKGCNYYSADGTFICEG,2,RL-9,CTLEC,Chymotrypsin,TP-2,2,6
461,IRD-464,KACTLECGNLGYGICPRSEGSPENPICTNCCAGYKGCNYYSANGTFICEG,2,RL-9,CTLEC,Chymotrypsin,TP-2,2,6
462,IRD-465,KACTLECGNLGFGICPRSEGSPENPICTNCCAGYKGCNYYSANGAFICEG,2,RL-9,CTLEC,Chymotrypsin,TP-2,2,6
463,IRD-466,KACTLECGNLGFGICPRSEGSPENHICTNCCAGYKGCNYYSANGAFICEG,2,RL-9,CTLEC,Chymotrypsin,TP-2,2,6
464,IRD-467,KACTLECGNLGFGICPRSEGSPENRICTNCCAGYKGCNYYSANGAFICEG,2,RL-9,CTLEC,Chymotrypsin,TP-2,2,6
465,IRD-468,KACTLECGNLGFGICPRSEGSPENRICTNCCAGYKGCNYYSANGVFICEG,2,RL-9,CTLEC,Chymotrypsin,TP-2,2,6
466,IRD-469,KACTKECGNLGYGICPRSEGSPENPICTNCCAGYKGCNYYSANGTFICEG,2,RL-10,CTKEC,Trypsin,TP-1,2,6
467,IRD-470,NACTKECGNLGYGICPGSEGSPENPICTNCCSGYKGCNYYNANGTFICEG,2,RL-10,CTKEC,Trypsin,TP-1,2,6
468,IRD-471,NACTKECGNLGYGICPGSEGSPENPICTNCCSGYKGCNYYYANGTFICEG,2,RL-10,CTKEC,Trypsin,TP-1,2,6
469,IRD-472,KPCTKECGNFAYGICPRSEGSPKNPICTTCCAGYKGCYYYDANGKLICEG,2,RL-10,CTKEC,Trypsin,TP-1,2,6
470,IRD-473,KPCTKECGNFDYGICPRSEGSPKNPICTTCCAGYKGCYYYDANGKLICEG,2,RL-10,CTKEC,Trypsin,TP-1,2,6
471,IRD-474,KSCTKECGNFAYGICPRSEGSPKNPICTTCCAGYKGCYYYDANGKLICEG,2,RL-10,CTKEC,Trypsin,TP-1,2,6
472,IRD-475,KVCPRICGNFGYGLCPRSEGSPEKPICTNCCSGYKGCKYYSANGDLVCEG,2,RL-17,CPRIC,Trypsin,TP-1,2,6
473,IRD-476,MFCTMECGKFSYTICPRSEGSPRNPICINCCAGYKGCNYYSANGTFICEG,2,RL-19,CTMEC,Unknown,TP-4,2,6
474,IRD-477,KACTLDCDPRIFYSKCPRSEASAEEPICTNCCAGRKGCNYYSADGTFVCEG,2,RL-31,CTLDC,Chymotrypsin,TP-2,2,6
475,IRD-478,KACIRECGNLGFGICPRSEGSPENPICTNCCAGYKGCNYYSANGAFICEG,2,RL-48,CIREC,Trypsin,TP-1,2,6
476,IRD-479,KACPRNCDTRIAYSKCPRSGGNAENRLCTNCCAGRKGCNYYSADGTFICEG,2,RL-1,CPRNC,Trypsin,TP-1,2,6
477,IRD-480,KACPRNCDGRIAYGICPLSKEKKNDRICTNCCAGKKGCKYFSDDGTFICEG,2,RL-1,CPRNC,Trypsin,TP-1,2,6
478,IRD-481,KACPRNCDPHIAYSKCSRSRGKTLIYPTGCTTCCTGYKGCYYFGKDGKFVCEG,2,RL-1,CPRNC,Trypsin,TP-1,2,6
479,IRD-482,KHCPRNCDPKIAYSKCPGRSEGKTIIKPTGCTTCCTGYKGCYYYGKDDKFVCEG,2,RL-1,CPRNC,Trypsin,TP-1,2,6
480,IRD-483,KACPRNCNPRIAYSICPGNKRSEGRICTNCCAGSKGCNYYTVDGTFVCEG,2,RL-1,CPRNC,Trypsin,TP-1,2,6
481,IRD-484,KACPRNCDPHIAYSKCPRSGGKTLIYPTGCTTCCTGYTDCYYFGKDGKFVCEG,2,RL-1,CPRNC,Trypsin,TP-1,2,6
482,IRD-485,KACPRNCDPHIAYSKCPRSEGKSLIYPTGCTTCCTGYKGCYYFGKNGKFVCEG,2,RL-1,CPRNC,Trypsin,TP-1,2,6
483,IRD-486,KACPRNCDPHIAYSKCPRSGGKTFIYPTGCTTCCTGYKGCYYFGKNGKFVCEG,2,RL-1,CPRNC,Trypsin,TP-1,2,6
484,IRD-487,NVCPRNCDTNIAYSKCPRSEGKSLIYPTGCTTCCTGYKGCYYFGKNGKFVCEG,2,RL-1,CPRNC,Trypsin,TP-1,2,6
485,IRD-488,NVCPRNCDTNIAYSKCLRSEGKSLIYPTECTTCCTGYKGCYYFGKNGKFVCEG,2,RL-1,CPRNC,Trypsin,TP-1,2,6
486,IRD-489,NVCPRNCDTNIAYSKCLRSEGKSLIYPTGCTTCCTGYKGCYYFGKNGKFVCEG,2,RL-1,CPRNC,Trypsin,TP-1,2,6
487,IRD-490,NVCPRNCDTNIAYLKCLRSEGKSLVYPAGCTTCCTGYKGGYYFGKNGKFVCEG,2,RL-1,CPRNC,Trypsin,TP-1,2,6
488,IRD-491,KACPRNCDTDIAYMVCPSSGERIIRKVCTNCCAAQKGCKLFRSNGSIKCTG,2,RL-1,CPRNC,Trypsin,TP-1,2,6
489,IRD-492,KACPLNCDPRIATGICPYSKEKKNDRICTNCCSGKKGCKYFSDDGTFVCEG,2,RL-2,CPLNC,Chymotrypsin,TP-2,2,6
490,IRD-493,KPCPLNCDPHIAYSKCPRSGGKTFIYPTGCTTCCTGYKGCYYFGKDGKFVCEG,2,RL-2,CPLNC,Chymotrypsin,TP-2,2,6
491,IRD-494,KACPLNCDPHIAYSKCPRSEGKSLIYPTGCTTCCTGYKGCYYFSKNGKFVCEG,2,RL-2,CPLNC,Chymotrypsin,TP-2,2,6
492,IRD-495,KACPLNCDPHIAYSKCPRSEGKSLIYPTGCTTCCTGYKGCYYFDKNGKFVCEG,2,RL-2,CPLNC,Chymotrypsin,TP-2,2,6
493,IRD-496,KACPLNCDPHIAYSKCPRSEGKSLIYPTGCTTCCTGYKGCYYFGKNGKFVCEG,2,RL-2,CPLNC,Chymotrypsin,TP-2,2,6
494,IRD-497,KACPLNCDTNIAYSRCPHSEGKSLIYPTGCTTCCTGYKGCYYFGKNGKFVCEG,2,RL-2,CPLNC,Chymotrypsin,TP-2,2,6
495,IRD-498,NACPLNCDPNIAYSRCPRSEGKSLIYPTGCTTCCTGYKGCYYFGKNGKFVCEG,2,RL-2,CPLNC,Chymotrypsin,TP-2,2,6
496,IRD-499,KACPLNCDTNIAYSRCPRSEGKSLIYPTGCTTCCTGYKGCYYFGTNGKFVCEG,2,RL-2,CPLNC,Chymotrypsin,TP-2,2,6
497,IRD-500,KACPLNCDTNIAYSRCPRSEGKSLIYPTGCTTCCTGYKDCYYFDKNGKFVCEG,2,RL-2,CPLNC,Chymotrypsin,TP-2,2,6
498,IRD-501,KACPFNCDPRIAYGVCPRLKEKKNNQICTNCCAGTKGCNYFSTDGTFICKG,2,RL-5,CPFNC,Chymotrypsin,TP-2,2,6
499,IRD-502,KHCSRNCDPKIAYSKCPGRSEGKTIIKPTGCTTCCTGYKGCYYYGKDDKFVCEG,2,RL-22,CSRNC,Trypsin,TP-1,2,6
500,IRD-503,KHCSRNCDSKIAYSKCPGRSEGKTIIKPTGCTTCCTGYKGCYYYGKDDKFVCEG,2,RL-22,CSRNC,Trypsin,TP-1,2,6
501,IRD-504,NTCPFYCDPQIAYSKCPRSEGKTIIYPTGCTTCCTGYKGCYYFGQEGEFVCEG,2,RL-34,CPFYC,Chymotrypsin,TP-2,2,6
502,IRD-505,NICPSYCDPQIAYSKCPRSEGKTIIYPTGCTTCCTGYKGCYYFGQDGEFVCEG,2,RL-46,CPSYC,Unknown,TP-4,2,6
503,IRD-506,KHCLGNCDPKIAYSKCPGRSEGKTIIKPTGCTTCCTGYKGCYYYGKDGKFVCEG,2,RL-47,CLGNC,Elastase,TP-3,2,6
504,IRD-507,RACHLNCDPHIAYSKCPRSGGKTFIYPTGCTTCCTGYKGCYYFGKNGKFVCEG,2,RL-49,CHLNC,Chymotrypsin,TP-2,2,6
505,IRD-508,KACPRNCDPRIDYRVCPRSEENNNQKCTNCCAGTKGCNYFSANGTFICEG,2,RL-1,CPRNC,Trypsin,TP-1,2,6
506,IRD-509,KPCPRNCDGRIAYGICPRSEEKKSDRICTNCCSGKKGCKYFSDDGTFVCEG,2,RL-1,CPRNC,Trypsin,TP-1,2,6
507,IRD-510,KACPRNCDTRIAYGICRRSEETKNDRICTNCCAGTKGCKYFSYDGNFVCEG,2,RL-1,CPRNC,Trypsin,TP-1,2,6
508,IRD-511,KHCPRNCDPRIAYVICPRSEISNKIDLNGICTNCCAGKKRCNYFSADGTFICEG,2,RL-1,CPRNC,Trypsin,TP-1,2,6
509,IRD-512,KPCPRNCDPRIAYAICPHSKISNKIDLSGICTNCCAGKKGCYYFSVDGTFICEG,2,RL-1,CPRNC,Trypsin,TP-1,2,6
510,IRD-513,KACPRNCDPRIFYSKCPRSEGNTENRICTNCCAGRKGCNYYSADGTFICEG,2,RL-1,CPRNC,Trypsin,TP-1,2,6
511,IRD-514,KVCPRNCDPKIRYGRCPKSGNKKFNVGCTNCCAAKKGCNYFSANGTFVCEG,2,RL-1,CPRNC,Trypsin,TP-1,2,6
512,IRD-515,KPCPRNCDGRIAYGICPLSETKRINQICTNCCAGKKGCMYFSNDGTFICEG,2,RL-1,CPRNC,Trypsin,TP-1,2,6
513,IRD-516,KPCPRNCDGRIAYGICPLSENKRINQICTNCCAGKKGCLYFSNDGTFICEG,2,RL-1,CPRNC,Trypsin,TP-1,2,6
514,IRD-517,KACPRNCDPRIAYSKCPRSQGETLIYPTGCTTCCTGYKGCYYFGKDGKFVCEG,2,RL-1,CPRNC,Trypsin,TP-1,2,6
515,IRD-518,KGCPRNCDPRIAYSKCPRSQGETLIYPTGCTTCCTGYKGCYYFGKDGKFVCEG,2,RL-1,CPRNC,Trypsin,TP-1,2,6
516,IRD-519,KGCPRNCDPRIAYSKCPRSQGETLIYPTGCTTCCTGYKGCYYFGKDGKFLCEG,2,RL-1,CPRNC,Trypsin,TP-1,2,6
517,IRD-520,KGCPRNCDPRIAYSRCPRSQGETLIYPTGCTTCCTGYKGCYYFGKDGKFLCEG,2,RL-1,CPRNC,Trypsin,TP-1,2,6
518,IRD-521,KACPRNCDTRIAYSKCPRSEENAENRLCTNCCAGRKGCNYYSADGTFICEG,2,RL-1,CPRNC,Trypsin,TP-1,2,6
519,IRD-522,KVCPRNCDPKIRYGRCPKSGNKKFNVGCTNCCAAKKGCNYFSANGTFVCKG,2,RL-1,CPRNC,Trypsin,TP-1,2,6
520,IRD-523,KICPRNCDPKIRYGRCPKSGNKKFNVGCTNCCAARKGCNYFSANGTFVCEG,2,RL-1,CPRNC,Trypsin,TP-1,2,6
521,IRD-524,NACPRNCNPSIQYGRCPKSGNKKFKVGCTNCCSGTEGCNYYSANGTFICEG,2,RL-1,CPRNC,Trypsin,TP-1,2,6
522,IRD-525,PACPRNCNPIIQYGRCPKSGNKKFKVGCTNCCSGTEGCNYFSANGTFICEG,2,RL-1,CPRNC,Trypsin,TP-1,2,6
523,IRD-526,KPCTRECDTRIAYGICPLSETKRINQICTNCCAGKKGCMYFSNDGTFICEG,2,RL-4,CTREC,Trypsin,TP-1,2,6
524,IRD-527,KACPFNCDPRITYGICPHSKISNKIDLNGICTNCCTGKKGCNYFSADGTSNCEG,2,RL-5,CPFNC,Chymotrypsin,TP-2,2,6
525,IRD-528,KACPRYCDTRIAYSKXKACSEENAENRICTNCCAGRKGCNYYSADRTFICEG,2,RL-6,CPRYC,Trypsin,TP-1,2,6
526,IRD-529,KACTRNCNPRIRYGRCPKSGNKKFNVGCTNCCAGSLGCNYYSANGTFVCEG,2,RL-30,CTRNC,Trypsin,TP-1,2,6
527,IRD-530,KACTRNCNPRIRYGRCPKSGNKKFSLGCTNCCAGSLGCNYYSANGTFICEG,2,RL-30,CTRNC,Trypsin,TP-1,2,6
528,IRD-531,KACPRNCDPRIAYRVCPRSEEKEDNQICTNCCAGTKGCNYFSANGTFVCKG,2,RL-1,CPRNC,Trypsin,TP-1,2,6
529,IRD-532,KACPRNCDPRIAYGLCPLSKEKDNRICINCCAGTKGCNYFSADGTFVCKG,2,RL-1,CPRNC,Trypsin,TP-1,2,6
530,IRD-533,KACPRNCDTRIAYGICPRTEAKKNDRICTNCCAGTKGCKYFSDDGTFVCEG,2,RL-1,CPRNC,Trypsin,TP-1,2,6
531,IRD-534,KPCPRNCDTRIAYSKCPRSEGNAENRICINCCAGRKGCNYYSADGTFICEG,2,RL-1,CPRNC,Trypsin,TP-1,2,6
532,IRD-535,KACPRNCDPRIAYGVCPRSEEKEDNQICTNCCAGRKGCNYFSADGTFVCEG,2,RL-1,CPRNC,Trypsin,TP-1,2,6
533,IRD-536,KACPRNCDTRIAYSKCPRSEGNAENRLCTNCCAGRKGCNYYSADGTFICEG,2,RL-1,CPRNC,Trypsin,TP-1,2,6
534,IRD-537,KACPRNCDPNIAYSKCPRSEGNAENRLCTNCCAGRKGCNYYSADGTFICEG,2,RL-1,CPRNC,Trypsin,TP-1,2,6
535,IRD-538,KACPRNCDTRIAYSKCPRSEGNAENRICTNCCAGRKGCNYYSADGTFVCEG,2,RL-1,CPRNC,Trypsin,TP-1,2,6
536,IRD-539,KACPRNCDTRIAYSKCPRSEGNAENRICTNCCAGRKGCNYYSADGTFICEG,2,RL-1,CPRNC,Trypsin,TP-1,2,6
537,IRD-540,KPCPRNCDTRIAYSKCPRSEGNAENRICTNCCAGRKGCNYYSADGTFICEG,2,RL-1,CPRNC,Trypsin,TP-1,2,6
538,IRD-541,KPCPRNCDTRIAYSICPRSEGNAENRICTNCCAGRKGCNYYSADGTFICEG,2,RL-1,CPRNC,Trypsin,TP-1,2,6
539,IRD-542,KPCPRNCDPRIFYSKCPRSEGNAENRLCTNCCAGRKGCNYYSADGTFICEG,2,RL-1,CPRNC,Trypsin,TP-1,2,6
540,IRD-543,KPCPRNCDPRIFYSKCPRSEGNAENFLCTNCCAGRKGCNYYSADGTFICEG,2,RL-1,CPRNC,Trypsin,TP-1,2,6
541,IRD-544,KPCPRNCDTRIAYSKCPCSEGNAENRICTNCCAGRKGCNYYSAGGTFICEG,2,RL-1,CPRNC,Trypsin,TP-1,2,6
542,IRD-545,KACPRNCDTRIAYSKCPRSEGNAENRLCTNCCAGRRGCNYYSADGTFICEG,2,RL-1,CPRNC,Trypsin,TP-1,2,6
543,IRD-546,KACPRNCDPRIFYSKCPRSEGNAENRICTNCCAGRKGCNYYSADGTFICEG,2,RL-1,CPRNC,Trypsin,TP-1,2,6
544,IRD-547,KPCPRNCDTRIAYSICPHSEGNAENRICTNCCAGRKGCNYYSADGTFICEG,2,RL-1,CPRNC,Trypsin,TP-1,2,6
545,IRD-548,KACPRNCDTRIAYSKCPRSEGNAENRLCTNCCAGRKGCNYHSADGTFICEG,2,RL-1,CPRNC,Trypsin,TP-1,2,6
546,IRD-549,KPCPRNCDTRIAYSICPRSEGNAENRICTNCCAGRNFCNYYSADGTFICEG,2,RL-1,CPRNC,Trypsin,TP-1,2,6
547,IRD-550,KACPRNCDTRIAYSKCPRSEGNAENRLCTNCCAGRKVCNYYSADGTFICEG,2,RL-1,CPRNC,Trypsin,TP-1,2,6
548,IRD-551,KPCTLNCDPRIFYSKCPRSEGNAENRICTNCCAGRKGCNYYSADGTFICEG,2,RL-3,CTLNC,Chymotrypsin,TP-2,2,6
549,IRD-552,KPCTLNCDPRIFYSKCPRSEGNAENRICTNCCAGRKGCYYYSDDGTFICEG,2,RL-3,CTLNC,Chymotrypsin,TP-2,2,6
550,IRD-553,KPCTLNCDPRIFYSKCPRSEGNAENRICTSCCAGRKGCYYYSDDGTFICEG,2,RL-3,CTLNC,Chymotrypsin,TP-2,2,6
551,IRD-554,KPCTLNCDPRIFYSKCPRSEGNAENRICTNCCAGRKGCYCYSDDGTFICEG,2,RL-3,CTLNC,Chymotrypsin,TP-2,2,6
552,IRD-555,KPCTLNCDPRIFYSKYPRSEGNAENRICTNCCAGRKGCYYYSDDGTFICEG,2,RL-3,CTLNC,Chymotrypsin,TP-2,2,6
553,IRD-556,KPCTLNCDPRIFYSKCPRSEGNAENRICTNCCAGRKGCYYYCDDGTFICEG,2,RL-3,CTLNC,Chymotrypsin,TP-2,2,6
554,IRD-557,KPCTLNCDTRIAYSICPRSEGNAENRICTNCCAGRKGCNYYSADGTFICEG,2,RL-3,CTLNC,Chymotrypsin,TP-2,2,6
555,IRD-558,KPCTLNCDPRIFYSKCPRSEGNAENRLCTNCCAGRKGCNYYSADGTFICEG,2,RL-3,CTLNC,Chymotrypsin,TP-2,2,6
556,IRD-559,KACPRYCDTRIAYSKCPRSEGNAENRICTNCCAGRKGCNYYSADGTFICEG,2,RL-6,CPRYC,Trypsin,TP-1,2,6
557,IRD-560,KACPRYCDTRIAYSKCPRSEGNAENRLCTNCCAGRKGCNYYSADGTFICEG,2,RL-6,CPRYC,Trypsin,TP-1,2,6
558,IRD-561,KACPRYCDTRIAYSKCPRSEGNAENRICTNCCAGRKGCNYFSADGTFICEG,2,RL-6,CPRYC,Trypsin,TP-1,2,6
559,IRD-562,KTCPRYCDTRIAYSKCPRSEGNAENRICTNCCAGRKGCNYYSADGTFICEG,2,RL-6,CPRYC,Trypsin,TP-1,2,6
560,IRD-563,KACPRYCDTRIAYSKCPRSEGNAENRICTNCCAGRKGCNYYSVIGTFICEG,2,RL-6,CPRYC,Trypsin,TP-1,2,6
561,IRD-564,KACPRYCDTRIAYSKCPRSEGNAENRLCPNCCAGRKGCNYYSADGTFICEG,2,RL-6,CPRYC,Trypsin,TP-1,2,6
562,IRD-565,KACPRNCDPRIAYGVCPRSKEKKDNQICTNCCAGTKGCNYFSADGTFVCEG,2,RL-1,CPRNC,Trypsin,TP-1,2,6
563,IRD-566,KACPRNCDPRIAYGVCPRSKEKKDNQICTNCCAGTKGCNYFSADGTFVCKG,2,RL-1,CPRNC,Trypsin,TP-1,2,6
564,IRD-567,KACPRNCDPRIDYRVCPRSEEKDNQICTNCCAGMKGCNYFSADGTFVCKG,2,RL-1,CPRNC,Trypsin,TP-1,2,6
565,IRD-568,KACPRNCDPRIAYGVCPRSEEKDNQICTNCCAGTKGCNYFSADGTFVCKG,2,RL-1,CPRNC,Trypsin,TP-1,2,6
566,IRD-569,KACPRNCDPRIDYRVCPRSEEKDNQMCTNCCAGTKGCNYFSADGTFVCKG,2,RL-1,CPRNC,Trypsin,TP-1,2,6
567,IRD-570,KACPRNCDPRIDYRVCPRSEEKDNQICTNCCAGTKGCNYFSVDGTFVCKG,2,RL-1,CPRNC,Trypsin,TP-1,2,6
568,IRD-571,KACPRNCDPRIDYRVCPRSEEKDNQICTNCCAGTKGCNYFSANGTFVCKG,2,RL-1,CPRNC,Trypsin,TP-1,2,6
569,IRD-572,KACPRNCDPRIDYRVCPRSEEKDNQICTNCCAGTKGCNYFSADGTFVCKG,2,RL-1,CPRNC,Trypsin,TP-1,2,6
570,IRD-573,KACPRNCDPRIDYGVCPRSEEKDNQICTNCCAGTKGCNYFSADGTFVCKG,2,RL-1,CPRNC,Trypsin,TP-1,2,6
571,IRD-574,KACPRNCDPRIAFGICPLSEEKDNQICTNCCAGTKGCSYFSADGTFVCKG,2,RL-1,CPRNC,Trypsin,TP-1,2,6
572,IRD-575,KACPRNCDPRIDFGICPLSEEKDNQICTNCCAGTKGCSYFSADGTFVCKG,2,RL-1,CPRNC,Trypsin,TP-1,2,6
573,IRD-576,KACPRNCDPRIDYRFCPRSEEKDNQICTNCCAGTKGCNYFSADGTFVCKG,2,RL-1,CPRNC,Trypsin,TP-1,2,6
574,IRD-577,KACPRNCDPRIDYRVCPRSEEKDNQICTNCCAGTKGCNYFSANGTFICEG,2,RL-1,CPRNC,Trypsin,TP-1,2,6
575,IRD-578,KACPPNCDSRIDYGVCPRSEEKDNQICTNCCAGTKGCNYFSADGTFVCKG,2,RL-14,CPPNC,Unknown,TP-4,2,6
576,IRD-579,KACPRNCDRRIAYGICPRSEEKNNDRICTNCCAGMKGCNYFSADGTFVCEG,2,RL-1,CPRNC,Trypsin,TP-1,2,6
577,IRD-580,KACPRNCDPRISDEICPRSEEKNNNQICTNCCAGTKGCNYFSADGTFVCEG,2,RL-1,CPRNC,Trypsin,TP-1,2,6
578,IRD-581,KACPRNCDPRISYGVCPRSEEKNNNQICTNCCAGTKGCNYFSADGTFVCEG,2,RL-1,CPRNC,Trypsin,TP-1,2,6
579,IRD-582,KACPRNCDPRIDYRVCPRSEEKNNQICTNCCAGTKGCNYFSADGTFVCEG,2,RL-1,CPRNC,Trypsin,TP-1,2,6
580,IRD-583,KACPRNCDPRIDYRVCPYSEEKNNQICTNCCAGTKGCNYFSANGTFICNG,2,RL-1,CPRNC,Trypsin,TP-1,2,6
581,IRD-584,KGCPRNCDPRIDYRVCPRSEEKNNQICTNCCAGTKGCNYFSADGTFVCKG,2,RL-1,CPRNC,Trypsin,TP-1,2,6
582,IRD-585,KACPRNCDPRIDYRVCWHSEEKNNQICTNCCAGTKGCNYFSANGTFICEG,2,RL-1,CPRNC,Trypsin,TP-1,2,6
583,IRD-586,KACPRNCDPRIAYGVCPRSEEEKNNQICTNCCGGTKGCNYFSANGTFICEG,2,RL-1,CPRNC,Trypsin,TP-1,2,6
584,IRD-587,KDCPRNCDPRIDYRVCRRSEEKNNQICTNCCVGTMGCNYFSADGSFVCKG,2,RL-1,CPRNC,Trypsin,TP-1,2,6
585,IRD-588,KDCPRNCDPRIDYRVCRRSEEKNNQICTNCCAGTKGYNYFSADGTFVCKG,2,RL-1,CPRNC,Trypsin,TP-1,2,6
586,IRD-589,KACPRNCDGRIAYGICPRTEEKNNQICTNCCAGTKGCNYFSANGTFICEG,2,RL-1,CPRNC,Trypsin,TP-1,2,6
587,IRD-590,KACPRNCDGRIAYGICPRAEEKNNQICTNCCAGMKGCNYFSANGTFICEG,2,RL-1,CPRNC,Trypsin,TP-1,2,6
588,IRD-591,KACPRNCDPRIDFGICPLSEEKKDNQICTNCYAGMKGCYYFSADGTFVCEG,2,RL-1,CPRNC,Trypsin,TP-1,2,6
589,IRD-592,KACPRNCDPRIDFGICPLSEEKKDNQICTNCCAGMKGCNYFSADGTFVCEG,2,RL-1,CPRNC,Trypsin,TP-1,2,6
590,IRD-593,KACPRNCDPRIDFGICPLLEEKKDNQICTNCCAGMKGCNYFSANGTFICEG,2,RL-1,CPRNC,Trypsin,TP-1,2,6
591,IRD-594,KACPRNCDPRIAYGVCPRTEEKKDNQICTNCCAGTKGCNYFSANGTFICEG,2,RL-1,CPRNC,Trypsin,TP-1,2,6
592,IRD-595,KACPRNCDGRIAYGICPRSEEKKDNQICTNCCAGTKGCNYFSADGTFVCEG,2,RL-1,CPRNC,Trypsin,TP-1,2,6
593,IRD-596,KACPRNCDGRIAYGVCPRSEEKKDNQICTNCCAGTKGCNYFSADGTFVCEG,2,RL-1,CPRNC,Trypsin,TP-1,2,6
594,IRD-597,KACPRNCDPRIAYGVCPRLEEKKDNQICTNCCAGTKGCNYFSADGTFVCKG,2,RL-1,CPRNC,Trypsin,TP-1,2,6
595,IRD-598,KACPRNCDPRIAYGVCPRSEEKKDNQICTNCCAGTKGCNYFSADGTFVCKG,2,RL-1,CPRNC,Trypsin,TP-1,2,6
596,IRD-599,KACPRNCDPRIAYGLCPLSEEKKDNRICTNCCAGKKGCNYFSADGTFVCKG,2,RL-1,CPRNC,Trypsin,TP-1,2,6
597,IRD-600,KACPRNCDPRIAYGACPLSEEKKDNQICTNCCAGTKGCSYFSADGTFVCKG,2,RL-1,CPRNC,Trypsin,TP-1,2,6
598,IRD-601,KACPRNCDPRIAYGVCPRSEEKKDNQICTNCCAGTKGCNYFSADGTFFCKG,2,RL-1,CPRNC,Trypsin,TP-1,2,6
599,IRD-602,KVCPLNCDPRIAYGLCPLSEEKKDNQICTNCCAGTKGCNYFSANGTFVCKG,2,RL-2,CPLNC,Chymotrypsin,TP-2,2,6
600,IRD-603,KVCPLNCDPRIAYGLCPLSEEKKDNQICTNCCAGTKGCNYFSADGTFVCKG,2,RL-2,CPLNC,Chymotrypsin,TP-2,2,6
601,IRD-604,KACPRNCDPRIAYGICPLSEEKKNDRICTNCCAGTKGCKYFSDDGTFVCEG,2,RL-1,CPRNC,Trypsin,TP-1,2,6
602,IRD-605,KACPRNCDPRIAYGICPLSEEKKNDRICTNCCAGTKGCKYFSNDGTFVCEG,2,RL-1,CPRNC,Trypsin,TP-1,2,6
603,IRD-606,KACPRNCDGRIAYGICPLSEEKKNDRICTNCCAGKKGCKYFSDDGTFICEG,2,RL-1,CPRNC,Trypsin,TP-1,2,6
604,IRD-607,KACPRNCDGRIAYGICPRSEEKKNDRICTNCCAGMKGCNYFSADGTFVCEG,2,RL-1,CPRNC,Trypsin,TP-1,2,6
605,IRD-608,KACPRNCDGRIAFKVCPRSEEKKNDRICTNCCAGRKGCSYFSADGTFVCKG,2,RL-1,CPRNC,Trypsin,TP-1,2,6
606,IRD-609,KPCPRNCDGRIAYGICPRSEEKKNDRICTNCCAGTKGCSYFSADGTFVCKG,2,RL-1,CPRNC,Trypsin,TP-1,2,6
607,IRD-610,KACPRNCDGRIAYGVCPRKEEKKNNWICTNCCAGMKGCNYFSADGTFVCEG,2,RL-1,CPRNC,Trypsin,TP-1,2,6
608,IRD-611,KACPRNCDGRIAYGVCPRKEEKKNNWICTNCCAGTKGCNYFSADGTFVCEG,2,RL-1,CPRNC,Trypsin,TP-1,2,6
609,IRD-612,KACPRNCDGRIDYGVCPRSEEKKNNQICTNCCAGTKGCNYFSADGTFVCEG,2,RL-1,CPRNC,Trypsin,TP-1,2,6
610,IRD-613,KACPRNCDGRIAYGVCPRSEEKKNNRICTNCCAGTKGCNYFSADGTFVCEG,2,RL-1,CPRNC,Trypsin,TP-1,2,6
611,IRD-614,KACPRNCDGRIAYGVCPRSEEKKNNRICTNCCAGTKGCNYFSADGTFICEG,2,RL-1,CPRNC,Trypsin,TP-1,2,6
612,IRD-615,KACPRNCDGRIAYEICPRSEEKKNDRICTNCCAGTKGCKYFSDDGTFICEG,2,RL-1,CPRNC,Trypsin,TP-1,2,6
613,IRD-616,KACPRNCDGRIAYGICPRSEEKKNDRICTNCCAGTKGCKYFSDDGTFICEG,2,RL-1,CPRNC,Trypsin,TP-1,2,6
614,IRD-617,KACPRNCDGRIAYEICPRSEEKKNDRICTNCCTGTKGCKYFSDDGTFVCEG,2,RL-1,CPRNC,Trypsin,TP-1,2,6
615,IRD-618,KACPRNCDGRIAYEICPRTEEKKNDRICTNCCAGTKGCKYFSDDGTFVCEG,2,RL-1,CPRNC,Trypsin,TP-1,2,6
616,IRD-619,KACPRNCDERIAYGICPRTEEKKNNQICTNCCAGTKGCNYFSANGTFICEG,2,RL-1,CPRNC,Trypsin,TP-1,2,6
617,IRD-620,KACPRNCDPRIAYGICPLSEEKKNDRICTNCCAGKKGCKYFSNDGTFVCEG,2,RL-1,CPRNC,Trypsin,TP-1,2,6
618,IRD-621,KACPRNCDPRIAYGICPLSEEKKNDRICTNCCAGTKGCKYFSDDETFVCEG,2,RL-1,CPRNC,Trypsin,TP-1,2,6
619,IRD-622,EACPRNCDPRIAYGICPLSEEKKNDRICTNCCAGKKGCKYFSNDGTFVCEG,2,RL-1,CPRNC,Trypsin,TP-1,2,6
620,IRD-623,KACPRNCDPRIAYGICPLAEEKKNDRICTNCCAGKKGCKYFSDDGTFVCEG,2,RL-1,CPRNC,Trypsin,TP-1,2,6
621,IRD-624,KACPRNCDGRIAYGICPLSEEKKNDRICTNCCAGKKGCKYFSDDGTFVCEG,2,RL-1,CPRNC,Trypsin,TP-1,2,6
622,IRD-625,KACPRNCDGRIAYGVCRSSEEKKNNQICTNCCAGTKGCNYFSADGTFVCKG,2,RL-1,CPRNC,Trypsin,TP-1,2,6
623,IRD-626,RPCPRNCDPRITYGVCPRSEEKKNNQICTNCCAGIKGCNYFSVDGTFVCEG,2,RL-1,CPRNC,Trypsin,TP-1,2,6
624,IRD-627,KACPRNCDPRITYGVCPRSEEKKNNQICTNCCAGIKGCNYFSVDGTFVCEG,2,RL-1,CPRNC,Trypsin,TP-1,2,6
625,IRD-628,KACPRNCDPRITYGVCPRSEEKKNNQICTNCCAGMKGCNYFSVNGTFICEG,2,RL-1,CPRNC,Trypsin,TP-1,2,6
626,IRD-629,KACPRNCDGRIAYGICPLSEEKKNDRICTNCCVGTKGCKYFSDDGTFICEG,2,RL-1,CPRNC,Trypsin,TP-1,2,6
627,IRD-630,KACPRNCDGRIAYGICPRTEEKKNDRICTNCCAGTKGCKYFSDDGTFICEG,2,RL-1,CPRNC,Trypsin,TP-1,2,6
628,IRD-631,KACPRNCDGRIAYGICPRTEEKKNDRICTNCCAGTKGCKYFSDDGTFVCEG,2,RL-1,CPRNC,Trypsin,TP-1,2,6
629,IRD-632,KACPRNCDPRIAYGVCPRSEEKKNNQICTNCCAGMKGCNYFSANGTFICEG,2,RL-1,CPRNC,Trypsin,TP-1,2,6
630,IRD-633,KGCPRNCDGRIAYGICPLSEEKKNDRICTNCCAGMKGCNYFSADGTFVCEG,2,RL-1,CPRNC,Trypsin,TP-1,2,6
631,IRD-634,KACPRNCDGRIAYGICPLSEEKKNDRICTNCCAGTKGCKYFSDDGTFVCEG,2,RL-1,CPRNC,Trypsin,TP-1,2,6
632,IRD-635,KACPRNCDGRIAYGICPRTEEKKNNQICTNCCAGTKGCNYFSANGTFICEG,2,RL-1,CPRNC,Trypsin,TP-1,2,6
633,IRD-636,KACPRNCDGRIAYGICPRSEEKKNERICTNCCAGMKGCNYFSADGTFVCEG,2,RL-1,CPRNC,Trypsin,TP-1,2,6
634,IRD-637,KACPRNCDGRIAYGICPRSEEKKNDRICTNCCAGTKGCSYFSADGTFVCKG,2,RL-1,CPRNC,Trypsin,TP-1,2,6
635,IRD-638,KACPRNCDPRIAYGACPLSEEKKNNQICTNCCAGMKGCNYFSANGTFICEG,2,RL-1,CPRNC,Trypsin,TP-1,2,6
636,IRD-639,KPCPRNCDGRIAYGICPLSEEKKNNRLCTNCCAGMKGCNYFSADGTFVCEG,2,RL-1,CPRNC,Trypsin,TP-1,2,6
637,IRD-640,KPCPRNCDGRIAYGICPLSEEKKNNRLCTNCCAGTKGCNYFSADGTFVCEG,2,RL-1,CPRNC,Trypsin,TP-1,2,6
638,IRD-641,KPCPRNCDGRIAYGICPLSEEKKNNRLCTNCCAGTKGCNYFGADGTFVCEG,2,RL-1,CPRNC,Trypsin,TP-1,2,6
639,IRD-642,KDCPRNCDGRIAYGICPLSEEKKNDRTCTNCCAGTKGCNYFSYDGTFVCEG,2,RL-1,CPRNC,Trypsin,TP-1,2,6
640,IRD-643,KPCPRNCDGRIAYGICPLSEEKKNNQLCTNCCAGTKGCNYFSADGTFVCEG,2,RL-1,CPRNC,Trypsin,TP-1,2,6
641,IRD-644,KPCPRNCDGRIAYGICPLSEEKKNNRLCTNCCAGTKGCSYFSADGTFVCEG,2,RL-1,CPRNC,Trypsin,TP-1,2,6
642,IRD-645,KPCPRNCDGRIAYGICPLSEEKKNDPICTNCCVGKKGCKYFSYDGTFVCEG,2,RL-1,CPRNC,Trypsin,TP-1,2,6
643,IRD-646,KPCPRNCDGRIAYGICPLSEEKKNDPICTNCCAGKKGCKYFSYDGTFVCEG,2,RL-1,CPRNC,Trypsin,TP-1,2,6
644,IRD-647,KPCPRNCDGRIAYGICPLSEEKKNDRLCTNCCAGKKGCKYFSDDGTFVCEG,2,RL-1,CPRNC,Trypsin,TP-1,2,6
645,IRD-648,KPCPRNCDGRIAYGICPLSEEKKNNQLCTNCCAGTKGCKYFSADGTFVCEG,2,RL-1,CPRNC,Trypsin,TP-1,2,6
646,IRD-649,KPCPRNCDGRIAYGICPRSEEKKNDRICTNCCSGKKGCKYFSDDGTFVCEG,2,RL-1,CPRNC,Trypsin,TP-1,2,6
647,IRD-650,KACPRNCDPRIAYRICRRSEEKKNDRICTNCCAGTKGCNYFSDDGTFVCEG,2,RL-1,CPRNC,Trypsin,TP-1,2,6
648,IRD-651,KACPRNCDGRIAYEICPRTEEKKNDRICTNCCAGTKGCKYFSYDGTFVCEG,2,RL-1,CPRNC,Trypsin,TP-1,2,6
649,IRD-652,KACPRNCDPRIAYGICRRSEEKKNDRICTNCCAGTKGCKYFSYDGNFVCEG,2,RL-1,CPRNC,Trypsin,TP-1,2,6
650,IRD-653,KACPRNCDPRIAYGICPLSEEKKNDRICTNCCAGKKGCKYFSDDGTFVCEG,2,RL-1,CPRNC,Trypsin,TP-1,2,6
651,IRD-654,KACPRNCDPRIDYRVCPRSEEKKNDRICTNCCSGKKGCKYFSDDGTFVCEG,2,RL-1,CPRNC,Trypsin,TP-1,2,6
652,IRD-655,KACPLNCDPRIAYGVCPRSEEKKNDRICTNCCAGTKGCKYFSDDGTFVCEG,2,RL-2,CPLNC,Chymotrypsin,TP-2,2,6
653,IRD-656,KACPLNCNPRIAYGVCPRSEEKKNDRICTNCCAGTKGCKYFSDDGTFVCEG,2,RL-2,CPLNC,Chymotrypsin,TP-2,2,6
654,IRD-657,KFCPLNCDPRIASGICTLSEEKKNDRLCTNCCAGTKGCRFFSADGTFVCEG,2,RL-2,CPLNC,Chymotrypsin,TP-2,2,6
655,IRD-658,KACTLNCDPRIAYGICPLSEEKKNDRICTNCCAGKKGCKYFSDDGTFVCEG,2,RL-3,CTLNC,Chymotrypsin,TP-2,2,6
656,IRD-659,KACTLNCDPRIAYGVCPRSEEKKNNQICTNCCAGTKGCNYFSADGTFVCEG,2,RL-3,CTLNC,Chymotrypsin,TP-2,2,6
657,IRD-660,KACTLNCDPRIAYGVCPRSEEKKNNQICTNCCAGTKGCNYFSADGTFVCKG,2,RL-3,CTLNC,Chymotrypsin,TP-2,2,6
658,IRD-661,KACTLNCDPRIAYGVCPRSEEKKNDRICTNCCAGTKGCKYFSDDGTFVCEG,2,RL-3,CTLNC,Chymotrypsin,TP-2,2,6
659,IRD-662,KRCTRECDPRINYRICPRSEEKKNNRICTNCCSGKKGCKYFSDDGTFVCEG,2,RL-4,CTREC,Trypsin,TP-1,2,6
660,IRD-663,MTCTRECDPRIDYRVCPLSEEKKNDRICTNCCAGKKGCKYFSDDGTFVCEG,2,RL-4,CTREC,Trypsin,TP-1,2,6
661,IRD-664,KACTRECDTRIAYGVCPRLEEKKNNRLCTNCCSGTKGCNYFSADGTFVCEG,2,RL-4,CTREC,Trypsin,TP-1,2,6
662,IRD-665,KACPFNCDPRIAYGVCPRSEEKKNNQICTNCCAGRKGCYYFSADGAFVCEG,2,RL-5,CPFNC,Chymotrypsin,TP-2,2,6
663,IRD-666,KACPFNCDPRIAYGVCPRSEEKKNNQICTNCCAGTKGCNYFSADGTFVCKG,2,RL-5,CPFNC,Chymotrypsin,TP-2,2,6
664,IRD-667,MACPFNCDPRIAYEVCPRTEEKKNDRICTNCCAGTKGCKYFSDDGTFICEG,2,RL-5,CPFNC,Chymotrypsin,TP-2,2,6
665,IRD-668,KACTFNCDPRIAYEICPRTEEKKNDRICTNCCAGRKGCKYFSDDGTFVCEG,2,RL-7,CTFNC,Chymotrypsin,TP-2,2,6
666,IRD-669,KGCTFECDPRIAYGICPLSEEKKNNRLCTNCCAGKKGCNYFSSNGTFICEG,2,RL-8,CTFEC,Chymotrypsin,TP-2,2,6
667,IRD-670,KGCTFECDPGIAYGICPLSEEKKNNRLCTNCCAGKKGCNYFSSNGTFICEG,2,RL-8,CTFEC,Chymotrypsin,TP-2,2,6
668,IRD-671,KGCTFECDPRIAYGICPRSEEKKNNRLCTNCCAGKKGCNYFSSNGTFICEG,2,RL-8,CTFEC,Chymotrypsin,TP-2,2,6
669,IRD-672,KGCTIECDPRIAYGICPLSEEKKNNRLCTNCCAGKKGCNYFSANGTFICEG,2,RL-15,CTIEC,Chymotrypsin,TP-2,2,6
670,IRD-673,KFCPQNCDGRIAYGICPVSEEKKNNRLCTNCCAGAKGCRFFSADGTFVCEG,2,RL-16,CPQNC,Unknown,TP-4,2,6
671,IRD-674,KGCPRICDPRIAYRICRRSEEKKNDRICTNCCAGTKGCNYFSDDGTFVCEG,2,RL-17,CPRIC,Trypsin,TP-1,2,6
672,IRD-675,KACSFNCDPRIAYGVCPRSEEKKNNQICTNCCAGTKGCNYFSADGTFVCEG,2,RL-45,CSFNC,Chymotrypsin,TP-2,2,6
673,IRD-676,KVCPQFCLDAEYMTCGSSDERLNPSCNCCLAPQGCTLYFSDGTSQYCA,2,RL-12,CPQFC,Unknown,TP-4,2,6
674,IRD-677,MACPLYCLDVEYMTCNGTKVTPGRCNCCLAPKGCILHLSDGTSVNCG,2,RL-27,CPLYC,Chymotrypsin,TP-2,2,6
675,IRD-678,KACPLYCLDVVSMTCNGTEVNFTSCNCCLAPKGCTLHLADGGSVYCG,2,RL-27,CPLYC,Chymotrypsin,TP-2,2,6
676,IRD-679,KACPLYCLDVVSMTCNGTEVNFTRCNCCLAPKGCTLHLADGRSVYCS,2,RL-27,CPLYC,Chymotrypsin,TP-2,2,6
677,IRD-680,EACPQYCLDVEYMTCGNSETKLPPRCNCCLAPKGCTLHLADGTSQYCS,2,RL-33,CPQYC,Unknown,TP-4,2,6
678,IRD-681,KICPQYCLDVEYMTCGSSCERLEPKCNCCLAPEGCTLHLADGTSEYCG,2,RL-33,CPQYC,Unknown,TP-4,2,6
679,IRD-682,PACPQYCLSDADYVICNSPVPAKYPVSCGNCCFARSAVGSSKDCSIHFTDGRLQACG,2,RL-33,CPQYC,Unknown,TP-4,2,6
680,IRD-683,RLCPLICEPPKIKVCPSRGTNRIPISVLPPDKEPSNGCHLYNLKTGA,2,RL-39,CPLIC,Chymotrypsin,TP-2,2,6
681,IRD-684,RPCPLICHPPKIKVCPSRGTNRIPISVLPPDKEPSNGCHLYNLKTGAP,2,RL-39,CPLIC,Chymotrypsin,TP-2,2,6
682,IRD-685,KVCPLVCFKAAYMICPHPPHKKLRPVCNCCLAKPHCKLYRHDGTVICTA,2,RL-41,CPLVC,Chymotrypsin,TP-2,2,6
683,IRD-686,KTCTFKCGSASYVCPGPKSVALDFNSCHTCRKPLKEGCKLYNRQGHQLCV,2,RL-60,CTFKC,Chymotrypsin,TP-2,2,6
684,IRD-687,KVCIEICLEANYMTCPSTGNAELNPACNCYLANEDGCTIYLKDGTVEKCPR,2,RL-61,CIEIC,Unknown,TP-4,2,6
685,IRD-689,KACSKECDRRIEFGICVTDLTKTVNGLCTTCSAGKKGCKYFNNNGTYICDG,2,RL-13,CSKEC,Trypsin,TP-1,2,6
686,IRD-690,KACSKECDRRIEIGICVTDLTKTVNGLCTTCSAGKKGCKYFNNNGTYICDG,2,RL-13,CSKEC,Trypsin,TP-1,2,6
687,IRD-691,KACSKECDPRIDIGFCAYVQTKIVNGLSTNCSAGKKGCKYFSNDGT,2,RL-13,CSKEC,Trypsin,TP-1,2,6
688,IRD-692,KVCTMECGNFAYGICPRSEGSPICTNCCSGYKGCNYYSANGTFICEG,2,RL-19,CTMEC,Unknown,TP-4,2,6
689,IRD-693,KACPRNCDTRIAYSKMSTFRRKTQKIAYAPIAVQAVRVATNYSADGTFICEG,2,RL-1,CPRNC,Trypsin,TP-1,2,6
690,IRD-694,KVCTRECGFVSYVCPGPKSVALDFNSCHTCKKPLREGCKLYNRQGHQLCV,2,RL-4,CTREC,Trypsin,TP-1,2,6
691,IRD-695,KVCTRECGFVSYVCPGPKSVALDFNSCHTCKKPLKEGCKLYNRQGHQLCV,2,RL-4,CTREC,Trypsin,TP-1,2,6
692,IRD-696,KACTLECGFASYVCPGPKSVALDFNSCHTCKKPLREGCKLYNRQGHQLCV,2,RL-9,CTLEC,Chymotrypsin,TP-2,2,6
693,IRD-697,KACTLECGFASYVCPGPKSVALDFNSCHTCKKPLREGCKLYNRRGHQLCV,2,RL-9,CTLEC,Chymotrypsin,TP-2,2,6
694,IRD-698,TICTLECNTKAVYIRCLPDKKKTKIGSGGCTNCCVSRKRGCQLYDSNDRRLCA,2,RL-9,CTLEC,Chymotrypsin,TP-2,2,6
