Taxon,Mnemonic,Scientific name,Common name,Synonym,Other Names,Reviewed,Rank,Lineage,Parent,Virus hosts,Organism,Genus,Species,Solanaceae
52838,MUSBA,Musa balbisiana,Banana,,Balbis banana; Musa BB Group; Musa balbisiana Colla; Musa sp. 'Pisang klutuk'; starchy banana,annotated,Species,Eukaryota; Viridiplantae; Streptophyta; Embryophyta; Tracheophyta; Spermatophyta; Magnoliophyta; Liliopsida; Zingiberales; Musaceae; Musa,4640.0,,Musa balbisiana (Banana),Musa,balbisiana,0
38414,,Eragrostis curvula,weeping love grass,,Boer love grass; Eragrostis curvula (Schrad.) Nees,annotated,Species,Eukaryota; Viridiplantae; Streptophyta; Embryophyta; Tracheophyta; Spermatophyta; Magnoliophyta; Liliopsida; Poales; Poaceae; PACMAD clade; Chloridoideae; Eragrostideae; Eragrostidinae; Eragrostis,38413.0,,Eragrostis curvula (weeping love grass),Eragrostis,curvula,0
15368,BRADI,Brachypodium distachyon,Purple false brome,Trachynia distachya,Brachypodium distachyon (L.) P.Beauv.; annual false brome; false brome; stiff brome,reviewed,Species,Eukaryota; Viridiplantae; Streptophyta; Embryophyta; Tracheophyta; Spermatophyta; Magnoliophyta; Liliopsida; Poales; Poaceae; BOP clade; Pooideae; Brachypodieae; Brachypodium,15367.0,,Brachypodium distachyon (Purple false brome) (Trachynia distachya),Brachypodium,distachyon,0
1088818,,Apostasia shenzhenica,,,Apostasia shenzhenense; Apostasia shenzhenica Z.J.Liu & L.J.Chen,annotated,Species,Eukaryota; Viridiplantae; Streptophyta; Embryophyta; Tracheophyta; Spermatophyta; Magnoliophyta; Liliopsida; Asparagales; Orchidaceae; Apostasioideae; Apostasia,49693.0,,Apostasia shenzhenica,Apostasia,shenzhenica,0
906689,,Dendrobium catenatum,,,"Dendrobium catenatum Lindl., 1830",annotated,Species,Eukaryota; Viridiplantae; Streptophyta; Embryophyta; Tracheophyta; Spermatophyta; Magnoliophyta; Liliopsida; Asparagales; Orchidaceae; Epidendroideae; Malaxideae; Dendrobiinae; Dendrobium,37818.0,,Dendrobium catenatum,Dendrobium,catenatum,0
542762,,Camellia sinensis var. sinensis,,,Camelllia sinensis var. sinensis,annotated,Varietas,Eukaryota; Viridiplantae; Streptophyta; Embryophyta; Tracheophyta; Spermatophyta; Magnoliophyta; eudicotyledons; Gunneridae; Pentapetalae; asterids; Ericales; Theaceae; Camellia,4442.0,,Camellia sinensis var. sinensis,Camellia,sinensis,0
33113,ATRBE,Atropa belladonna,Belladonna,Deadly nightshade,Atropa belladonna L.,reviewed,Species,Eukaryota; Viridiplantae; Streptophyta; Embryophyta; Tracheophyta; Spermatophyta; Magnoliophyta; eudicotyledons; Gunneridae; Pentapetalae; asterids; lamiids; Solanales; Solanaceae; Solanoideae; Hyoscyameae; Atropa,24609.0,,Atropa belladonna (Belladonna) (Deadly nightshade),Atropa,belladonna,1
4081,SOLLC,Solanum lycopersicum,Tomato,Lycopersicon esculentum,Lycopersicon esculentum Mill.; Lycopersicon esculentum var. esculentum; Lycopersicon lycopersicum; Lycopersicum esculentum; Solanum esculentum; Solanum esculentum Dunal; Solanum lycopersicon; Solanum lycopersicum L.; Solanum lycopersicum var. humboldtii,reviewed,Species,Eukaryota; Viridiplantae; Streptophyta; Embryophyta; Tracheophyta; Spermatophyta; Magnoliophyta; eudicotyledons; Gunneridae; Pentapetalae; asterids; lamiids; Solanales; Solanaceae; Solanoideae; Solaneae; Solanum; Lycopersicon,49274.0,,Solanum lycopersicum (Tomato) (Lycopersicon esculentum),Solanum,lycopersicum,1
4072,CAPAN,Capsicum annuum,Bell pepper,,Capsicum annum; Capsicum annuum L.; Capsicum capsicum; Capsicum sp. HD-HW; Capsicum sp. JYM-2013,reviewed,Species,Eukaryota; Viridiplantae; Streptophyta; Embryophyta; Tracheophyta; Spermatophyta; Magnoliophyta; eudicotyledons; Gunneridae; Pentapetalae; asterids; lamiids; Solanales; Solanaceae; Solanoideae; Capsiceae; Capsicum,4071.0,,Capsicum annuum (Capsicum pepper),Capsicum,annuum,1
33114,CAPBA,Capsicum baccatum,Peruvian pepper,,Capsicum bacatum; Capsicum baccatum L.,reviewed,Species,Eukaryota; Viridiplantae; Streptophyta; Embryophyta; Tracheophyta; Spermatophyta; Magnoliophyta; eudicotyledons; Gunneridae; Pentapetalae; asterids; lamiids; Solanales; Solanaceae; Solanoideae; Capsiceae; Capsicum,4071.0,,Capsicum baccatum (Peruvian pepper),Capsicum,baccatum,1
4108,SOLCH,Solanum chacoense,Chaco potato,,Solanum chacoense Bitter,reviewed,Species,Eukaryota; Viridiplantae; Streptophyta; Embryophyta; Tracheophyta; Spermatophyta; Magnoliophyta; eudicotyledons; Gunneridae; Pentapetalae; asterids; lamiids; Solanales; Solanaceae; Solanoideae; Solaneae; Solanum,4107.0,,Solanum chacoense (Chaco potato),Solanum,chacoense,1
4093,NICRU,Nicotiana rustica,Aztec tobacco,,Nicotiana rustica L.; wild tobacco,reviewed,Species,Eukaryota; Viridiplantae; Streptophyta; Embryophyta; Tracheophyta; Spermatophyta; Magnoliophyta; eudicotyledons; Gunneridae; Pentapetalae; asterids; lamiids; Solanales; Solanaceae; Nicotianoideae; Nicotianeae; Nicotiana,4085.0,,Nicotiana rustica (Aztec tobacco),Nicotiana,rustica,1
4096,NICSY,Nicotiana sylvestris,Wood tobacco,South American tobacco,Nicotiana sylvestris Speg. & Comes,reviewed,Species,Eukaryota; Viridiplantae; Streptophyta; Embryophyta; Tracheophyta; Spermatophyta; Magnoliophyta; eudicotyledons; Gunneridae; Pentapetalae; asterids; lamiids; Solanales; Solanaceae; Nicotianoideae; Nicotianeae; Nicotiana,4085.0,,Nicotiana sylvestris (Wood tobacco) (South American tobacco),Nicotiana,sylvestris,1
80379,CAPCH,Capsicum chinense,Scotch bonnet,Bonnet pepper,Capsicum chinense Jacq.; habanero; piri piri; rocotillo,reviewed,Species,Eukaryota; Viridiplantae; Streptophyta; Embryophyta; Tracheophyta; Spermatophyta; Magnoliophyta; eudicotyledons; Gunneridae; Pentapetalae; asterids; lamiids; Solanales; Solanaceae; Solanoideae; Capsiceae; Capsicum,4071.0,,Capsicum chinense (Scotch bonnet) (Bonnet pepper),Capsicum,chinense,1
4111,SOLME,Solanum melongena,Eggplant,Aubergine,Solanum melongena L.; brinjal,reviewed,Species,Eukaryota; Viridiplantae; Streptophyta; Embryophyta; Tracheophyta; Spermatophyta; Magnoliophyta; eudicotyledons; Gunneridae; Pentapetalae; asterids; lamiids; Solanales; Solanaceae; Solanoideae; Solaneae; Solanum,4107.0,,Solanum melongena (Eggplant) (Aubergine),Solanum,melongena,1
4097,TOBAC,Nicotiana tabacum,Common tobacco,,American tobacco; Nicotania tabacum; Nicotiana tabacum L.; Nicotiana tabacum var. Samsun; tobacco,reviewed,Species,Eukaryota; Viridiplantae; Streptophyta; Embryophyta; Tracheophyta; Spermatophyta; Magnoliophyta; eudicotyledons; Gunneridae; Pentapetalae; asterids; lamiids; Solanales; Solanaceae; Nicotianoideae; Nicotianeae; Nicotiana,4085.0,,Nicotiana tabacum (Common tobacco),Nicotiana,tabacum,1
4100,NICBE,Nicotiana benthamiana,,,Nicotiana benthamania; Nicotiana benthamiana Domin,reviewed,Species,Eukaryota; Viridiplantae; Streptophyta; Embryophyta; Tracheophyta; Spermatophyta; Magnoliophyta; eudicotyledons; Gunneridae; Pentapetalae; asterids; lamiids; Solanales; Solanaceae; Nicotianoideae; Nicotianeae; Nicotiana,4085.0,,Nicotiana benthamiana,Nicotiana,benthamiana,1
4112,SOLNI,Solanum nigrum,Black nightshade,,Solanum niger; Solanum nigrum L.,reviewed,Species,Eukaryota; Viridiplantae; Streptophyta; Embryophyta; Tracheophyta; Spermatophyta; Magnoliophyta; eudicotyledons; Gunneridae; Pentapetalae; asterids; lamiids; Solanales; Solanaceae; Solanoideae; Solaneae; Solanum,4107.0,,Solanum nigrum (Black nightshade),Solanum,nigrum,1
35889,NICGU,Nicotiana glutinosa,Tobacco,,Nicotiana glutinosa L.,reviewed,Species,Eukaryota; Viridiplantae; Streptophyta; Embryophyta; Tracheophyta; Spermatophyta; Magnoliophyta; eudicotyledons; Gunneridae; Pentapetalae; asterids; lamiids; Solanales; Solanaceae; Nicotianoideae; Nicotianeae; Nicotiana,4085.0,,Nicotiana glutinosa (Tobacco),Nicotiana,glutinosa,1
49451,NICAT,Nicotiana attenuata,Coyote tobacco,,Nicotiana attenuata Torr. ex S.Watson,reviewed,Species,Eukaryota; Viridiplantae; Streptophyta; Embryophyta; Tracheophyta; Spermatophyta; Magnoliophyta; eudicotyledons; Gunneridae; Pentapetalae; asterids; lamiids; Solanales; Solanaceae; Nicotianoideae; Nicotianeae; Nicotiana,4085.0,,Nicotiana attenuata (Coyote tobacco),Nicotiana,attenuata,1
4113,SOLTU,Solanum tuberosum,Potato,,Solanum tuberosum L.; Solanum tuberosum subsp. tuberosum; potatoes,reviewed,Species,Eukaryota; Viridiplantae; Streptophyta; Embryophyta; Tracheophyta; Spermatophyta; Magnoliophyta; eudicotyledons; Gunneridae; Pentapetalae; asterids; lamiids; Solanales; Solanaceae; Solanoideae; Solaneae; Solanum,4107.0,,Solanum tuberosum (Potato),Solanum,tuberosum,1
76336,,Nicotiana repanda,,,Nicotiana repanda Willd. ex Lehm.,annotated,Species,Eukaryota; Viridiplantae; Streptophyta; Embryophyta; Tracheophyta; Spermatophyta; Magnoliophyta; eudicotyledons; Gunneridae; Pentapetalae; asterids; lamiids; Solanales; Solanaceae; Nicotianoideae; Nicotianeae; Nicotiana,4085.0,,Nicotiana repanda,Nicotiana,repanda,1
81866,NICCL,Nicotiana clevelandii,Wild tobacco,,Nicotiana clevelandii A.Gray,reviewed,Species,Eukaryota; Viridiplantae; Streptophyta; Embryophyta; Tracheophyta; Spermatophyta; Magnoliophyta; eudicotyledons; Gunneridae; Pentapetalae; asterids; lamiids; Solanales; Solanaceae; Nicotianoideae; Nicotianeae; Nicotiana,4085.0,,Nicotiana clevelandii (Wild tobacco),Nicotiana,clevelandii,1
118690,,Nicotiana cavicola,,,Nicotiana cavicola N.T.Burb.,annotated,Species,Eukaryota; Viridiplantae; Streptophyta; Embryophyta; Tracheophyta; Spermatophyta; Magnoliophyta; eudicotyledons; Gunneridae; Pentapetalae; asterids; lamiids; Solanales; Solanaceae; Nicotianoideae; Nicotianeae; Nicotiana,4085.0,,Nicotiana cavicola,Nicotiana,cavicola,1
118701,,Nicotiana linearis,,,Nicotiana linearis Phil.,annotated,Species,Eukaryota; Viridiplantae; Streptophyta; Embryophyta; Tracheophyta; Spermatophyta; Magnoliophyta; eudicotyledons; Gunneridae; Pentapetalae; asterids; lamiids; Solanales; Solanaceae; Nicotianoideae; Nicotianeae; Nicotiana,4085.0,,Nicotiana linearis,Nicotiana,linearis,1
118703,,Nicotiana megalosiphon,,,Nicotiana megalosiphon Van Heurck & Muell.Arg.,annotated,Species,Eukaryota; Viridiplantae; Streptophyta; Embryophyta; Tracheophyta; Spermatophyta; Magnoliophyta; eudicotyledons; Gunneridae; Pentapetalae; asterids; lamiids; Solanales; Solanaceae; Nicotianoideae; Nicotianeae; Nicotiana,4085.0,,Nicotiana megalosiphon,Nicotiana,megalosiphon,1
118704,,Nicotiana miersii,,,Nicotiana miersii J.Remy,annotated,Species,Eukaryota; Viridiplantae; Streptophyta; Embryophyta; Tracheophyta; Spermatophyta; Magnoliophyta; eudicotyledons; Gunneridae; Pentapetalae; asterids; lamiids; Solanales; Solanaceae; Nicotianoideae; Nicotianeae; Nicotiana,4085.0,,Nicotiana miersii,Nicotiana,miersii,1
118709,,Nicotiana simulans,,,Nicotiana simulans N.T.Burb.,annotated,Species,Eukaryota; Viridiplantae; Streptophyta; Embryophyta; Tracheophyta; Spermatophyta; Magnoliophyta; eudicotyledons; Gunneridae; Pentapetalae; asterids; lamiids; Solanales; Solanaceae; Nicotianoideae; Nicotianeae; Nicotiana,4085.0,,Nicotiana simulans,Nicotiana,simulans,1
118712,,Nicotiana umbratica,,,Nicotiana umbratica N.T.Burb.,annotated,Species,Eukaryota; Viridiplantae; Streptophyta; Embryophyta; Tracheophyta; Spermatophyta; Magnoliophyta; eudicotyledons; Gunneridae; Pentapetalae; asterids; lamiids; Solanales; Solanaceae; Nicotianoideae; Nicotianeae; Nicotiana,4085.0,,Nicotiana umbratica,Nicotiana,umbratica,1
109975,SOLAR,Solanum americanum,American black nightshade,Solanum nodiflorum,Solanum americanum Mill.,annotated,Species,Eukaryota; Viridiplantae; Streptophyta; Embryophyta; Tracheophyta; Spermatophyta; Magnoliophyta; eudicotyledons; Gunneridae; Pentapetalae; asterids; lamiids; Solanales; Solanaceae; Solanoideae; Solaneae; Solanum,4107.0,,Solanum americanum (American black nightshade) (Solanum nodiflorum),Solanum,americanum,1
200300,,Nicotiana spegazzinii,,,Nicotiana spegazzinii Millan,annotated,Species,Eukaryota; Viridiplantae; Streptophyta; Embryophyta; Tracheophyta; Spermatophyta; Magnoliophyta; eudicotyledons; Gunneridae; Pentapetalae; asterids; lamiids; Solanales; Solanaceae; Nicotianoideae; Nicotianeae; Nicotiana,4085.0,,Nicotiana spegazzinii,Nicotiana,spegazzinii,1
200301,,Nicotiana corymbosa,,,Nicotiana corymbosa J.Remy,annotated,Species,Eukaryota; Viridiplantae; Streptophyta; Embryophyta; Tracheophyta; Spermatophyta; Magnoliophyta; eudicotyledons; Gunneridae; Pentapetalae; asterids; lamiids; Solanales; Solanaceae; Nicotianoideae; Nicotianeae; Nicotiana,4085.0,,Nicotiana corymbosa,Nicotiana,corymbosa,1
200306,,Nicotiana occidentalis subsp. hesperis,,,Nicotiana hesperis; Nicotiana hesperis N.T.Burb.; Nicotiana occidentalis subsp. hesperis (N.T.Burb.) P.Horton,annotated,Subspecies,Eukaryota; Viridiplantae; Streptophyta; Embryophyta; Tracheophyta; Spermatophyta; Magnoliophyta; eudicotyledons; Gunneridae; Pentapetalae; asterids; lamiids; Solanales; Solanaceae; Nicotianoideae; Nicotianeae; Nicotiana,200313.0,,Nicotiana occidentalis subsp. hesperis,Nicotiana,occidentalis,1
200315,,Nicotiana pauciflora,,,Nicotiana pauciflora J.Remy,annotated,Species,Eukaryota; Viridiplantae; Streptophyta; Embryophyta; Tracheophyta; Spermatophyta; Magnoliophyta; eudicotyledons; Gunneridae; Pentapetalae; asterids; lamiids; Solanales; Solanaceae; Nicotianoideae; Nicotianeae; Nicotiana,4085.0,,Nicotiana pauciflora,Nicotiana,pauciflora,1
200316,,Nicotiana obtusifolia,,,Nicotiana obtusifolia M.Martens & Galeotti,annotated,Species,Eukaryota; Viridiplantae; Streptophyta; Embryophyta; Tracheophyta; Spermatophyta; Magnoliophyta; eudicotyledons; Gunneridae; Pentapetalae; asterids; lamiids; Solanales; Solanaceae; Nicotianoideae; Nicotianeae; Nicotiana,4085.0,,Nicotiana obtusifolia,Nicotiana,obtusifolia,1
172790,,Solanum phureja,,,Solanum phureja Juz. & Bukasov; chaucha; phureja,annotated,Species,Eukaryota; Viridiplantae; Streptophyta; Embryophyta; Tracheophyta; Spermatophyta; Magnoliophyta; eudicotyledons; Gunneridae; Pentapetalae; asterids; lamiids; Solanales; Solanaceae; Solanoideae; Solaneae; Solanum,4107.0,,Solanum phureja,Solanum,phureja,1
278839,,Nicotiana quadrivalvis,,,Nicotiana quadrivalvis Pursh,annotated,Species,Eukaryota; Viridiplantae; Streptophyta; Embryophyta; Tracheophyta; Spermatophyta; Magnoliophyta; eudicotyledons; Gunneridae; Pentapetalae; asterids; lamiids; Solanales; Solanaceae; Nicotianoideae; Nicotianeae; Nicotiana,4085.0,,Nicotiana quadrivalvis,Nicotiana,quadrivalvis,1
4086,NICAC,Nicotiana acuminata,Acuminate tobacco,,Nicotiana acuminata (Graham) Hook.,reviewed,Species,Eukaryota; Viridiplantae; Streptophyta; Embryophyta; Tracheophyta; Spermatophyta; Magnoliophyta; eudicotyledons; Gunneridae; Pentapetalae; asterids; lamiids; Solanales; Solanaceae; Nicotianoideae; Nicotianeae; Nicotiana,4085.0,,Nicotiana acuminata (Acuminate tobacco),Nicotiana,acuminata,1
4087,NICAL,Nicotiana alata,Winged tobacco,Persian tobacco,Indian tobacco; Nicotiana alata Link & Otto; flowering tobacco; ornamental tobacco,reviewed,Species,Eukaryota; Viridiplantae; Streptophyta; Embryophyta; Tracheophyta; Spermatophyta; Magnoliophyta; eudicotyledons; Gunneridae; Pentapetalae; asterids; lamiids; Solanales; Solanaceae; Nicotianoideae; Nicotianeae; Nicotiana,4085.0,,Nicotiana alata (Winged tobacco) (Persian tobacco),Nicotiana,alata,1
4146,OLEEU,Olea europaea,Common olive,,Olea europaea L.; Olea europea; Olea europeae; Olea sativa; Olea sativa Hoffmanns. & Link,reviewed,Species,Eukaryota; Viridiplantae; Streptophyta; Embryophyta; Tracheophyta; Spermatophyta; Magnoliophyta; eudicotyledons; Gunneridae; Pentapetalae; asterids; lamiids; Lamiales; Oleaceae; Oleeae; Olea,4145.0,,Olea europaea (Common olive),Olea,europaea,0
429701,,Handroanthus impetiginosus,,,Handroanthus impetiginosus (Mart. ex DC.) Mattos; Tabebuia impetiginosa; Tabebuia impetiginosa (Mart. ex DC.) Standl.; Tabebuia palmeri; Tabebuia palmeri Rose,annotated,Species,Eukaryota; Viridiplantae; Streptophyta; Embryophyta; Tracheophyta; Spermatophyta; Magnoliophyta; eudicotyledons; Gunneridae; Pentapetalae; asterids; lamiids; Lamiales; Bignoniaceae; Crescentiina; Tabebuia alliance; Handroanthus,1288022.0,,Handroanthus impetiginosus,Handroanthus,impetiginosus,0
192259,,Genlisea aurea,,,Genlisea aurea A.St.Hil.,annotated,Species,Eukaryota; Viridiplantae; Streptophyta; Embryophyta; Tracheophyta; Spermatophyta; Magnoliophyta; eudicotyledons; Gunneridae; Pentapetalae; asterids; lamiids; Lamiales; Lentibulariaceae; Genlisea,192258.0,,Genlisea aurea,Genlisea,aurea,0
28930,FAGSY,Fagus sylvatica,Beechnut,,European beech; Fagus sylvatica L.; Fagus sylvestris; Fagus sylvestris Gaertn.,reviewed,Species,Eukaryota; Viridiplantae; Streptophyta; Embryophyta; Tracheophyta; Spermatophyta; Magnoliophyta; eudicotyledons; Gunneridae; Pentapetalae; rosids; fabids; Fagales; Fagaceae; Fagus,21024.0,,Fagus sylvatica (Beechnut),Fagus,sylvatica,0
51240,JUGRE,Juglans regia,English walnut,,Juglans regia L.,annotated,Species,Eukaryota; Viridiplantae; Streptophyta; Embryophyta; Tracheophyta; Spermatophyta; Magnoliophyta; eudicotyledons; Gunneridae; Pentapetalae; rosids; fabids; Fagales; Juglandaceae; Juglans,16718.0,,Juglans regia (English walnut),Juglans,regia,0
3694,POPTR,Populus trichocarpa,Western balsam poplar,Populus balsamifera subsp. trichocarpa,Populus balsamifera subsp. trichocarpa (Torr. & A.Gray) Brayshaw; Populus thrichocarpa; Populus trichocarpa Torr. & A.Gray; Populus_trichocarpa; black cottonwood,reviewed,Species,Eukaryota; Viridiplantae; Streptophyta; Embryophyta; Tracheophyta; Spermatophyta; Magnoliophyta; eudicotyledons; Gunneridae; Pentapetalae; rosids; fabids; Malpighiales; Salicaceae; Saliceae; Populus,3689.0,,Populus trichocarpa (Western balsam poplar) (Populus balsamifera subsp. trichocarpa),Populus,trichocarpa,0
3988,RICCO,Ricinus communis,Castor bean,,Ricimus communis; Ricinis communis; Ricinus communis L.; Ricinus comunis; Ricinus sanguineus; Ricinus sanguineus hort. ex Groenl.,reviewed,Species,Eukaryota; Viridiplantae; Streptophyta; Embryophyta; Tracheophyta; Spermatophyta; Magnoliophyta; eudicotyledons; Gunneridae; Pentapetalae; rosids; fabids; Malpighiales; Euphorbiaceae; Acalyphoideae; Acalypheae; Ricinus,3987.0,,Ricinus communis (Castor bean),Ricinus,communis,0
43335,POPAL,Populus alba,White poplar,,Populus alba L.; abele; gin-doro; silver-leaf poplar; xin bai yang,reviewed,Species,Eukaryota; Viridiplantae; Streptophyta; Embryophyta; Tracheophyta; Spermatophyta; Magnoliophyta; eudicotyledons; Gunneridae; Pentapetalae; rosids; fabids; Malpighiales; Salicaceae; Saliceae; Populus,3689.0,,Populus alba (White poplar),Populus,alba,0
3983,MANES,Manihot esculenta,Cassava,Jatropha manihot,Manihot esculenta Crantz; Manihot esculenta0; Manihot utilissima; manioc; tapioca; yuca,reviewed,Species,Eukaryota; Viridiplantae; Streptophyta; Embryophyta; Tracheophyta; Spermatophyta; Magnoliophyta; eudicotyledons; Gunneridae; Pentapetalae; rosids; fabids; Malpighiales; Euphorbiaceae; Crotonoideae; Manihoteae; Manihot,3982.0,,Manihot esculenta (Cassava) (Jatropha manihot),Manihot,esculenta,0
180498,JATCU,Jatropha curcas,Barbados nut,,Jatropa curcas; Jatropha curcas L.,reviewed,Species,Eukaryota; Viridiplantae; Streptophyta; Embryophyta; Tracheophyta; Spermatophyta; Magnoliophyta; eudicotyledons; Gunneridae; Pentapetalae; rosids; fabids; Malpighiales; Euphorbiaceae; Crotonoideae; Jatropheae; Jatropha,3995.0,,Jatropha curcas (Barbados nut),Jatropha,curcas,0
3476,PARAD,Parasponia andersonii,,Sponia andersonii,Parasponia andersoni; Parasponia andersonii Planch.,reviewed,Species,Eukaryota; Viridiplantae; Streptophyta; Embryophyta; Tracheophyta; Spermatophyta; Magnoliophyta; eudicotyledons; Gunneridae; Pentapetalae; rosids; fabids; Rosales; Cannabaceae; Parasponia,3475.0,,Parasponia andersonii (Sponia andersonii),Parasponia,andersonii,0
63057,TREOI,Trema orientale,Charcoal tree,Celtis orientalis,"Celtis orientalis L., 1753; Sponia africana; Sponia africana Planch., 1848; Trema africana; Trema africanum; Trema africanum (Planch.) Blume, 1856; Trema orientale (L.) Blume, 1856; Trema orientalis",annotated,Species,Eukaryota; Viridiplantae; Streptophyta; Embryophyta; Tracheophyta; Spermatophyta; Magnoliophyta; eudicotyledons; Gunneridae; Pentapetalae; rosids; fabids; Rosales; Cannabaceae; Trema,3479.0,,Trema orientale (Charcoal tree) (Celtis orientalis),Trema,orientale,0
981085,,Morus notabilis,,,Morus motabilis; Morus notabilis C.K.Schneid.,annotated,Species,Eukaryota; Viridiplantae; Streptophyta; Embryophyta; Tracheophyta; Spermatophyta; Magnoliophyta; eudicotyledons; Gunneridae; Pentapetalae; rosids; fabids; Rosales; Moraceae; Morus,3497.0,,Morus notabilis,Morus,notabilis,0
3755,PRUDU,Prunus dulcis,Almond,Amygdalus dulcis,Amygdalus communis; Amygdalus communis L.; Prunus amygdalus; Prunus amygdalus Batsch; Prunus communis; Prunus communis (L.) Arcang.; Prunus dulcis (Mill.) D.A.Webb; Prunus dulcis var. sativa; sweet almond,reviewed,Species,Eukaryota; Viridiplantae; Streptophyta; Embryophyta; Tracheophyta; Spermatophyta; Magnoliophyta; eudicotyledons; Gunneridae; Pentapetalae; rosids; fabids; Rosales; Rosaceae; Amygdaloideae; Amygdaleae; Prunus,3754.0,,Prunus dulcis (Almond) (Amygdalus dulcis),Prunus,dulcis,0
3760,PRUPE,Prunus persica,Peach,Amygdalus persica,Persica vulgaris; Persica vulgaris Mill.; Prunus persica (L.) Batsch; Prunus persica var densa; Prunus persica var. densa; Prunus persica var. densa Makino,reviewed,Species,Eukaryota; Viridiplantae; Streptophyta; Embryophyta; Tracheophyta; Spermatophyta; Magnoliophyta; eudicotyledons; Gunneridae; Pentapetalae; rosids; fabids; Rosales; Rosaceae; Amygdaloideae; Amygdaleae; Prunus,3754.0,,Prunus persica (Peach) (Amygdalus persica),Prunus,persica,0
74649,ROSCH,Rosa chinensis,China rose,,"Rosa chinensis Jacq.; Rosa chinesis; Rosa indica auct., non L.",reviewed,Species,Eukaryota; Viridiplantae; Streptophyta; Embryophyta; Tracheophyta; Spermatophyta; Magnoliophyta; eudicotyledons; Gunneridae; Pentapetalae; rosids; fabids; Rosales; Rosaceae; Rosoideae; Rosoideae unplaced; Rosa,3764.0,,Rosa chinensis (China rose),Rosa,chinensis,0
3702,ARATH,Arabidopsis thaliana,Mouse-ear cress,,Arabidopsis thaliana (L.) Heynh.; Arabidopsis thaliana (thale cress); Arabidopsis_thaliana; Arbisopsis thaliana; thale cress; thale kress; thale-cress,reviewed,Species,Eukaryota; Viridiplantae; Streptophyta; Embryophyta; Tracheophyta; Spermatophyta; Magnoliophyta; eudicotyledons; Gunneridae; Pentapetalae; rosids; malvids; Brassicales; Brassicaceae; Camelineae; Arabidopsis,3701.0,,Arabidopsis thaliana (Mouse-ear cress),Arabidopsis,thaliana,0
81972,ARALL,Arabidopsis lyrata subsp. lyrata,Lyre-leaved rock-cress,,Arabis lyrata; Arabis lyrata subsp. lyrata; Cardaminopsis lyrata,reviewed,Subspecies,Eukaryota; Viridiplantae; Streptophyta; Embryophyta; Tracheophyta; Spermatophyta; Magnoliophyta; eudicotyledons; Gunneridae; Pentapetalae; rosids; malvids; Brassicales; Brassicaceae; Camelineae; Arabidopsis,59689.0,,Arabidopsis lyrata subsp. lyrata (Lyre-leaved rock-cress),Arabidopsis,lyrata,0
81985,,Capsella rubella,,,Capsella rubella Reut.,annotated,Species,Eukaryota; Viridiplantae; Streptophyta; Embryophyta; Tracheophyta; Spermatophyta; Magnoliophyta; eudicotyledons; Gunneridae; Pentapetalae; rosids; malvids; Brassicales; Brassicaceae; Camelineae; Capsella,3718.0,,Capsella rubella,Capsella,rubella,0
3711,BRACM,Brassica campestris,Field mustard,,Brassica rapa; Brassica rapa L.,reviewed,Species,Eukaryota; Viridiplantae; Streptophyta; Embryophyta; Tracheophyta; Spermatophyta; Magnoliophyta; eudicotyledons; Gunneridae; Pentapetalae; rosids; malvids; Brassicales; Brassicaceae; Brassiceae; Brassica,3705.0,,Brassica campestris (Field mustard),Brassica,campestris,0
51351,BRARP,Brassica rapa subsp. pekinensis,Chinese cabbage,Brassica pekinensis,Brassica campestris (Pekinensis Group); Brassica campestris ssp. pekinensis; Brassica campestris subsp. pekinensis; Brassica campestris subsp. pekinensis (Lour.) G.Olsson; Brassica campestris var. pekinensis; Brassica rapa Chinese Cabbage Group; Brassica rapa ssp. pekinensis; Brassica rapa subsp. pekinensis (Lour.) Hanelt ex Mansf.; Brassica rapa var. glabra; Brassica rapa var. glabra Regel; Brassica rapa var. pekinensis; bai cai; celery cabbage; pe-tsai,reviewed,Subspecies,Eukaryota; Viridiplantae; Streptophyta; Embryophyta; Tracheophyta; Spermatophyta; Magnoliophyta; eudicotyledons; Gunneridae; Pentapetalae; rosids; malvids; Brassicales; Brassicaceae; Brassiceae; Brassica,3711.0,,Brassica rapa subsp. pekinensis (Chinese cabbage) (Brassica pekinensis),Brassica,rapa,0
3712,BRAOL,Brassica oleracea,Wild cabbage,,"Brassica oleracea L., 1753",reviewed,Species,Eukaryota; Viridiplantae; Streptophyta; Embryophyta; Tracheophyta; Spermatophyta; Magnoliophyta; eudicotyledons; Gunneridae; Pentapetalae; rosids; malvids; Brassicales; Brassicaceae; Brassiceae; Brassica,3705.0,,Brassica oleracea (Wild cabbage),Brassica,oleracea,0
109376,,Brassica oleracea var. oleracea,,,Brassica oleracea subsp. oleracea,annotated,Varietas,Eukaryota; Viridiplantae; Streptophyta; Embryophyta; Tracheophyta; Spermatophyta; Magnoliophyta; eudicotyledons; Gunneridae; Pentapetalae; rosids; malvids; Brassicales; Brassicaceae; Brassiceae; Brassica,3712.0,,Brassica oleracea var. oleracea,Brassica,oleracea,0
69181,BRACR,Brassica cretica,Mustard,,Brassica cretica Lam.,annotated,Species,Eukaryota; Viridiplantae; Streptophyta; Embryophyta; Tracheophyta; Spermatophyta; Magnoliophyta; eudicotyledons; Gunneridae; Pentapetalae; rosids; malvids; Brassicales; Brassicaceae; Brassiceae; Brassica,3705.0,,Brassica cretica (Mustard),Brassica,cretica,0
107243,NOCCA,Noccaea caerulescens,Alpine penny-cress,Thlaspi caerulescens,"Noccaea caerulescens (J.Presl & C.Presl) F.K.Mey., 1973; Noccaea sp. MAB-2005; Noccaeae caerulescens; Thlaspi caerulescens J.Presl & C.Presl, 1819",annotated,Species,Eukaryota; Viridiplantae; Streptophyta; Embryophyta; Tracheophyta; Spermatophyta; Magnoliophyta; eudicotyledons; Gunneridae; Pentapetalae; rosids; malvids; Brassicales; Brassicaceae; Coluteocarpeae; Noccaea,290573.0,,Noccaea caerulescens (Alpine penny-cress) (Thlaspi caerulescens),Noccaea,caerulescens,0
22663,PUNGR,Punica granatum,Pomegranate,,Punica granatum L.; granado; grenadier; shi liu; zakuro,reviewed,Species,Eukaryota; Viridiplantae; Streptophyta; Embryophyta; Tracheophyta; Spermatophyta; Magnoliophyta; eudicotyledons; Gunneridae; Pentapetalae; rosids; malvids; Myrtales; Lythraceae; Punica,22662.0,,Punica granatum (Pomegranate),Punica,granatum,0
4155,ERYGU,Erythranthe guttata,Yellow monkey flower,Mimulus guttatus,Erythranthe guttata (Fisch. ex DC.) G.L.Nesom; Erythranthe guttatus; Mimulus guttatus Fisch. ex DC.; Mimulus guttatus subsp. guttatus; common monkey flower; spotted monkey flower,reviewed,Species,Eukaryota; Viridiplantae; Streptophyta; Embryophyta; Tracheophyta; Spermatophyta; Magnoliophyta; eudicotyledons; Gunneridae; Pentapetalae; asterids; lamiids; Lamiales; Phrymaceae; Erythranthe,1502711.0,,Erythranthe guttata (Yellow monkey flower) (Mimulus guttatus),Erythranthe,guttata,0
88036,SELML,Selaginella moellendorffii,Spikemoss,,Selaginella moellendorffii Hieron.; Selaginella moellendorfii,reviewed,Species,Eukaryota; Viridiplantae; Streptophyta; Embryophyta; Tracheophyta; Lycopodiopsida; Selaginellales; Selaginellaceae; Selaginella,3246.0,,Selaginella moellendorffii (Spikemoss),Selaginella,moellendorffii,0
4529,ORYRU,Oryza rufipogon,Brownbeard rice,Asian wild rice,Oryza rufipogon Griff.; common wild rice; red rice,reviewed,Species,Eukaryota; Viridiplantae; Streptophyta; Embryophyta; Tracheophyta; Spermatophyta; Magnoliophyta; Liliopsida; Poales; Poaceae; BOP clade; Oryzoideae; Oryzeae; Oryzinae; Oryza,4527.0,,Oryza rufipogon (Brownbeard rice) (Asian wild rice),Oryza,rufipogon,0
4536,ORYNI,Oryza nivara,Indian wild rice,Oryza sativa f. spontanea,Oryza nivara S.D.Sharma & Shastry; Oryza nivarra; Oryza sativa f. spontanea Roshev. nom. illeg.,reviewed,Forma,Eukaryota; Viridiplantae; Streptophyta; Embryophyta; Tracheophyta; Spermatophyta; Magnoliophyta; Liliopsida; Poales; Poaceae; BOP clade; Oryzoideae; Oryzeae; Oryzinae; Oryza; Oryza sativa,4530.0,,Oryza nivara (Indian wild rice) (Oryza sativa f. spontanea),Oryza,nivara,0
39946,ORYSI,Oryza sativa subsp. indica,Rice,,Indian rice; Indica rice; Oryza sativa (indica cultivar-group); Oryza sativa (indica group); Oryza sativa Indica Group; Oryza sativa indica; Oryza sativa ssp. indica; Oryza sativa subsp. indica Kato; Oryza sp. Poi-6; long-grained rice,reviewed,,Eukaryota; Viridiplantae; Streptophyta; Embryophyta; Tracheophyta; Spermatophyta; Magnoliophyta; Liliopsida; Poales; Poaceae; BOP clade; Oryzoideae; Oryzeae; Oryzinae; Oryza; Oryza sativa,4530.0,,Oryza sativa subsp. indica (Rice),Oryza,sativa,0
39947,ORYSJ,Oryza sativa subsp. japonica,Rice,,Japanese rice; Japonica rice; Oryza sativa (japonica culticar-group); Oryza sativa (japonica cultivar-group); Oryza sativa Japonica Group; Oryza sativa japonica; Oryza sativa ssp. japonica,reviewed,,Eukaryota; Viridiplantae; Streptophyta; Embryophyta; Tracheophyta; Spermatophyta; Magnoliophyta; Liliopsida; Poales; Poaceae; BOP clade; Oryzoideae; Oryzeae; Oryzinae; Oryza; Oryza sativa,4530.0,,Oryza sativa subsp. japonica (Rice),Oryza,sativa,0
4533,ORYBR,Oryza brachyantha,,,Oryza brachyantha A.Chev. & Roehr.; malo sina,annotated,Species,Eukaryota; Viridiplantae; Streptophyta; Embryophyta; Tracheophyta; Spermatophyta; Magnoliophyta; Liliopsida; Poales; Poaceae; BOP clade; Oryzoideae; Oryzeae; Oryzinae; Oryza,4527.0,,Oryza brachyantha,Oryza,brachyantha,0
4537,ORYPU,Oryza punctata,Red rice,,Oryza punctata Kotschy ex Steud.,annotated,Species,Eukaryota; Viridiplantae; Streptophyta; Embryophyta; Tracheophyta; Spermatophyta; Magnoliophyta; Liliopsida; Poales; Poaceae; BOP clade; Oryzoideae; Oryzeae; Oryzinae; Oryza,4527.0,,Oryza punctata (Red rice),Oryza,punctata,0
4538,ORYGL,Oryza glaberrima,African rice,,Oryza glaberrima Steud.,reviewed,Species,Eukaryota; Viridiplantae; Streptophyta; Embryophyta; Tracheophyta; Spermatophyta; Magnoliophyta; Liliopsida; Poales; Poaceae; BOP clade; Oryzoideae; Oryzeae; Oryzinae; Oryza,4527.0,,Oryza glaberrima (African rice),Oryza,glaberrima,0
40148,,Oryza glumipatula,,,Oryza glumaepatula; Oryza glumipatula Steud.,annotated,Species,Eukaryota; Viridiplantae; Streptophyta; Embryophyta; Tracheophyta; Spermatophyta; Magnoliophyta; Liliopsida; Poales; Poaceae; BOP clade; Oryzoideae; Oryzeae; Oryzinae; Oryza,4527.0,,Oryza glumipatula,Oryza,glumipatula,0
40149,,Oryza meridionalis,,,"Australian wild rice; IRRI 101147; IRRI:101147; Oryza meridionales; Oryza meridionalis N.Q.Ng, 1981",annotated,Species,Eukaryota; Viridiplantae; Streptophyta; Embryophyta; Tracheophyta; Spermatophyta; Magnoliophyta; Liliopsida; Poales; Poaceae; BOP clade; Oryzoideae; Oryzeae; Oryzinae; Oryza,4527.0,,Oryza meridionalis,Oryza,meridionalis,0
65489,,Oryza barthii,,,African wild rice; Oryza barthii A.Chev.; Oryza breviligulata; Oryza breviligulata A.Chev. & Roehr.,annotated,Species,Eukaryota; Viridiplantae; Streptophyta; Embryophyta; Tracheophyta; Spermatophyta; Magnoliophyta; Liliopsida; Poales; Poaceae; BOP clade; Oryzoideae; Oryzeae; Oryzinae; Oryza,4527.0,,Oryza barthii,Oryza,barthii,0
4558,SORBI,Sorghum bicolor,Sorghum,Sorghum vulgare,Andropogon sorghum; Andropogon sorghum (L.) Brot.; Sorghum bicolor (L.) Moench; Sorghum bicolor milo; Sorghum bicolor subsp. bicolor; Sorghum nervosum; Sorghum nervosum Besser ex Schult.; Sorghum saccharatum; Sorghum saccharatum (L.) Moench; Sorghum vulgare Pers.; Sorghum_bicolor; broomcorn; milo,reviewed,Species,Eukaryota; Viridiplantae; Streptophyta; Embryophyta; Tracheophyta; Spermatophyta; Magnoliophyta; Liliopsida; Poales; Poaceae; PACMAD clade; Panicoideae; Andropogonodae; Andropogoneae; Sorghinae; Sorghum,4557.0,,Sorghum bicolor (Sorghum) (Sorghum vulgare),Sorghum,bicolor,0
131158,,Saccharum hybrid cultivar R570,,,,annotated,,Eukaryota; Viridiplantae; Streptophyta; Embryophyta; Tracheophyta; Spermatophyta; Magnoliophyta; Liliopsida; Poales; Poaceae; PACMAD clade; Panicoideae; Andropogonodae; Andropogoneae; Saccharinae; Saccharum; Saccharum officinarum complex,128810.0,,Saccharum hybrid cultivar R570,Saccharum,hybrid,0
77586,,Leersia perrieri,,,Leersia perrieri (A.Camus) Launert,annotated,Species,Eukaryota; Viridiplantae; Streptophyta; Embryophyta; Tracheophyta; Spermatophyta; Magnoliophyta; Liliopsida; Poales; Poaceae; BOP clade; Oryzoideae; Oryzeae; Oryzinae; Leersia,35711.0,,Leersia perrieri,Leersia,perrieri,0
4540,PANMI,Panicum miliaceum,Proso millet,Broomcorn millet,Panicum miliaceum L.; broom millet; common millet,reviewed,Species,Eukaryota; Viridiplantae; Streptophyta; Embryophyta; Tracheophyta; Spermatophyta; Magnoliophyta; Liliopsida; Poales; Poaceae; PACMAD clade; Panicoideae; Panicodae; Paniceae; Panicinae; Panicum,4539.0,,Panicum miliaceum (Proso millet) (Broomcorn millet),Panicum,miliaceum,0
4577,MAIZE,Zea mays,Maize,,Zea mays L.; Zea mays mays; Zea mays var. japonica,reviewed,Species,Eukaryota; Viridiplantae; Streptophyta; Embryophyta; Tracheophyta; Spermatophyta; Magnoliophyta; Liliopsida; Poales; Poaceae; PACMAD clade; Panicoideae; Andropogonodae; Andropogoneae; Tripsacinae; Zea,4575.0,,Zea mays (Maize),Zea,mays,0
112509,HORVV,Hordeum vulgare subsp. vulgare,Domesticated barley,,Hordeum sativum; Hordeum sativum Jess.; Hordeum vulgare var. nudum; Hordeum vulgare var. nudum Spenn.; Hordeum vulgare var. vulgare; two-rowed barley,reviewed,Subspecies,Eukaryota; Viridiplantae; Streptophyta; Embryophyta; Tracheophyta; Spermatophyta; Magnoliophyta; Liliopsida; Poales; Poaceae; BOP clade; Pooideae; Triticodae; Triticeae; Hordeinae; Hordeum,4513.0,,Hordeum vulgare subsp. vulgare (Domesticated barley),Hordeum,vulgare,0
4555,SETIT,Setaria italica,Foxtail millet,Panicum italicum,Chaetochloa italica; Chaetochloa italica (L.) Scribn.; Panicum italicum L.; Setaria italica (L.) P.Beauv.; Setaria viridis subsp. italica; Setaria viridis subsp. italica (L.) Briq.,reviewed,Species,Eukaryota; Viridiplantae; Streptophyta; Embryophyta; Tracheophyta; Spermatophyta; Magnoliophyta; Liliopsida; Poales; Poaceae; PACMAD clade; Panicoideae; Panicodae; Paniceae; Cenchrinae; Setaria,4554.0,,Setaria italica (Foxtail millet) (Panicum italicum),Setaria,italica,0
4556,SETVI,Setaria viridis,Green bristlegrass,Setaria italica subsp. viridis,Setaria viridis (L.) P.Beauv.; Seteria viridis; setaria virid,reviewed,Species,Eukaryota; Viridiplantae; Streptophyta; Embryophyta; Tracheophyta; Spermatophyta; Magnoliophyta; Liliopsida; Poales; Poaceae; PACMAD clade; Panicoideae; Panicodae; Paniceae; Cenchrinae; Setaria,4554.0,,Setaria viridis (Green bristlegrass) (Setaria italica subsp. viridis),Setaria,viridis,0
37682,AEGTA,Aegilops tauschii,Tausch's goatgrass,Aegilops squarrosa,"Aegilops squarrosa auct., non L., 1753; Aegilops squarrosa subsp. squarrosa; Aegilops tauschii Coss.; Aegilopsm tauschii; Patropyrum tauschii; Patropyrum tauschii (Coss.) A.Love; Patropyrum tauschii subsp. tauschii; Triticum aegilops; Triticum aegilops P.Beauv. ex Roem. & Schult.; Triticum tauschii; Triticum tauschii (Coss.) Schmalh.",reviewed,Species,Eukaryota; Viridiplantae; Streptophyta; Embryophyta; Tracheophyta; Spermatophyta; Magnoliophyta; Liliopsida; Poales; Poaceae; BOP clade; Pooideae; Triticodae; Triticeae; Triticinae; Aegilops,4480.0,,Aegilops tauschii (Tausch's goatgrass) (Aegilops squarrosa),Aegilops,tauschii,0
200361,AEGTS,Aegilops tauschii subsp. strangulata,Goatgrass,,Aegilops tauschii subsp. strangulata (Eig) Tzvelev,reviewed,Subspecies,Eukaryota; Viridiplantae; Streptophyta; Embryophyta; Tracheophyta; Spermatophyta; Magnoliophyta; Liliopsida; Poales; Poaceae; BOP clade; Pooideae; Triticodae; Triticeae; Triticinae; Aegilops,37682.0,,Aegilops tauschii subsp. strangulata (Goatgrass),Aegilops,tauschii,0
888268,,Dichanthelium oligosanthes,,,Dichanthelium oligosanthes (Schult.) Gould; Panicum oligosanthes; Panicum oligosanthes Schult.,annotated,Species,Eukaryota; Viridiplantae; Streptophyta; Embryophyta; Tracheophyta; Spermatophyta; Magnoliophyta; Liliopsida; Poales; Poaceae; PACMAD clade; Panicoideae; Panicodae; Paniceae; Dichantheliinae; Dichanthelium,161620.0,,Dichanthelium oligosanthes,Dichanthelium,oligosanthes,0
4565,WHEAT,Triticum aestivum,Wheat,,"Canadian hard winter wheat; Tricum aestivum; Triticum aestivam; Triticum aestivum L.; Triticum aestivum subsp. aestivum; Triticum aestivum8; Triticum vulgare; Triticum vulgare L.; Triticum vulgare Vill., nom. illeg.; bread wheat; common wheat",reviewed,Species,Eukaryota; Viridiplantae; Streptophyta; Embryophyta; Tracheophyta; Spermatophyta; Magnoliophyta; Liliopsida; Poales; Poaceae; BOP clade; Pooideae; Triticodae; Triticeae; Triticinae; Triticum,4564.0,,Triticum aestivum (Wheat),Triticum,aestivum,0
4567,TRITD,Triticum turgidum subsp. durum,Durum wheat,Triticum durum,Triticum durum Desf.; Triticum durum ssp. durum; Triticum durum subsp. durum; Triticum rigidum conv. durum; Triticum rigidum ssp. durum; Triticum rigidum var. durum; Triticum turgidum Durum Group; Triticum turgidum subsp. durum (Desf.) Husn.; duri wheat,reviewed,Subspecies,Eukaryota; Viridiplantae; Streptophyta; Embryophyta; Tracheophyta; Spermatophyta; Magnoliophyta; Liliopsida; Poales; Poaceae; BOP clade; Pooideae; Triticodae; Triticeae; Triticinae; Triticum,4571.0,,Triticum turgidum subsp. durum (Durum wheat) (Triticum durum),Triticum,turgidum,0
4572,TRIUA,Triticum urartu,Red wild einkorn,Crithodium urartu,Triticum urartu Tumanian ex Gandilyan,reviewed,Species,Eukaryota; Viridiplantae; Streptophyta; Embryophyta; Tracheophyta; Spermatophyta; Magnoliophyta; Liliopsida; Poales; Poaceae; BOP clade; Pooideae; Triticodae; Triticeae; Triticinae; Triticum,4564.0,,Triticum urartu (Red wild einkorn) (Crithodium urartu),Triticum,urartu,0
71139,EUCGR,Eucalyptus grandis,Flooded gum,,Eucalyptus grandis W.Hill ex Maiden; rose gum,annotated,Species,Eukaryota; Viridiplantae; Streptophyta; Embryophyta; Tracheophyta; Spermatophyta; Magnoliophyta; eudicotyledons; Gunneridae; Pentapetalae; rosids; malvids; Myrtales; Myrtaceae; Myrtoideae; Eucalypteae; Eucalyptus,3932.0,,Eucalyptus grandis (Flooded gum),Eucalyptus,grandis,0
472368,,Dorcoceras hygrometricum,,,Boea hygrometrica; Boea hygrometrica (Bunge) R.Br.; Dorcoceras hygrometrica; Dorcoceras hygrometricum Bunge,annotated,Species,Eukaryota; Viridiplantae; Streptophyta; Embryophyta; Tracheophyta; Spermatophyta; Magnoliophyta; eudicotyledons; Gunneridae; Pentapetalae; asterids; lamiids; Lamiales; Gesneriaceae; Didymocarpoideae; Trichosporeae; Loxocarpinae; Dorcoceras,1803640.0,,Dorcoceras hygrometricum,Dorcoceras,hygrometricum,0
3562,SPIOL,Spinacia oleracea,Spinach,,Spinacea oleracea; Spinacia oleracea L; Spinacia oleracea L.; Spinacia oleracea0; spinach oleracea,reviewed,Species,Eukaryota; Viridiplantae; Streptophyta; Embryophyta; Tracheophyta; Spermatophyta; Magnoliophyta; eudicotyledons; Gunneridae; Pentapetalae; Caryophyllales; Chenopodiaceae; Chenopodioideae; Anserineae; Spinacia,3561.0,,Spinacia oleracea (Spinach),Spinacia,oleracea,0
132261,,Cuscuta campestris,,,Cuscuta campestris Yunck.; field dodder,annotated,Species,Eukaryota; Viridiplantae; Streptophyta; Embryophyta; Tracheophyta; Spermatophyta; Magnoliophyta; eudicotyledons; Gunneridae; Pentapetalae; asterids; lamiids; Solanales; Convolvulaceae; Cuscuteae; Cuscuta; Grammica; Cuscuta sect. Cleistogrammica,1824901.0,,Cuscuta campestris,Cuscuta,campestris,0
267555,,Cuscuta australis,,,Cuscuta australis R.Br.,annotated,Species,Eukaryota; Viridiplantae; Streptophyta; Embryophyta; Tracheophyta; Spermatophyta; Magnoliophyta; eudicotyledons; Gunneridae; Pentapetalae; asterids; lamiids; Solanales; Convolvulaceae; Cuscuteae; Cuscuta; Grammica; Cuscuta sect. Cleistogrammica,1824901.0,,Cuscuta australis,Cuscuta,australis,0
79200,,Daucus carota subsp. sativus,,,Daucus carota subsp. sativa; Daucus carota subsp. sativus (Hoffm.) Arcang.; Daucus carota var. sativus,annotated,Subspecies,Eukaryota; Viridiplantae; Streptophyta; Embryophyta; Tracheophyta; Spermatophyta; Magnoliophyta; eudicotyledons; Gunneridae; Pentapetalae; asterids; campanulids; Apiales; Apiaceae; Apioideae; Scandiceae; Daucinae; Daucus; Daucus sect. Daucus,4039.0,,Daucus carota subsp. sativus (Carrot),Daucus,carota,0
4615,ANACO,Ananas comosus,Pineapple,Ananas ananas,"Ananas comosus (L.) Merr., 1917; Ananas comosus var. comosus; Ananas lucidus; Ananas lucidus Mill., 1754",reviewed,Species,Eukaryota; Viridiplantae; Streptophyta; Embryophyta; Tracheophyta; Spermatophyta; Magnoliophyta; Liliopsida; Poales; Bromeliaceae; Bromelioideae; Ananas,4614.0,,Ananas comosus (Pineapple) (Ananas ananas),Ananas,comosus,0
49390,COFCA,Coffea canephora,Robusta coffee,,Coffea canephora Pierre ex A.Froehner; Coffea canephora var. robusta; Coffea canephora var. robusta (L.Linden) A.Chev.; Coffea robusta; Coffea robusta L.Linden,reviewed,Species,Eukaryota; Viridiplantae; Streptophyta; Embryophyta; Tracheophyta; Spermatophyta; Magnoliophyta; eudicotyledons; Gunneridae; Pentapetalae; asterids; lamiids; Gentianales; Rubiaceae; Ixoroideae; Gardenieae complex; Bertiereae - Coffeeae clade; Coffeeae; Coffea,13442.0,,Coffea canephora (Robusta coffee),Coffea,canephora,0
180675,SALSN,Salvia splendens,Scarlet sage,,Salvia splendens Ker Gawl.; bonfire salvia,reviewed,Species,Eukaryota; Viridiplantae; Streptophyta; Embryophyta; Tracheophyta; Spermatophyta; Magnoliophyta; eudicotyledons; Gunneridae; Pentapetalae; asterids; lamiids; Lamiales; Lamiaceae; Nepetoideae; Mentheae; Salvia; Calosphace; core Calosphace,2026556.0,,Salvia splendens (Scarlet sage),Salvia,splendens,0
2094558,,Prunus yedoensis var. nudiflora,,,"Prunus yedoensis var. nudiflora Koehne, 1912",annotated,Varietas,Eukaryota; Viridiplantae; Streptophyta; Embryophyta; Tracheophyta; Spermatophyta; Magnoliophyta; eudicotyledons; Gunneridae; Pentapetalae; rosids; fabids; Rosales; Rosaceae; Amygdaloideae; Amygdaleae; Prunus,3759.0,,Prunus yedoensis var. nudiflora,Prunus,yedoensis,0
206008,,Panicum hallii,,,Panicum hallii Vasey,annotated,Species,Eukaryota; Viridiplantae; Streptophyta; Embryophyta; Tracheophyta; Spermatophyta; Magnoliophyta; Liliopsida; Poales; Poaceae; PACMAD clade; Panicoideae; Panicodae; Paniceae; Panicinae; Panicum; Panicum sect. Panicum,2100772.0,,Panicum hallii,Panicum,hallii,0
1504633,,Panicum hallii var. hallii,,,,annotated,Varietas,Eukaryota; Viridiplantae; Streptophyta; Embryophyta; Tracheophyta; Spermatophyta; Magnoliophyta; Liliopsida; Poales; Poaceae; PACMAD clade; Panicoideae; Panicodae; Paniceae; Panicinae; Panicum; Panicum sect. Panicum,206008.0,,Panicum hallii var. hallii,Panicum,hallii,0
3871,LUPAN,Lupinus angustifolius,Narrow-leaved blue lupine,,Lupinus angustifolius L.,reviewed,Species,Eukaryota; Viridiplantae; Streptophyta; Embryophyta; Tracheophyta; Spermatophyta; Magnoliophyta; eudicotyledons; Gunneridae; Pentapetalae; rosids; fabids; Fabales; Fabaceae; Papilionoideae; 50 kb inversion clade; genistoids sensu lato; core genistoids; Genisteae; Lupinus,3869.0,,Lupinus angustifolius (Narrow-leaved blue lupine),Lupinus,angustifolius,0
3818,ARAHY,Arachis hypogaea,Peanut,,Arachis hypogaea L.; Arachis hypogea; goober; ground-nut,reviewed,Species,Eukaryota; Viridiplantae; Streptophyta; Embryophyta; Tracheophyta; Spermatophyta; Magnoliophyta; eudicotyledons; Gunneridae; Pentapetalae; rosids; fabids; Fabales; Fabaceae; Papilionoideae; 50 kb inversion clade; dalbergioids sensu lato; Dalbergieae; Pterocarpus clade; Arachis,3817.0,,Arachis hypogaea (Peanut),Arachis,hypogaea,0
3827,CICAR,Cicer arietinum,Chickpea,Garbanzo,Cicer arietinum L.,reviewed,Species,Eukaryota; Viridiplantae; Streptophyta; Embryophyta; Tracheophyta; Spermatophyta; Magnoliophyta; eudicotyledons; Gunneridae; Pentapetalae; rosids; fabids; Fabales; Fabaceae; Papilionoideae; 50 kb inversion clade; NPAAA clade; Hologalegina; IRL clade; Cicereae; Cicer,3826.0,,Cicer arietinum (Chickpea) (Garbanzo),Cicer,arietinum,0
3880,MEDTR,Medicago truncatula,Barrel medic,Medicago tribuloides,Medicago truncatula Gaertn.; Medicago_truncatula,reviewed,Species,Eukaryota; Viridiplantae; Streptophyta; Embryophyta; Tracheophyta; Spermatophyta; Magnoliophyta; eudicotyledons; Gunneridae; Pentapetalae; rosids; fabids; Fabales; Fabaceae; Papilionoideae; 50 kb inversion clade; NPAAA clade; Hologalegina; IRL clade; Trifolieae; Medicago,3877.0,,Medicago truncatula (Barrel medic) (Medicago tribuloides),Medicago,truncatula,0
157652,MUCPR,Mucuna pruriens,Velvet bean,Dolichos pruriens,Mucuna prueriens; Mucuna pruriens (L.) DC.; Mucuna sp. MR-2013; Stizolobium pruriens; Stizolobium pruriens (L.) Medik.,annotated,Species,Eukaryota; Viridiplantae; Streptophyta; Embryophyta; Tracheophyta; Spermatophyta; Magnoliophyta; eudicotyledons; Gunneridae; Pentapetalae; rosids; fabids; Fabales; Fabaceae; Papilionoideae; 50 kb inversion clade; NPAAA clade; indigoferoid/millettioid clade; Phaseoleae; Mucuna,40336.0,,Mucuna pruriens (Velvet bean) (Dolichos pruriens),Mucuna,pruriens,0
29760,VITVI,Vitis vinifera,Grape,,Vitis vinifera L.; Vitis vinifera subsp. vinifera; wine grape,reviewed,Species,Eukaryota; Viridiplantae; Streptophyta; Embryophyta; Tracheophyta; Spermatophyta; Magnoliophyta; eudicotyledons; Gunneridae; Pentapetalae; rosids; Vitales; Vitaceae; Viteae; Vitis,3603.0,,Vitis vinifera (Grape),Vitis,vinifera,0
