Organism,Linkers,Occurrences
Capsicum annuum (Bell pepper),DPNNP,196
Capsicum annuum (Bell pepper),EGNAE,123
Capsicum annuum (Bell pepper),DPNHP,13
Capsicum annuum (Bell pepper),EASAE,10
Capsicum annuum (Bell pepper),DPKNP,6
Capsicum annuum (Bell pepper),EGSAE,6
Capsicum annuum (Bell pepper),GLAKI,6
Capsicum annuum (Bell pepper),QGETL,6
Capsicum annuum (Bell pepper),GPNNP,3
Capsicum annuum (Bell pepper),DPRKP,2
Capsicum annuum (Bell pepper),DPRKT,2
Capsicum annuum (Bell pepper),EENAE,2
Capsicum annuum (Bell pepper),EGKTI,2
Capsicum annuum (Bell pepper),EGSPK,2
Capsicum annuum (Bell pepper),GSTKL,2
Capsicum annuum (Bell pepper),DPNNS,1
Capsicum annuum (Bell pepper),DPNSP,1
Capsicum annuum (Bell pepper),DPNTP,1
Capsicum annuum (Bell pepper),EGGAE,1
Capsicum annuum (Bell pepper),EGNVE,1
Capsicum annuum (Bell pepper),GGNAE,1
Capsicum annuum (Bell pepper),GGNTI,1
Capsicum annuum (Bell pepper),GRNTI,1
Capsicum annuum (Bell pepper),HPNNP,1
Capsicum baccatum (Peruvian pepper),DPNNP,6
Capsicum baccatum (Peruvian pepper),EGNAE,3
Capsicum baccatum (Peruvian pepper),EASAE,2
Capsicum baccatum (Peruvian pepper),DPKEGP,1
Capsicum baccatum (Peruvian pepper),DPKNP,1
Capsicum baccatum (Peruvian pepper),DPNHP,1
Capsicum baccatum (Peruvian pepper),DPRKP,1
Capsicum baccatum (Peruvian pepper),EGKTI,1
Capsicum baccatum (Peruvian pepper),EGSAE,1
Capsicum baccatum (Peruvian pepper),EGSAK,1
Capsicum baccatum (Peruvian pepper),EGSPK,1
Capsicum baccatum (Peruvian pepper),GLAKI,1
Capsicum baccatum (Peruvian pepper),QGETL,1
Capsicum chinense (Scotch bonnet) (Bonnet pepper),DPNNP,6
Capsicum chinense (Scotch bonnet) (Bonnet pepper),DPKNP,3
Capsicum chinense (Scotch bonnet) (Bonnet pepper),EGNAE,3
Capsicum chinense (Scotch bonnet) (Bonnet pepper),EASAE,2
Capsicum chinense (Scotch bonnet) (Bonnet pepper),DPKEGP,1
Capsicum chinense (Scotch bonnet) (Bonnet pepper),DPNHP,1
Capsicum chinense (Scotch bonnet) (Bonnet pepper),DPRKP,1
Capsicum chinense (Scotch bonnet) (Bonnet pepper),DPRKT,1
Capsicum chinense (Scotch bonnet) (Bonnet pepper),EGKTI,1
Capsicum chinense (Scotch bonnet) (Bonnet pepper),EGNTE,1
Capsicum chinense (Scotch bonnet) (Bonnet pepper),EGSAK,1
Capsicum chinense (Scotch bonnet) (Bonnet pepper),EGSPK,1
Capsicum chinense (Scotch bonnet) (Bonnet pepper),GGNTI,1
Capsicum chinense (Scotch bonnet) (Bonnet pepper),GLAKI,1
Capsicum chinense (Scotch bonnet) (Bonnet pepper),GSTKL,1
Capsicum chinense (Scotch bonnet) (Bonnet pepper),QGETL,1
Nicotiana acuminata (Acuminate tobacco),DPRNP,6
Nicotiana acuminata (Acuminate tobacco),EEKDN,4
Nicotiana acuminata (Acuminate tobacco),EEKNN,2
Nicotiana acuminata (Acuminate tobacco),EEKKN,1
Nicotiana alata (Winged tobacco) (Persian tobacco),EEKKN,10
Nicotiana alata (Winged tobacco) (Persian tobacco),DPRNP,5
Nicotiana alata (Winged tobacco) (Persian tobacco),DPKNP,3
Nicotiana attenuata (Coyote tobacco),DPRNP,18
Nicotiana attenuata (Coyote tobacco),EEKKN,18
Nicotiana attenuata (Coyote tobacco),DLRNP,2
Nicotiana attenuata (Coyote tobacco),EEKNN,2
Nicotiana attenuata (Coyote tobacco),DPKNP,1
Nicotiana attenuata (Coyote tobacco),EEKDN,1
Nicotiana attenuata (Coyote tobacco),EGETI,1
Nicotiana attenuata (Coyote tobacco),ESDEP,1
Nicotiana attenuata (Coyote tobacco),GDEQI,1
Nicotiana attenuata (Coyote tobacco),GLVKI,1
Nicotiana benthamiana,DPRNP,3
Nicotiana benthamiana,EEKKN,3
Nicotiana benthamiana,EEKTN,1
Nicotiana cavicola,EEKKN,2
Nicotiana cavicola,DPRNP,1
Nicotiana clevelandii (Wild tobacco),DPRNP,5
Nicotiana clevelandii (Wild tobacco),EEKKN,3
Nicotiana clevelandii (Wild tobacco),EEKKD,2
Nicotiana clevelandii (Wild tobacco),EEKDN,1
Nicotiana corymbosa,DPRNP,1
Nicotiana corymbosa,EEKDN,1
Nicotiana corymbosa,EEKKN,1
Nicotiana glutinosa (Tobacco),EEKKN,6
Nicotiana glutinosa (Tobacco),EEKNN,6
Nicotiana glutinosa (Tobacco),DPKNP,4
Nicotiana glutinosa (Tobacco),DPRNP,4
Nicotiana glutinosa (Tobacco),GPKNP,4
Nicotiana glutinosa (Tobacco),EEKKT,2
Nicotiana linearis,DPRNP,3
Nicotiana linearis,EEKKN,2
Nicotiana linearis,DPKNP,1
Nicotiana linearis,EEKNN,1
Nicotiana linearis,EETKN,1
Nicotiana linearis,EKEDN,1
Nicotiana megalosiphon,DPRNP,4
Nicotiana megalosiphon,EEKKN,3
Nicotiana megalosiphon,EEKKS,1
Nicotiana megalosiphon,EEKTN,1
Nicotiana miersii,EEKKN,5
Nicotiana miersii,DPRNP,4
Nicotiana miersii,DPKNP,1
Nicotiana miersii,EAKKN,1
Nicotiana obtusifolia,DPRNP,10
Nicotiana obtusifolia,EEKKN,10
Nicotiana obtusifolia,EEKKD,6
Nicotiana obtusifolia,DPINP,2
Nicotiana obtusifolia,DPKNP,2
Nicotiana occidentalis subsp. hesperis,DPRNP,5
Nicotiana occidentalis subsp. hesperis,EEKKN,5
Nicotiana occidentalis subsp. hesperis,EEKTN,1
Nicotiana pauciflora,EEKKN,6
Nicotiana pauciflora,DPRNP,5
Nicotiana quadrivalvis,DPRNP,5
Nicotiana quadrivalvis,EEKKN,3
Nicotiana quadrivalvis,EEKKD,2
Nicotiana quadrivalvis,EEKDN,1
Nicotiana repanda,DPRNP,4
Nicotiana repanda,EEKKN,3
Nicotiana repanda,DPNNP,1
Nicotiana repanda,EEKTN,1
Nicotiana repanda,KEKKN,1
Nicotiana repanda,QEKKN,1
Nicotiana rustica (Aztec tobacco),DPRNP,6
Nicotiana rustica (Aztec tobacco),EEKKN,5
Nicotiana rustica (Aztec tobacco),EEKKD,2
Nicotiana simulans,DPRNP,4
Nicotiana simulans,EEKKN,4
Nicotiana simulans,EEKTN,1
Nicotiana spegazzinii,EEKKN,3
Nicotiana spegazzinii,DPRNP,2
Nicotiana spegazzinii,DPKNP,1
Nicotiana spegazzinii,DPTNP,1
Nicotiana spegazzinii,EEKNN,1
Nicotiana spegazzinii,EKEDN,1
Nicotiana sylvestris (Wood tobacco) (South American tobacco),DPRNP,23
Nicotiana sylvestris (Wood tobacco) (South American tobacco),EEKKN,19
Nicotiana sylvestris (Wood tobacco) (South American tobacco),EEKDN,2
Nicotiana sylvestris (Wood tobacco) (South American tobacco),EEKNN,2
Nicotiana sylvestris (Wood tobacco) (South American tobacco),EKKDN,2
Nicotiana sylvestris (Wood tobacco) (South American tobacco),GNKKF,2
Nicotiana sylvestris (Wood tobacco) (South American tobacco),DPKNP,1
Nicotiana sylvestris (Wood tobacco) (South American tobacco),EGETI,1
Nicotiana sylvestris (Wood tobacco) (South American tobacco),ESDEP,1
Nicotiana sylvestris (Wood tobacco) (South American tobacco),GDEQI,1
Nicotiana sylvestris (Wood tobacco) (South American tobacco),GLVKI,1
Nicotiana sylvestris (Wood tobacco) (South American tobacco),KEKKN,1
Nicotiana tabacum (Common tobacco),DPRNP,38
Nicotiana tabacum (Common tobacco),EEKKN,25
Nicotiana tabacum (Common tobacco),EEKKD,16
Nicotiana tabacum (Common tobacco),DPRNS,7
Nicotiana tabacum (Common tobacco),GNKKF,4
Nicotiana tabacum (Common tobacco),DPKNP,2
Nicotiana tabacum (Common tobacco),EEDKN,2
Nicotiana tabacum (Common tobacco),EEKDN,2
Nicotiana tabacum (Common tobacco),EEKNN,2
Nicotiana tabacum (Common tobacco),EGETI,2
Nicotiana tabacum (Common tobacco),EKEDN,2
Nicotiana tabacum (Common tobacco),ESDEP,2
Nicotiana tabacum (Common tobacco),GDEQI,2
Nicotiana tabacum (Common tobacco),GLVKI,2
Nicotiana tabacum (Common tobacco),KEKDN,1
Nicotiana tabacum (Common tobacco),KEKKN,1
Nicotiana umbratica,EEKKN,5
Nicotiana umbratica,DPRNP,4
Solanum americanum (American black nightshade) (Solanum nodiflorum),EGSPQ,3
Solanum americanum (American black nightshade) (Solanum nodiflorum),EGSPE,2
Solanum americanum (American black nightshade) (Solanum nodiflorum),DPKNP,1
Solanum americanum (American black nightshade) (Solanum nodiflorum),DPRNP,1
Solanum americanum (American black nightshade) (Solanum nodiflorum),EGETI,1
Solanum chacoense (Chaco potato),EGSPE,2
Solanum chacoense (Chaco potato),DPKKP,1
Solanum chacoense (Chaco potato),DPKNP,1
Solanum chacoense (Chaco potato),DPRNP,1
Solanum chacoense (Chaco potato),EGNRV,1
Solanum chacoense (Chaco potato),GSTKL,1
Solanum lycopersicum (Tomato) (Lycopersicon esculentum),DPKRP,5
Solanum lycopersicum (Tomato) (Lycopersicon esculentum),EGSPL,5
Solanum lycopersicum (Tomato) (Lycopersicon esculentum),DPRKP,3
Solanum lycopersicum (Tomato) (Lycopersicon esculentum),ETKRV,3
Solanum lycopersicum (Tomato) (Lycopersicon esculentum),GGKTF,3
Solanum lycopersicum (Tomato) (Lycopersicon esculentum),GLAKL,3
Solanum lycopersicum (Tomato) (Lycopersicon esculentum),QGSPQ,3
Solanum lycopersicum (Tomato) (Lycopersicon esculentum),DPKNP,2
Solanum lycopersicum (Tomato) (Lycopersicon esculentum),EGKTI,2
Solanum lycopersicum (Tomato) (Lycopersicon esculentum),EGSPE,2
Solanum lycopersicum (Tomato) (Lycopersicon esculentum),KISNK,2
Solanum lycopersicum (Tomato) (Lycopersicon esculentum),DNNHG,1
Solanum lycopersicum (Tomato) (Lycopersicon esculentum),DPKKP,1
Solanum lycopersicum (Tomato) (Lycopersicon esculentum),DPRNP,1
Solanum lycopersicum (Tomato) (Lycopersicon esculentum),EGSPK,1
Solanum lycopersicum (Tomato) (Lycopersicon esculentum),EGSPR,1
Solanum lycopersicum (Tomato) (Lycopersicon esculentum),EISNK,1
Solanum lycopersicum (Tomato) (Lycopersicon esculentum),EKDNN,1
Solanum lycopersicum (Tomato) (Lycopersicon esculentum),ESDEP,1
Solanum lycopersicum (Tomato) (Lycopersicon esculentum),GNKKF,1
Solanum melongena (Eggplant) (Aubergine),NPENP,1
Solanum nigrum (Black nightshade),EGSPE,2
Solanum nigrum (Black nightshade),ETKRI,2
Solanum nigrum (Black nightshade),DPKNP,1
Solanum nigrum (Black nightshade),DPRNP,1
Solanum phureja,DPKNP,1
Solanum phureja,EGSPE,1
Solanum tuberosum (Potato),EGSPE,20
Solanum tuberosum (Potato),DPKNP,17
Solanum tuberosum (Potato),DPKKP,13
Solanum tuberosum (Potato),GDEQI,6
Solanum tuberosum (Potato),DPRKP,2
Solanum tuberosum (Potato),DPRNP,2
Solanum tuberosum (Potato),GLAKL,2
Solanum tuberosum (Potato),DLKNP,1
Solanum tuberosum (Potato),EGKTI,1
Solanum tuberosum (Potato),EGNRV,1
Solanum tuberosum (Potato),EGSPK,1
Solanum tuberosum (Potato),EGSPR,1
Solanum tuberosum (Potato),EGSPT,1
Solanum tuberosum (Potato),GGNTL,1
Solanum tuberosum (Potato),GLAKI,1
Solanum tuberosum (Potato),GNKKF,1
Solanum tuberosum (Potato),GSTKL,1
Solanum tuberosum (Potato),HPKNP,1
Solanum tuberosum (Potato),RGKTL,1
